ExtractDate,OrganisationURI,OrganisationLabel,ServiceTypeURI,ServiceTypeLabel,Fleet,Vehicle,Fuel,Dist.Run,MPG,Typ
13/07/2016,http://opendatacommunities.org/id/metropolitan-district-council/leeds,Leeds,http://id.esd.org.uk/subject/7539,Fleet Management,84600,GULLY TANK,7756.47,13848K,5.04,D
13/07/2016,http://opendatacommunities.org/id/metropolitan-district-council/leeds,Leeds,http://id.esd.org.uk/subject/7539,Fleet Management,AY61ESG  ,SMALL VAN ,1079.63,ERROR,,D
13/07/2016,http://opendatacommunities.org/id/metropolitan-district-council/leeds,Leeds,http://id.esd.org.uk/subject/7539,Fleet Management,AY61ESN  ,SMALL VAN ,1209.89,11313M*,42.5,D
13/07/2016,http://opendatacommunities.org/id/metropolitan-district-council/leeds,Leeds,http://id.esd.org.uk/subject/7539,Fleet Management,BD64LFP  ,SMALL VAN ,303.33,2321M*,41,D
13/07/2016,http://opendatacommunities.org/id/metropolitan-district-council/leeds,Leeds,http://id.esd.org.uk/subject/7539,Fleet Management,BD64LHW  ,SMALL VAN ,475.13,3683M*,39.32,D
13/07/2016,http://opendatacommunities.org/id/metropolitan-district-council/leeds,Leeds,http://id.esd.org.uk/subject/7539,Fleet Management,BF15MOV  ,MED VAN   ,753.72,4252M*,28.06,D
13/07/2016,http://opendatacommunities.org/id/metropolitan-district-council/leeds,Leeds,http://id.esd.org.uk/subject/7539,Fleet Management,BF15MTU  ,MED VAN   ,881.89,6204M*,34.16,D
13/07/2016,http://opendatacommunities.org/id/metropolitan-district-council/leeds,Leeds,http://id.esd.org.uk/subject/7539,Fleet Management,BF65ZGZ  ,MED TIPPER,65,ONLY,ONE AUDIT,D
13/07/2016,http://opendatacommunities.org/id/metropolitan-district-council/leeds,Leeds,http://id.esd.org.uk/subject/7539,Fleet Management,BG60KXK  ,MED TIPPER,1838.96,10309M,25.48,D
13/07/2016,http://opendatacommunities.org/id/metropolitan-district-council/leeds,Leeds,http://id.esd.org.uk/subject/7539,Fleet Management,BN13JXL  ,MED TIPPER,934.57,4788M*,24.97,D
13/07/2016,http://opendatacommunities.org/id/metropolitan-district-council/leeds,Leeds,http://id.esd.org.uk/subject/7539,Fleet Management,BN63NSO  ,MED VAN   ,182.45,653M*,23.67,D
13/07/2016,http://opendatacommunities.org/id/metropolitan-district-council/leeds,Leeds,http://id.esd.org.uk/subject/7539,Fleet Management,BT64KJO  ,SMALL VAN ,670.17,5813M*,42.2,D
13/07/2016,http://opendatacommunities.org/id/metropolitan-district-council/leeds,Leeds,http://id.esd.org.uk/subject/7539,Fleet Management,BU14EYS  ,SMALL VAN ,541.87,6402M*,59.58,D
13/07/2016,http://opendatacommunities.org/id/metropolitan-district-council/leeds,Leeds,http://id.esd.org.uk/subject/7539,Fleet Management,3326,LIBRARY BU,1932.83,6715M,15.79,D
13/07/2016,http://opendatacommunities.org/id/metropolitan-district-council/leeds,Leeds,http://id.esd.org.uk/subject/7539,Fleet Management,BX64BFL  ,LARGE VAN ,2521.52,13046M,23.52,D
13/07/2016,http://opendatacommunities.org/id/metropolitan-district-council/leeds,Leeds,http://id.esd.org.uk/subject/7539,Fleet Management,CITY CNT ,MASTER    ,4272.16,KEY,,D
13/07/2016,http://opendatacommunities.org/id/metropolitan-district-council/leeds,Leeds,http://id.esd.org.uk/subject/7539,Fleet Management,CN15MXW  ,SMALL VAN ,1993.9,14252M,32.49,D
13/07/2016,http://opendatacommunities.org/id/metropolitan-district-council/leeds,Leeds,http://id.esd.org.uk/subject/7539,Fleet Management,CN15MXX  ,SMALL VAN ,1046.94,8072M,35.05,D
13/07/2016,http://opendatacommunities.org/id/metropolitan-district-council/leeds,Leeds,http://id.esd.org.uk/subject/7539,Fleet Management,CN15MXY  ,SMALL VAN ,1013.44,ERROR,,D
13/07/2016,http://opendatacommunities.org/id/metropolitan-district-council/leeds,Leeds,http://id.esd.org.uk/subject/7539,Fleet Management,CN15MXZ  ,SMALL VAN ,1084.11,9478M,39.74,D
13/07/2016,http://opendatacommunities.org/id/metropolitan-district-council/leeds,Leeds,http://id.esd.org.uk/subject/7539,Fleet Management,CN15MYA  ,SMALL VAN ,708.74,6546M,41.98,D
13/07/2016,http://opendatacommunities.org/id/metropolitan-district-council/leeds,Leeds,http://id.esd.org.uk/subject/7539,Fleet Management,CN15MYB  ,SMALL VAN ,989.77,8541M,39.22,D
13/07/2016,http://opendatacommunities.org/id/metropolitan-district-council/leeds,Leeds,http://id.esd.org.uk/subject/7539,Fleet Management,CN15MYC  ,SMALL VAN ,1573.96,12873M*,37.64,D
13/07/2016,http://opendatacommunities.org/id/metropolitan-district-council/leeds,Leeds,http://id.esd.org.uk/subject/7539,Fleet Management,CN15MYD  ,SMALL VAN ,976.01,7768M,36.18,D
13/07/2016,http://opendatacommunities.org/id/metropolitan-district-council/leeds,Leeds,http://id.esd.org.uk/subject/7539,Fleet Management,CN15MYF  ,SMALL VAN ,1239.9,9699M,35.56,D
13/07/2016,http://opendatacommunities.org/id/metropolitan-district-council/leeds,Leeds,http://id.esd.org.uk/subject/7539,Fleet Management,CN15MYG  ,SMALL VAN ,1355.28,11512M,38.61,D
13/07/2016,http://opendatacommunities.org/id/metropolitan-district-council/leeds,Leeds,http://id.esd.org.uk/subject/7539,Fleet Management,CN15MYH  ,SMALL VAN ,1193.31,10404M,39.63,D
13/07/2016,http://opendatacommunities.org/id/metropolitan-district-council/leeds,Leeds,http://id.esd.org.uk/subject/7539,Fleet Management,CN15MYJ  ,SMALL VAN ,963.5,8833M,41.67,D
13/07/2016,http://opendatacommunities.org/id/metropolitan-district-council/leeds,Leeds,http://id.esd.org.uk/subject/7539,Fleet Management,CN15MYK  ,SMALL VAN ,539.23,4683M,39.48,D
13/07/2016,http://opendatacommunities.org/id/metropolitan-district-council/leeds,Leeds,http://id.esd.org.uk/subject/7539,Fleet Management,CV12CUG  ,MED TIPPER,2031.44,11108M,24.85,D
13/07/2016,http://opendatacommunities.org/id/metropolitan-district-council/leeds,Leeds,http://id.esd.org.uk/subject/7539,Fleet Management,78023,2 AXLE BIN,3502.3,9629K,7.77,D
13/07/2016,http://opendatacommunities.org/id/metropolitan-district-council/leeds,Leeds,http://id.esd.org.uk/subject/7539,Fleet Management,DK14NJF  ,MED TIPPER,81.39,331M*,41.59,D
13/07/2016,http://opendatacommunities.org/id/metropolitan-district-council/leeds,Leeds,http://id.esd.org.uk/subject/7539,Fleet Management,DK14RYR  ,CAR       ,43.99,ONLY,ONE AUDIT,D
13/07/2016,http://opendatacommunities.org/id/metropolitan-district-council/leeds,Leeds,http://id.esd.org.uk/subject/7539,Fleet Management,DL12MXT  ,LUTON     ,528.99,2815M,24.19,D
13/07/2016,http://opendatacommunities.org/id/metropolitan-district-council/leeds,Leeds,http://id.esd.org.uk/subject/7539,Fleet Management,DOC MAST ,MASTER    ,1077.97,ERROR,,D
13/07/2016,http://opendatacommunities.org/id/metropolitan-district-council/leeds,Leeds,http://id.esd.org.uk/subject/7539,Fleet Management,DP10XWA  ,LARGE VAN ,52.13,376M,32.79,D
13/07/2016,http://opendatacommunities.org/id/metropolitan-district-council/leeds,Leeds,http://id.esd.org.uk/subject/7539,Fleet Management,DX11GMY  ,2 AXLE BIN,3606.28,6650K,5.21,D
13/07/2016,http://opendatacommunities.org/id/metropolitan-district-council/leeds,Leeds,http://id.esd.org.uk/subject/7539,Fleet Management,DX12RHY  ,2 AXLE BIN,2763.5,ERROR,,D
13/07/2016,http://opendatacommunities.org/id/metropolitan-district-council/leeds,Leeds,http://id.esd.org.uk/subject/7539,Fleet Management,DX13GYT  ,TRACTOR   ,861.13,114H*,0.14,D
13/07/2016,http://opendatacommunities.org/id/metropolitan-district-council/leeds,Leeds,http://id.esd.org.uk/subject/7539,Fleet Management,DY63UGN  ,MED VAN   ,124.15,846M,30.97,D
13/07/2016,http://opendatacommunities.org/id/metropolitan-district-council/leeds,Leeds,http://id.esd.org.uk/subject/7539,Fleet Management,E015JCZ  ,SMALL VAN ,594.17,4846M*,40.68,D
13/07/2016,http://opendatacommunities.org/id/metropolitan-district-council/leeds,Leeds,http://id.esd.org.uk/subject/7539,Fleet Management,EA15KWT  ,MED TIPPER,677.7,2928M*,21.45,D
13/07/2016,http://opendatacommunities.org/id/metropolitan-district-council/leeds,Leeds,http://id.esd.org.uk/subject/7539,Fleet Management,EA15KWX  ,MED TIPPER,671.43,2822M*,20.8,D
13/07/2016,http://opendatacommunities.org/id/metropolitan-district-council/leeds,Leeds,http://id.esd.org.uk/subject/7539,Fleet Management,EA64TWW  ,MED VAN   ,446.95,3187M*,35.93,D
13/07/2016,http://opendatacommunities.org/id/metropolitan-district-council/leeds,Leeds,http://id.esd.org.uk/subject/7539,Fleet Management,EK65HTV  ,MED VAN   ,383.52,2169M*,30.95,D
13/07/2016,http://opendatacommunities.org/id/metropolitan-district-council/leeds,Leeds,http://id.esd.org.uk/subject/7539,Fleet Management,ENEH MAS ,MASTER    ,57689.02,KEY,,D
13/07/2016,http://opendatacommunities.org/id/metropolitan-district-council/leeds,Leeds,http://id.esd.org.uk/subject/7539,Fleet Management,EO15VDR  ,SMALL VAN ,641.18,3927M*,30.32,D
13/07/2016,http://opendatacommunities.org/id/metropolitan-district-council/leeds,Leeds,http://id.esd.org.uk/subject/7539,Fleet Management,FL60ADO  ,CAR       ,103.24,914M,40.24,D
13/07/2016,http://opendatacommunities.org/id/metropolitan-district-council/leeds,Leeds,http://id.esd.org.uk/subject/7539,Fleet Management,1100,SMALL VAN ,215.18,1522M*,35.47,D
13/07/2016,http://opendatacommunities.org/id/metropolitan-district-council/leeds,Leeds,http://id.esd.org.uk/subject/7539,Fleet Management,12,CAR       ,33.66,ONLY,ONE AUDIT,D
13/07/2016,http://opendatacommunities.org/id/metropolitan-district-council/leeds,Leeds,http://id.esd.org.uk/subject/7539,Fleet Management,FN62HTP  ,MED TIPPER,2676.61,12970M,22.03,D
13/07/2016,http://opendatacommunities.org/id/metropolitan-district-council/leeds,Leeds,http://id.esd.org.uk/subject/7539,Fleet Management,FN62HTU  ,MED TIPPER,1987.9,8333M,19.05,D
13/07/2016,http://opendatacommunities.org/id/metropolitan-district-council/leeds,Leeds,http://id.esd.org.uk/subject/7539,Fleet Management,GF64WZG  ,SMALL VAN ,699.12,5693M*,39.46,D
13/07/2016,http://opendatacommunities.org/id/metropolitan-district-council/leeds,Leeds,http://id.esd.org.uk/subject/7539,Fleet Management,GN15BYT  ,MINIBUS   ,115.14,227M*,20.58,D
13/07/2016,http://opendatacommunities.org/id/metropolitan-district-council/leeds,Leeds,http://id.esd.org.uk/subject/7539,Fleet Management,78043,MINIBUS   ,478.15,1829M,17.39,D
13/07/2016,http://opendatacommunities.org/id/metropolitan-district-council/leeds,Leeds,http://id.esd.org.uk/subject/7539,Fleet Management,GN58AFK  ,MINIBUS   ,444.21,1754M,17.95,D
13/07/2016,http://opendatacommunities.org/id/metropolitan-district-council/leeds,Leeds,http://id.esd.org.uk/subject/7539,Fleet Management,GN58OZC  ,MINIBUS   ,438.53,2567M,26.61,D
13/07/2016,http://opendatacommunities.org/id/metropolitan-district-council/leeds,Leeds,http://id.esd.org.uk/subject/7539,Fleet Management,78070,MINIBUS   ,749.27,3450M,20.93,D
13/07/2016,http://opendatacommunities.org/id/metropolitan-district-council/leeds,Leeds,http://id.esd.org.uk/subject/7539,Fleet Management,GX63HLW  ,MINIBUS   ,378.65,2011M,24.14,D
13/07/2016,http://opendatacommunities.org/id/metropolitan-district-council/leeds,Leeds,http://id.esd.org.uk/subject/7539,Fleet Management,HWSMAST  ,MASTER    ,7331.33,KEY,,D
13/07/2016,http://opendatacommunities.org/id/metropolitan-district-council/leeds,Leeds,http://id.esd.org.uk/subject/7539,Fleet Management,HWHMAST  ,MASTER    ,1190.15,KEY,,D
13/07/2016,http://opendatacommunities.org/id/metropolitan-district-council/leeds,Leeds,http://id.esd.org.uk/subject/7539,Fleet Management,HG12KJV  ,MED TIPPER,1484.56,6903M,21.14,D
13/07/2016,http://opendatacommunities.org/id/metropolitan-district-council/leeds,Leeds,http://id.esd.org.uk/subject/7539,Fleet Management,HG12KJX  ,MED TIPPER,1861.21,9449M,23.08,D
13/07/2016,http://opendatacommunities.org/id/metropolitan-district-council/leeds,Leeds,http://id.esd.org.uk/subject/7539,Fleet Management,HG12KJY  ,MED TIPPER,2964.76,15560M,23.86,D
13/07/2016,http://opendatacommunities.org/id/metropolitan-district-council/leeds,Leeds,http://id.esd.org.uk/subject/7539,Fleet Management,HG12KKE  ,MED TIPPER,2516.03,16239M,29.34,D
13/07/2016,http://opendatacommunities.org/id/metropolitan-district-council/leeds,Leeds,http://id.esd.org.uk/subject/7539,Fleet Management,LIBMAST  ,MASTER    ,1468.37,KEY,,D
13/07/2016,http://opendatacommunities.org/id/metropolitan-district-council/leeds,Leeds,http://id.esd.org.uk/subject/7539,Fleet Management,HJ12ZPR  ,,129.24,7506M?,ERROR,D
13/07/2016,http://opendatacommunities.org/id/metropolitan-district-council/leeds,Leeds,http://id.esd.org.uk/subject/7539,Fleet Management,HWSMAST1 ,MASTER    ,3062.54,KEY,,D
13/07/2016,http://opendatacommunities.org/id/metropolitan-district-council/leeds,Leeds,http://id.esd.org.uk/subject/7539,Fleet Management,3305,LIBRARY BU,931.78,3452K,10.46,D
13/07/2016,http://opendatacommunities.org/id/metropolitan-district-council/leeds,Leeds,http://id.esd.org.uk/subject/7539,Fleet Management,KM13WUK  ,LARGE VAN ,180.02,613M*,24.19,D
13/07/2016,http://opendatacommunities.org/id/metropolitan-district-council/leeds,Leeds,http://id.esd.org.uk/subject/7539,Fleet Management,KM59YVT  ,LARGE VAN ,1337.49,8420M,28.62,D
13/07/2016,http://opendatacommunities.org/id/metropolitan-district-council/leeds,Leeds,http://id.esd.org.uk/subject/7539,Fleet Management,KM59ZBL  ,MED VAN   ,2050.6,11249M,24.94,D
13/07/2016,http://opendatacommunities.org/id/metropolitan-district-council/leeds,Leeds,http://id.esd.org.uk/subject/7539,Fleet Management,KP65AHG  ,MED VAN   ,229.78,563M*,24.9,D
13/07/2016,http://opendatacommunities.org/id/metropolitan-district-council/leeds,Leeds,http://id.esd.org.uk/subject/7539,Fleet Management,KR12LHT  ,MED TIPPER,1830.6,8962M,22.25,D
13/07/2016,http://opendatacommunities.org/id/metropolitan-district-council/leeds,Leeds,http://id.esd.org.uk/subject/7539,Fleet Management,KR12LLT  ,MED TIPPER,2177.68,12341M,25.76,D
13/07/2016,http://opendatacommunities.org/id/metropolitan-district-council/leeds,Leeds,http://id.esd.org.uk/subject/7539,Fleet Management,KR12LOD  ,MED TIPPER,3083.69,16321M,24.06,D
13/07/2016,http://opendatacommunities.org/id/metropolitan-district-council/leeds,Leeds,http://id.esd.org.uk/subject/7539,Fleet Management,KX13JMU  ,LUTON     ,307.65,1242M*,23.27,D
13/07/2016,http://opendatacommunities.org/id/metropolitan-district-council/leeds,Leeds,http://id.esd.org.uk/subject/7539,Fleet Management,KX63OBJ  ,MED VAN   ,53.99,ONLY,ONE AUDIT,D
13/07/2016,http://opendatacommunities.org/id/metropolitan-district-council/leeds,Leeds,http://id.esd.org.uk/subject/7539,Fleet Management,KX63OBK  ,LARGE VAN ,803.21,4138M,23.42,D
13/07/2016,http://opendatacommunities.org/id/metropolitan-district-council/leeds,Leeds,http://id.esd.org.uk/subject/7539,Fleet Management,KY10MWZ  ,MED TIPPER,1268.47,9872M,35.38,D
13/07/2016,http://opendatacommunities.org/id/metropolitan-district-council/leeds,Leeds,http://id.esd.org.uk/subject/7539,Fleet Management,KY10NKD  ,MED TIPPER,1331.84,7126M,24.32,D
13/07/2016,http://opendatacommunities.org/id/metropolitan-district-council/leeds,Leeds,http://id.esd.org.uk/subject/7539,Fleet Management,LMAST6   ,MASTER    ,3385.61,KEY,,D
13/07/2016,http://opendatacommunities.org/id/metropolitan-district-council/leeds,Leeds,http://id.esd.org.uk/subject/7539,Fleet Management,LMAST3   ,MASTER    ,446.54,KEY,,D
13/07/2016,http://opendatacommunities.org/id/metropolitan-district-council/leeds,Leeds,http://id.esd.org.uk/subject/7539,Fleet Management,LMAST2   ,MASTER    ,789.75,KEY,,D
13/07/2016,http://opendatacommunities.org/id/metropolitan-district-council/leeds,Leeds,http://id.esd.org.uk/subject/7539,Fleet Management,LC10LNA  ,SMALL VAN ,818.62,4928M,27.36,D
13/07/2016,http://opendatacommunities.org/id/metropolitan-district-council/leeds,Leeds,http://id.esd.org.uk/subject/7539,Fleet Management,LC10LND  ,SMALL VAN ,707.01,4269M,27.45,D
13/07/2016,http://opendatacommunities.org/id/metropolitan-district-council/leeds,Leeds,http://id.esd.org.uk/subject/7539,Fleet Management,LC10LNF  ,SMALL VAN ,839.24,5478M,29.67,D
13/07/2016,http://opendatacommunities.org/id/metropolitan-district-council/leeds,Leeds,http://id.esd.org.uk/subject/7539,Fleet Management,LC10LNG  ,SMALL VAN ,494.93,3816M,35.05,D
13/07/2016,http://opendatacommunities.org/id/metropolitan-district-council/leeds,Leeds,http://id.esd.org.uk/subject/7539,Fleet Management,Loan     ,SMALL VAN ,221.33,2377M*,59.03,D
13/07/2016,http://opendatacommunities.org/id/metropolitan-district-council/leeds,Leeds,http://id.esd.org.uk/subject/7539,Fleet Management,LD59ZMX  ,SMALL VAN ,359.13,2188M*,30.56,D
13/07/2016,http://opendatacommunities.org/id/metropolitan-district-council/leeds,Leeds,http://id.esd.org.uk/subject/7539,Fleet Management,LD59ZMY  ,SMALL VAN ,805.74,5646M,31.85,D
13/07/2016,http://opendatacommunities.org/id/metropolitan-district-council/leeds,Leeds,http://id.esd.org.uk/subject/7539,Fleet Management,LD59ZMZ  ,SMALL VAN ,664.76,3902M,26.68,D
13/07/2016,http://opendatacommunities.org/id/metropolitan-district-council/leeds,Leeds,http://id.esd.org.uk/subject/7539,Fleet Management,LD60RDU  ,SMALL VAN ,805.47,5371M,30.31,D
13/07/2016,http://opendatacommunities.org/id/metropolitan-district-council/leeds,Leeds,http://id.esd.org.uk/subject/7539,Fleet Management,LG10UYU  ,SMALL VAN ,646.58,3324M*,24.63,D
13/07/2016,http://opendatacommunities.org/id/metropolitan-district-council/leeds,Leeds,http://id.esd.org.uk/subject/7539,Fleet Management,LG59VNR  ,SMALL VAN ,520.7,2722M,23.76,D
13/07/2016,http://opendatacommunities.org/id/metropolitan-district-council/leeds,Leeds,http://id.esd.org.uk/subject/7539,Fleet Management,78560,SML SWEEPE,4419.51,3157M*,3.3,D
13/07/2016,http://opendatacommunities.org/id/metropolitan-district-council/leeds,Leeds,http://id.esd.org.uk/subject/7539,Fleet Management,78579,SML SWEEPE,2947.15,1926M*,3.09,D
13/07/2016,http://opendatacommunities.org/id/metropolitan-district-council/leeds,Leeds,http://id.esd.org.uk/subject/7539,Fleet Management,78574,SML SWEEPE,3775.41,3168K*,2.4,D
13/07/2016,http://opendatacommunities.org/id/metropolitan-district-council/leeds,Leeds,http://id.esd.org.uk/subject/7539,Fleet Management,78561,SML SWEEPE,1884.51,1986M*,4.9,D
13/07/2016,http://opendatacommunities.org/id/metropolitan-district-council/leeds,Leeds,http://id.esd.org.uk/subject/7539,Fleet Management,78562,SML SWEEPE,358.88,403K*,3.42,D
13/07/2016,http://opendatacommunities.org/id/metropolitan-district-council/leeds,Leeds,http://id.esd.org.uk/subject/7539,Fleet Management,78563,SML SWEEPE,1548.39,1613K*,3.02,D
13/07/2016,http://opendatacommunities.org/id/metropolitan-district-council/leeds,Leeds,http://id.esd.org.uk/subject/7539,Fleet Management,78564,SML SWEEPE,1749.55,2583M*,6.84,D
13/07/2016,http://opendatacommunities.org/id/metropolitan-district-council/leeds,Leeds,http://id.esd.org.uk/subject/7539,Fleet Management,78565,SML SWEEPE,2328.49,2206M*,4.38,D
13/07/2016,http://opendatacommunities.org/id/metropolitan-district-council/leeds,Leeds,http://id.esd.org.uk/subject/7539,Fleet Management,78566DD  ,SML SWEEPE,2523.98,2846M*,5.21,D
13/07/2016,http://opendatacommunities.org/id/metropolitan-district-council/leeds,Leeds,http://id.esd.org.uk/subject/7539,Fleet Management,78569,SML SWEEPE,2310.91,2443M*,4.86,D
13/07/2016,http://opendatacommunities.org/id/metropolitan-district-council/leeds,Leeds,http://id.esd.org.uk/subject/7539,Fleet Management,78570,SML SWEEPE,1790.27,1789K*,2.89,D
13/07/2016,http://opendatacommunities.org/id/metropolitan-district-council/leeds,Leeds,http://id.esd.org.uk/subject/7539,Fleet Management,78571,SML SWEEPE,913.48,3399K*,10.68,D
13/07/2016,http://opendatacommunities.org/id/metropolitan-district-council/leeds,Leeds,http://id.esd.org.uk/subject/7539,Fleet Management,78572,SML SWEEPE,1036.17,1095K*,3.09,D
13/07/2016,http://opendatacommunities.org/id/metropolitan-district-council/leeds,Leeds,http://id.esd.org.uk/subject/7539,Fleet Management,78573,SML SWEEPE,1417.48,1912K*,3.9,D
13/07/2016,http://opendatacommunities.org/id/metropolitan-district-council/leeds,Leeds,http://id.esd.org.uk/subject/7539,Fleet Management,78575,SML SWEEPE,3651.02,4041M*,5.09,D
13/07/2016,http://opendatacommunities.org/id/metropolitan-district-council/leeds,Leeds,http://id.esd.org.uk/subject/7539,Fleet Management,78576,SML SWEEPE,3192.9,3733M*,5.34,D
13/07/2016,http://opendatacommunities.org/id/metropolitan-district-council/leeds,Leeds,http://id.esd.org.uk/subject/7539,Fleet Management,78577,SML SWEEPE,3997.88,3635M*,4.17,D
13/07/2016,http://opendatacommunities.org/id/metropolitan-district-council/leeds,Leeds,http://id.esd.org.uk/subject/7539,Fleet Management,78578,SML SWEEPE,2754.27,2026M*,3.37,D
13/07/2016,http://opendatacommunities.org/id/metropolitan-district-council/leeds,Leeds,http://id.esd.org.uk/subject/7539,Fleet Management,78552,SWEEPER   ,9984.93,11894K*,3.38,D
13/07/2016,http://opendatacommunities.org/id/metropolitan-district-council/leeds,Leeds,http://id.esd.org.uk/subject/7539,Fleet Management,78554,SWEEPER   ,3384.93,7420K*,6.26,D
13/07/2016,http://opendatacommunities.org/id/metropolitan-district-council/leeds,Leeds,http://id.esd.org.uk/subject/7539,Fleet Management,78555,SWEEPER   ,1385.81,1837M*,6.17,D
13/07/2016,http://opendatacommunities.org/id/metropolitan-district-council/leeds,Leeds,http://id.esd.org.uk/subject/7539,Fleet Management,78551,SWEEPER   ,6404.74,16291M*,11.65,D
13/07/2016,http://opendatacommunities.org/id/metropolitan-district-council/leeds,Leeds,http://id.esd.org.uk/subject/7539,Fleet Management,78556,SWEEPER   ,9183.61,13220K*,4.09,D
13/07/2016,http://opendatacommunities.org/id/metropolitan-district-council/leeds,Leeds,http://id.esd.org.uk/subject/7539,Fleet Management,78557,SWEEPER   ,8601.23,12063K*,3.98,D
13/07/2016,http://opendatacommunities.org/id/metropolitan-district-council/leeds,Leeds,http://id.esd.org.uk/subject/7539,Fleet Management,78558,SWEEPER   ,7849.96,15479K*,5.59,D
13/07/2016,http://opendatacommunities.org/id/metropolitan-district-council/leeds,Leeds,http://id.esd.org.uk/subject/7539,Fleet Management,78559,SWEEPER   ,3208.62,4222K*,3.76,D
13/07/2016,http://opendatacommunities.org/id/metropolitan-district-council/leeds,Leeds,http://id.esd.org.uk/subject/7539,Fleet Management,785600,SWEEPER   ,10050.51,11168M*,5.07,D
13/07/2016,http://opendatacommunities.org/id/metropolitan-district-council/leeds,Leeds,http://id.esd.org.uk/subject/7539,Fleet Management,SSE MASTE,MASTER    ,25364.3,54617M*,9.96,D
13/07/2016,http://opendatacommunities.org/id/metropolitan-district-council/leeds,Leeds,http://id.esd.org.uk/subject/7539,Fleet Management,419,WELFARE   ,219.65,698M*,18.95,D
13/07/2016,http://opendatacommunities.org/id/metropolitan-district-council/leeds,Leeds,http://id.esd.org.uk/subject/7539,Fleet Management,420,WELFARE   ,200.23,676M*,21.56,D
13/07/2016,http://opendatacommunities.org/id/metropolitan-district-council/leeds,Leeds,http://id.esd.org.uk/subject/7539,Fleet Management,421,WELFARE   ,103.86,213M*,21.1,D
13/07/2016,http://opendatacommunities.org/id/metropolitan-district-council/leeds,Leeds,http://id.esd.org.uk/subject/7539,Fleet Management,417,WELFARE   ,369.34,1534M*,21.56,D
13/07/2016,http://opendatacommunities.org/id/metropolitan-district-council/leeds,Leeds,http://id.esd.org.uk/subject/7539,Fleet Management,418,WELFARE   ,237.65,763M*,18.2,D
13/07/2016,http://opendatacommunities.org/id/metropolitan-district-council/leeds,Leeds,http://id.esd.org.uk/subject/7539,Fleet Management,416,WELFARE   ,313.23,1117M*,19.5,D
13/07/2016,http://opendatacommunities.org/id/metropolitan-district-council/leeds,Leeds,http://id.esd.org.uk/subject/7539,Fleet Management,415,WELFARE   ,292.63,1050M*,19.33,D
13/07/2016,http://opendatacommunities.org/id/metropolitan-district-council/leeds,Leeds,http://id.esd.org.uk/subject/7539,Fleet Management,411,WELFARE   ,619.64,2173M*,17.58,D
13/07/2016,http://opendatacommunities.org/id/metropolitan-district-council/leeds,Leeds,http://id.esd.org.uk/subject/7539,Fleet Management,412,WELFARE   ,542.53,1951M*,18.56,D
13/07/2016,http://opendatacommunities.org/id/metropolitan-district-council/leeds,Leeds,http://id.esd.org.uk/subject/7539,Fleet Management,414,WELFARE   ,493.91,1836M*,19.15,D
13/07/2016,http://opendatacommunities.org/id/metropolitan-district-council/leeds,Leeds,http://id.esd.org.uk/subject/7539,Fleet Management,413,WELFARE   ,290.89,962M*,18.37,D
13/07/2016,http://opendatacommunities.org/id/metropolitan-district-council/leeds,Leeds,http://id.esd.org.uk/subject/7539,Fleet Management,403,WELFARE   ,597.97,1843M*,15.53,D
13/07/2016,http://opendatacommunities.org/id/metropolitan-district-council/leeds,Leeds,http://id.esd.org.uk/subject/7539,Fleet Management,410,WELFARE   ,410.73,1430M*,16.56,D
13/07/2016,http://opendatacommunities.org/id/metropolitan-district-council/leeds,Leeds,http://id.esd.org.uk/subject/7539,Fleet Management,3324,LIBRARY BU,210.4,971M,20.98,D
13/07/2016,http://opendatacommunities.org/id/metropolitan-district-council/leeds,Leeds,http://id.esd.org.uk/subject/7539,Fleet Management,MA13MWL  ,LARGE VAN ,845,3903M*,22.74,D
13/07/2016,http://opendatacommunities.org/id/metropolitan-district-council/leeds,Leeds,http://id.esd.org.uk/subject/7539,Fleet Management,MA59UVO  ,MED VAN   ,585,3744M,29.09,D
13/07/2016,http://opendatacommunities.org/id/metropolitan-district-council/leeds,Leeds,http://id.esd.org.uk/subject/7539,Fleet Management,MA62YDM  ,MED VAN   ,163.86,636M*,17.65,D
13/07/2016,http://opendatacommunities.org/id/metropolitan-district-council/leeds,Leeds,http://id.esd.org.uk/subject/7539,Fleet Management,MA62YDW  ,MED VAN   ,65,ONLY,ONE AUDIT,D
13/07/2016,http://opendatacommunities.org/id/metropolitan-district-council/leeds,Leeds,http://id.esd.org.uk/subject/7539,Fleet Management,MA62YDX  ,MED VAN   ,568.8,5174M*,46.49,D
13/07/2016,http://opendatacommunities.org/id/metropolitan-district-council/leeds,Leeds,http://id.esd.org.uk/subject/7539,Fleet Management,MA64HWY  ,MED VAN   ,345.85,2005M*,31.82,D
13/07/2016,http://opendatacommunities.org/id/metropolitan-district-council/leeds,Leeds,http://id.esd.org.uk/subject/7539,Fleet Management,MA64HXJ  ,MED VAN   ,857.59,10455M*,59.48,D
13/07/2016,http://opendatacommunities.org/id/metropolitan-district-council/leeds,Leeds,http://id.esd.org.uk/subject/7539,Fleet Management,MA64HXR  ,MED VAN   ,390.2,2408M,28.05,D
13/07/2016,http://opendatacommunities.org/id/metropolitan-district-council/leeds,Leeds,http://id.esd.org.uk/subject/7539,Fleet Management,MAILMAST ,MASTER    ,1096.71,KEY,,D
13/07/2016,http://opendatacommunities.org/id/metropolitan-district-council/leeds,Leeds,http://id.esd.org.uk/subject/7539,Fleet Management,MASTER EN,MASTER    ,48401.64,KEY,,D
13/07/2016,http://opendatacommunities.org/id/metropolitan-district-council/leeds,Leeds,http://id.esd.org.uk/subject/7539,Fleet Management,MASTER LI,MASTER    ,191.97,KEY,,D
13/07/2016,http://opendatacommunities.org/id/metropolitan-district-council/leeds,Leeds,http://id.esd.org.uk/subject/7539,Fleet Management,MOWMAST1 ,MASTER    ,17365.13,26147M*,6.89,D
13/07/2016,http://opendatacommunities.org/id/metropolitan-district-council/leeds,Leeds,http://id.esd.org.uk/subject/7539,Fleet Management,MF11BPX  ,MED VAN   ,269.41,2060M*,39.65,D
13/07/2016,http://opendatacommunities.org/id/metropolitan-district-council/leeds,Leeds,http://id.esd.org.uk/subject/7539,Fleet Management,MF11BPZ  ,MED VAN   ,780,4636M*,29.47,D
13/07/2016,http://opendatacommunities.org/id/metropolitan-district-council/leeds,Leeds,http://id.esd.org.uk/subject/7539,Fleet Management,MF11BVY  ,SMALL VAN ,501.02,5102M,46.29,D
13/07/2016,http://opendatacommunities.org/id/metropolitan-district-council/leeds,Leeds,http://id.esd.org.uk/subject/7539,Fleet Management,MF11BWW  ,MED VAN   ,520,522M*,5.21,D
13/07/2016,http://opendatacommunities.org/id/metropolitan-district-council/leeds,Leeds,http://id.esd.org.uk/subject/7539,Fleet Management,MF12LME  ,SMALL VAN ,123.79,799M*,43.64,D
13/07/2016,http://opendatacommunities.org/id/metropolitan-district-council/leeds,Leeds,http://id.esd.org.uk/subject/7539,Fleet Management,MF12LNH  ,MED VAN   ,128.68,354M*,24.76,D
13/07/2016,http://opendatacommunities.org/id/metropolitan-district-council/leeds,Leeds,http://id.esd.org.uk/subject/7539,Fleet Management,MF12LNT  ,SMALL VAN ,91.42,634M*,55.1,D
13/07/2016,http://opendatacommunities.org/id/metropolitan-district-council/leeds,Leeds,http://id.esd.org.uk/subject/7539,Fleet Management,MF12LOA  ,MED VAN   ,738.81,4645M*,29.72,D
13/07/2016,http://opendatacommunities.org/id/metropolitan-district-council/leeds,Leeds,http://id.esd.org.uk/subject/7539,Fleet Management,MF15OHS  ,SMALL VAN ,41.03,ONLY,ONE AUDIT,D
13/07/2016,http://opendatacommunities.org/id/metropolitan-district-council/leeds,Leeds,http://id.esd.org.uk/subject/7539,Fleet Management,MF15OHT  ,SMALL VAN ,76.53,302M*,36.96,D
13/07/2016,http://opendatacommunities.org/id/metropolitan-district-council/leeds,Leeds,http://id.esd.org.uk/subject/7539,Fleet Management,MF60HCZ  ,MED VAN   ,176.27,1733M,44.69,D
13/07/2016,http://opendatacommunities.org/id/metropolitan-district-council/leeds,Leeds,http://id.esd.org.uk/subject/7539,Fleet Management,MF60HDL  ,MED VAN   ,388.95,2123M*,29.79,D
13/07/2016,http://opendatacommunities.org/id/metropolitan-district-council/leeds,Leeds,http://id.esd.org.uk/subject/7539,Fleet Management,MF60HFK  ,MED VAN   ,1227.67,7776M,28.79,D
13/07/2016,http://opendatacommunities.org/id/metropolitan-district-council/leeds,Leeds,http://id.esd.org.uk/subject/7539,Fleet Management,MF64EBM  ,MED VAN   ,194.07,641M*,22.41,D
13/07/2016,http://opendatacommunities.org/id/metropolitan-district-council/leeds,Leeds,http://id.esd.org.uk/subject/7539,Fleet Management,MJ10UED  ,MED VAN   ,65,ONLY,ONE AUDIT,D
13/07/2016,http://opendatacommunities.org/id/metropolitan-district-council/leeds,Leeds,http://id.esd.org.uk/subject/7539,Fleet Management,MJ15YGZ  ,MED VAN   ,703.29,4978M*,35.45,D
13/07/2016,http://opendatacommunities.org/id/metropolitan-district-council/leeds,Leeds,http://id.esd.org.uk/subject/7539,Fleet Management,MJ60OEW  ,MED VAN   ,1450.06,7190M,22.54,D
13/07/2016,http://opendatacommunities.org/id/metropolitan-district-council/leeds,Leeds,http://id.esd.org.uk/subject/7539,Fleet Management,MK12FKS  ,MED VAN   ,1418.7,9337M*,31.35,D
13/07/2016,http://opendatacommunities.org/id/metropolitan-district-council/leeds,Leeds,http://id.esd.org.uk/subject/7539,Fleet Management,MK12FKZ  ,MED VAN   ,450.31,2552M*,30.11,D
13/07/2016,http://opendatacommunities.org/id/metropolitan-district-council/leeds,Leeds,http://id.esd.org.uk/subject/7539,Fleet Management,MK12FLB  ,MED VAN   ,195,859M*,30.03,D
13/07/2016,http://opendatacommunities.org/id/metropolitan-district-council/leeds,Leeds,http://id.esd.org.uk/subject/7539,Fleet Management,MK58XOT  ,SMALL VAN ,728.5,4805M*,31.79,D
13/07/2016,http://opendatacommunities.org/id/metropolitan-district-council/leeds,Leeds,http://id.esd.org.uk/subject/7539,Fleet Management,1115,SMALL VAN ,744.06,7861M*,50.87,D
13/07/2016,http://opendatacommunities.org/id/metropolitan-district-council/leeds,Leeds,http://id.esd.org.uk/subject/7539,Fleet Management,ML60UUO  ,MED VAN   ,195,8M*,0.28,D
13/07/2016,http://opendatacommunities.org/id/metropolitan-district-council/leeds,Leeds,http://id.esd.org.uk/subject/7539,Fleet Management,ML60UUX  ,SMALL VAN ,550.27,4760M*,42.4,D
13/07/2016,http://opendatacommunities.org/id/metropolitan-district-council/leeds,Leeds,http://id.esd.org.uk/subject/7539,Fleet Management,ML60UVS  ,MED VAN   ,325,2371M,33.16,D
13/07/2016,http://opendatacommunities.org/id/metropolitan-district-council/leeds,Leeds,http://id.esd.org.uk/subject/7539,Fleet Management,ML60UWN  ,SMALL VAN ,41.34,380M,41.78,D
13/07/2016,http://opendatacommunities.org/id/metropolitan-district-council/leeds,Leeds,http://id.esd.org.uk/subject/7539,Fleet Management,ML60UXA  ,MED VAN   ,804.38,6013M*,36.81,D
13/07/2016,http://opendatacommunities.org/id/metropolitan-district-council/leeds,Leeds,http://id.esd.org.uk/subject/7539,Fleet Management,ML60UXB  ,MED VAN   ,130,463M*,32.38,D
13/07/2016,http://opendatacommunities.org/id/metropolitan-district-council/leeds,Leeds,http://id.esd.org.uk/subject/7539,Fleet Management,ML60UXG  ,MED VAN   ,260,1682M*,39.21,D
13/07/2016,http://opendatacommunities.org/id/metropolitan-district-council/leeds,Leeds,http://id.esd.org.uk/subject/7539,Fleet Management,ML60VWS  ,MED VAN   ,186.8,1246M,30.32,D
13/07/2016,http://opendatacommunities.org/id/metropolitan-district-council/leeds,Leeds,http://id.esd.org.uk/subject/7539,Fleet Management,ML62YFJ  ,MED VAN   ,62.23,ONLY,ONE AUDIT,D
13/07/2016,http://opendatacommunities.org/id/metropolitan-district-council/leeds,Leeds,http://id.esd.org.uk/subject/7539,Fleet Management,ML62YFM  ,MED VAN   ,260,1710M,29.9,D
13/07/2016,http://opendatacommunities.org/id/metropolitan-district-council/leeds,Leeds,http://id.esd.org.uk/subject/7539,Fleet Management,WS13/61  ,TRACTOR   ,1572.19,ERROR,,D
13/07/2016,http://opendatacommunities.org/id/metropolitan-district-council/leeds,Leeds,http://id.esd.org.uk/subject/7539,Fleet Management,ML64PVL  ,CAR       ,200.8,1550M*,47.15,D
13/07/2016,http://opendatacommunities.org/id/metropolitan-district-council/leeds,Leeds,http://id.esd.org.uk/subject/7539,Fleet Management,MT10MJE  ,MED VAN   ,671.09,3500M*,26.25,D
13/07/2016,http://opendatacommunities.org/id/metropolitan-district-council/leeds,Leeds,http://id.esd.org.uk/subject/7539,Fleet Management,MT10MJJ  ,MED VAN   ,783.17,5079M,29.48,D
13/07/2016,http://opendatacommunities.org/id/metropolitan-district-council/leeds,Leeds,http://id.esd.org.uk/subject/7539,Fleet Management,MV13MLN  ,MED VAN   ,1612.69,8653M*,25.41,D
13/07/2016,http://opendatacommunities.org/id/metropolitan-district-council/leeds,Leeds,http://id.esd.org.uk/subject/7539,Fleet Management,MV14SOJ  ,MPV       ,1140.09,16290M,64.95,D
13/07/2016,http://opendatacommunities.org/id/metropolitan-district-council/leeds,Leeds,http://id.esd.org.uk/subject/7539,Fleet Management,MV61XTE  ,MED VAN   ,126.24,433M*,30.28,D
13/07/2016,http://opendatacommunities.org/id/metropolitan-district-council/leeds,Leeds,http://id.esd.org.uk/subject/7539,Fleet Management,MV61XTG  ,MED VAN   ,130,414M*,28.95,D
13/07/2016,http://opendatacommunities.org/id/metropolitan-district-council/leeds,Leeds,http://id.esd.org.uk/subject/7539,Fleet Management,MV61XTH  ,MED VAN   ,587.45,10291M*,79.63,D
13/07/2016,http://opendatacommunities.org/id/metropolitan-district-council/leeds,Leeds,http://id.esd.org.uk/subject/7539,Fleet Management,MW15DKV  ,LARGE VAN ,575.55,2976M*,26.5,D
13/07/2016,http://opendatacommunities.org/id/metropolitan-district-council/leeds,Leeds,http://id.esd.org.uk/subject/7539,Fleet Management,MX64FNT  ,MED VAN   ,378.24,1426M*,25.3,D
13/07/2016,http://opendatacommunities.org/id/metropolitan-district-council/leeds,Leeds,http://id.esd.org.uk/subject/7539,Fleet Management,MX64HWH  ,MED VAN   ,520,3707M*,37.03,D
13/07/2016,http://opendatacommunities.org/id/metropolitan-district-council/leeds,Leeds,http://id.esd.org.uk/subject/7539,Fleet Management,NA12KXS  ,CAR       ,98.48,1362M*,81.22,D
13/07/2016,http://opendatacommunities.org/id/metropolitan-district-council/leeds,Leeds,http://id.esd.org.uk/subject/7539,Fleet Management,NA14FZT  ,CAR       ,46.38,2221M?,ERROR,D
13/07/2016,http://opendatacommunities.org/id/metropolitan-district-council/leeds,Leeds,http://id.esd.org.uk/subject/7539,Fleet Management,ND60NFK  ,CAR       ,603.04,5430M,40.93,D
13/07/2016,http://opendatacommunities.org/id/metropolitan-district-council/leeds,Leeds,http://id.esd.org.uk/subject/7539,Fleet Management,NJ62XRG  ,SMALL VAN ,297.88,3179M,48.51,D
13/07/2016,http://opendatacommunities.org/id/metropolitan-district-council/leeds,Leeds,http://id.esd.org.uk/subject/7539,Fleet Management,NJ63BYW  ,CAR       ,525.38,4134M,35.77,D
13/07/2016,http://opendatacommunities.org/id/metropolitan-district-council/leeds,Leeds,http://id.esd.org.uk/subject/7539,Fleet Management,NK13YNS  ,FLATBACK  ,133.79,319M*,15.25,D
13/07/2016,http://opendatacommunities.org/id/metropolitan-district-council/leeds,Leeds,http://id.esd.org.uk/subject/7539,Fleet Management,NK14OBU  ,MINIBUS   ,326.19,1749M,24.37,D
13/07/2016,http://opendatacommunities.org/id/metropolitan-district-council/leeds,Leeds,http://id.esd.org.uk/subject/7539,Fleet Management,NL13XLX  ,CAR       ,42.39,355M,38.07,D
13/07/2016,http://opendatacommunities.org/id/metropolitan-district-council/leeds,Leeds,http://id.esd.org.uk/subject/7539,Fleet Management,NL62EYR  ,CAR       ,268.22,2766M,46.87,D
13/07/2016,http://opendatacommunities.org/id/metropolitan-district-council/leeds,Leeds,http://id.esd.org.uk/subject/7539,Fleet Management,NU11DDK  ,SMALL VAN ,23.39,203M,39.45,D
13/07/2016,http://opendatacommunities.org/id/metropolitan-district-council/leeds,Leeds,http://id.esd.org.uk/subject/7539,Fleet Management,NU63YGJ  ,SMALL VAN ,100.95,88M*,72.2,D
13/07/2016,http://opendatacommunities.org/id/metropolitan-district-council/leeds,Leeds,http://id.esd.org.uk/subject/7539,Fleet Management,NU64NVV  ,SMALL VAN ,97.45,881M,41.09,D
13/07/2016,http://opendatacommunities.org/id/metropolitan-district-council/leeds,Leeds,http://id.esd.org.uk/subject/7539,Fleet Management,NV14JVT  ,SMALL VAN ,160.8,1230M*,45.12,D
13/07/2016,http://opendatacommunities.org/id/metropolitan-district-council/leeds,Leeds,http://id.esd.org.uk/subject/7539,Fleet Management,NV60UFS  ,SMALL VAN ,13.13,413M,142.98,D
13/07/2016,http://opendatacommunities.org/id/metropolitan-district-council/leeds,Leeds,http://id.esd.org.uk/subject/7539,Fleet Management,NX14VOF  ,MED VAN   ,224.2,1603M*,41.28,D
13/07/2016,http://opendatacommunities.org/id/metropolitan-district-council/leeds,Leeds,http://id.esd.org.uk/subject/7539,Fleet Management,3303,LIBRARY BU,3360.74,8606K,7.23,D
13/07/2016,http://opendatacommunities.org/id/metropolitan-district-council/leeds,Leeds,http://id.esd.org.uk/subject/7539,Fleet Management,3304,LIBRARY BU,3712.88,15783K,12.01,D
13/07/2016,http://opendatacommunities.org/id/metropolitan-district-council/leeds,Leeds,http://id.esd.org.uk/subject/7539,Fleet Management,NX63NWE  ,SMALL VAN ,144.87,826M*,41.43,D
13/07/2016,http://opendatacommunities.org/id/metropolitan-district-council/leeds,Leeds,http://id.esd.org.uk/subject/7539,Fleet Management,NX63XPK  ,SMALL VAN ,43.93,ONLY,ONE AUDIT,D
13/07/2016,http://opendatacommunities.org/id/metropolitan-district-council/leeds,Leeds,http://id.esd.org.uk/subject/7539,Fleet Management,OV15WVC  ,SMALL VAN ,46.96,ONLY,ONE AUDIT,D
13/07/2016,http://opendatacommunities.org/id/metropolitan-district-council/leeds,Leeds,http://id.esd.org.uk/subject/7539,Fleet Management,OV15WVO  ,SMALL VAN ,24.93,ONLY,ONE AUDIT,D
13/07/2016,http://opendatacommunities.org/id/metropolitan-district-council/leeds,Leeds,http://id.esd.org.uk/subject/7539,Fleet Management,OV15WVR  ,SMALL VAN ,28.16,ONLY,ONE AUDIT,D
13/07/2016,http://opendatacommunities.org/id/metropolitan-district-council/leeds,Leeds,http://id.esd.org.uk/subject/7539,Fleet Management,OV15WVS  ,SMALL VAN ,43.53,ONLY,ONE AUDIT,D
13/07/2016,http://opendatacommunities.org/id/metropolitan-district-council/leeds,Leeds,http://id.esd.org.uk/subject/7539,Fleet Management,OW04BKU  ,LARGE VAN ,610.02,2965M,22.09,D
13/07/2016,http://opendatacommunities.org/id/metropolitan-district-council/leeds,Leeds,http://id.esd.org.uk/subject/7539,Fleet Management,PARKING M,MASTER    ,1288.16,KEY,,D
13/07/2016,http://opendatacommunities.org/id/metropolitan-district-council/leeds,Leeds,http://id.esd.org.uk/subject/7539,Fleet Management,3501,LARGE TIPP,2831.95,12458K,12.42,D
13/07/2016,http://opendatacommunities.org/id/metropolitan-district-council/leeds,Leeds,http://id.esd.org.uk/subject/7539,Fleet Management,3503,LARGE TIPP,1332.56,4332K,9.18,D
13/07/2016,http://opendatacommunities.org/id/metropolitan-district-council/leeds,Leeds,http://id.esd.org.uk/subject/7539,Fleet Management,3502,LARGE TIPP,2943.56,9567K,9.18,D
13/07/2016,http://opendatacommunities.org/id/metropolitan-district-council/leeds,Leeds,http://id.esd.org.uk/subject/7539,Fleet Management,PK64PLJ  ,SMALL VAN ,662.61,5522M*,40.33,D
13/07/2016,http://opendatacommunities.org/id/metropolitan-district-council/leeds,Leeds,http://id.esd.org.uk/subject/7539,Fleet Management,PMCMAST  ,MASTER    ,7898.71,KEY,,D
13/07/2016,http://opendatacommunities.org/id/metropolitan-district-council/leeds,Leeds,http://id.esd.org.uk/subject/7539,Fleet Management,PMDIEMAST,MASTER    ,34805.19,KEY,,D
13/07/2016,http://opendatacommunities.org/id/metropolitan-district-council/leeds,Leeds,http://id.esd.org.uk/subject/7539,Fleet Management,5015,18TN D/M  ,2111.6,5325K,7.12,D
13/07/2016,http://opendatacommunities.org/id/metropolitan-district-council/leeds,Leeds,http://id.esd.org.uk/subject/7539,Fleet Management,5019,18TN D/M  ,2558.51,6203K,6.85,D
13/07/2016,http://opendatacommunities.org/id/metropolitan-district-council/leeds,Leeds,http://id.esd.org.uk/subject/7539,Fleet Management,5016,18TN D/M  ,1424.97,3775K,7.48,D
13/07/2016,http://opendatacommunities.org/id/metropolitan-district-council/leeds,Leeds,http://id.esd.org.uk/subject/7539,Fleet Management,5020,18TN D/M  ,2881.21,7776K,7.62,D
13/07/2016,http://opendatacommunities.org/id/metropolitan-district-council/leeds,Leeds,http://id.esd.org.uk/subject/7539,Fleet Management,5017,18TN D/M  ,2549.07,6083K,6.74,D
13/07/2016,http://opendatacommunities.org/id/metropolitan-district-council/leeds,Leeds,http://id.esd.org.uk/subject/7539,Fleet Management,5018,18TN D/M  ,1904.14,4571K,6.78,D
13/07/2016,http://opendatacommunities.org/id/metropolitan-district-council/leeds,Leeds,http://id.esd.org.uk/subject/7539,Fleet Management,5013,18TN D/M  ,1363.75,2808K,5.82,D
13/07/2016,http://opendatacommunities.org/id/metropolitan-district-council/leeds,Leeds,http://id.esd.org.uk/subject/7539,Fleet Management,5014,18TN D/M  ,2341.93,6414K,7.74,D
13/07/2016,http://opendatacommunities.org/id/metropolitan-district-council/leeds,Leeds,http://id.esd.org.uk/subject/7539,Fleet Management,3107,MED TIPPER,2446.38,13993K,16.16,D
13/07/2016,http://opendatacommunities.org/id/metropolitan-district-council/leeds,Leeds,http://id.esd.org.uk/subject/7539,Fleet Management,3105,MED VAN   ,1210.3,6745K*,16.64,D
13/07/2016,http://opendatacommunities.org/id/metropolitan-district-council/leeds,Leeds,http://id.esd.org.uk/subject/7539,Fleet Management,3106,MED TIPPER,2472.21,14623K,16.71,D
13/07/2016,http://opendatacommunities.org/id/metropolitan-district-council/leeds,Leeds,http://id.esd.org.uk/subject/7539,Fleet Management,5025,18TN D/M  ,3863.94,9777K,7.15,D
13/07/2016,http://opendatacommunities.org/id/metropolitan-district-council/leeds,Leeds,http://id.esd.org.uk/subject/7539,Fleet Management,WS09/87  ,TRACTOR   ,390.46,309H,0.79,D
13/07/2016,http://opendatacommunities.org/id/metropolitan-district-council/leeds,Leeds,http://id.esd.org.uk/subject/7539,Fleet Management,PN12LUA  ,MED VAN   ,62.24,429M,31.33,D
13/07/2016,http://opendatacommunities.org/id/metropolitan-district-council/leeds,Leeds,http://id.esd.org.uk/subject/7539,Fleet Management,PN14BZH  ,MED VAN   ,1565.45,14749M*,43.47,D
13/07/2016,http://opendatacommunities.org/id/metropolitan-district-council/leeds,Leeds,http://id.esd.org.uk/subject/7539,Fleet Management,0239D    ,WELFARE   ,195,1064M,24.8,D
13/07/2016,http://opendatacommunities.org/id/metropolitan-district-council/leeds,Leeds,http://id.esd.org.uk/subject/7539,Fleet Management,PN62FBL  ,SMALL VAN ,1245.66,10627M,38.78,D
13/07/2016,http://opendatacommunities.org/id/metropolitan-district-council/leeds,Leeds,http://id.esd.org.uk/subject/7539,Fleet Management,4610,HOOKLOADER,16166.03,30881K,5.4,D
13/07/2016,http://opendatacommunities.org/id/metropolitan-district-council/leeds,Leeds,http://id.esd.org.uk/subject/7539,Fleet Management,4611,HOOKLOADER,17925.3,34953K,5.51,D
13/07/2016,http://opendatacommunities.org/id/metropolitan-district-council/leeds,Leeds,http://id.esd.org.uk/subject/7539,Fleet Management,4613,HOOKLOADER,21255.46,40444K,5.37,D
13/07/2016,http://opendatacommunities.org/id/metropolitan-district-council/leeds,Leeds,http://id.esd.org.uk/subject/7539,Fleet Management,4612,HOOKLOADER,19477.63,37006K,5.37,D
13/07/2016,http://opendatacommunities.org/id/metropolitan-district-council/leeds,Leeds,http://id.esd.org.uk/subject/7539,Fleet Management,4614,HOOKLOADER,22459.81,40662K,5.11,D
13/07/2016,http://opendatacommunities.org/id/metropolitan-district-council/leeds,Leeds,http://id.esd.org.uk/subject/7539,Fleet Management,WS 12/54 ,TRACTOR   ,907.29,ERROR,,D
13/07/2016,http://opendatacommunities.org/id/metropolitan-district-council/leeds,Leeds,http://id.esd.org.uk/subject/7539,Fleet Management,WS12/53  ,TRACTOR   ,679.46,275H*,0.42,D
13/07/2016,http://opendatacommunities.org/id/metropolitan-district-council/leeds,Leeds,http://id.esd.org.uk/subject/7539,Fleet Management,3312,LIBRARY BU,1786.7,7598K,12.01,D
13/07/2016,http://opendatacommunities.org/id/metropolitan-district-council/leeds,Leeds,http://id.esd.org.uk/subject/7539,Fleet Management,3905,HGV       ,6554.55,12927K,5.57,D
13/07/2016,http://opendatacommunities.org/id/metropolitan-district-council/leeds,Leeds,http://id.esd.org.uk/subject/7539,Fleet Management,3803,HGV       ,2923.66,10905K,10.53,D
13/07/2016,http://opendatacommunities.org/id/metropolitan-district-council/leeds,Leeds,http://id.esd.org.uk/subject/7539,Fleet Management,2214,MED VAN   ,331.4,1061M*,17.03,D
13/07/2016,http://opendatacommunities.org/id/metropolitan-district-council/leeds,Leeds,http://id.esd.org.uk/subject/7539,Fleet Management,5022,18TN D/M  ,2141.77,5318K,7.01,D
13/07/2016,http://opendatacommunities.org/id/metropolitan-district-council/leeds,Leeds,http://id.esd.org.uk/subject/7539,Fleet Management,5023,18TN D/M  ,4715.37,11925K,7.14,D
13/07/2016,http://opendatacommunities.org/id/metropolitan-district-council/leeds,Leeds,http://id.esd.org.uk/subject/7539,Fleet Management,5024,18TN D/M  ,3883.86,10040K,7.3,D
13/07/2016,http://opendatacommunities.org/id/metropolitan-district-council/leeds,Leeds,http://id.esd.org.uk/subject/7539,Fleet Management,5021,18TN D/M  ,2996.09,7448K,7.02,D
13/07/2016,http://opendatacommunities.org/id/metropolitan-district-council/leeds,Leeds,http://id.esd.org.uk/subject/7539,Fleet Management,3108,MED TIPPER,1819.77,10092K,15.66,D
13/07/2016,http://opendatacommunities.org/id/metropolitan-district-council/leeds,Leeds,http://id.esd.org.uk/subject/7539,Fleet Management,PO59ZZM  ,SMALL VAN ,701.69,7232M,46.85,D
13/07/2016,http://opendatacommunities.org/id/metropolitan-district-council/leeds,Leeds,http://id.esd.org.uk/subject/7539,Fleet Management,430,WELFARE   ,3182.28,11851M,16.93,D
13/07/2016,http://opendatacommunities.org/id/metropolitan-district-council/leeds,Leeds,http://id.esd.org.uk/subject/7539,Fleet Management,431,WELFARE   ,4311.17,16635M,17.54,D
13/07/2016,http://opendatacommunities.org/id/metropolitan-district-council/leeds,Leeds,http://id.esd.org.uk/subject/7539,Fleet Management,PO64CCJ  ,LUTON     ,2141.45,8787M*,19.24,D
13/07/2016,http://opendatacommunities.org/id/metropolitan-district-council/leeds,Leeds,http://id.esd.org.uk/subject/7539,Fleet Management,PO64CFD  ,MED TIPPER,3401.51,14645M*,19.95,D
13/07/2016,http://opendatacommunities.org/id/metropolitan-district-council/leeds,Leeds,http://id.esd.org.uk/subject/7539,Fleet Management,PO64CFE  ,MED TIPPER,2306.91,8951M,17.64,D
13/07/2016,http://opendatacommunities.org/id/metropolitan-district-council/leeds,Leeds,http://id.esd.org.uk/subject/7539,Fleet Management,PO65DVU  ,LARGE VAN ,126.04,365M*,25.72,D
13/07/2016,http://opendatacommunities.org/id/metropolitan-district-council/leeds,Leeds,http://id.esd.org.uk/subject/7539,Fleet Management,HWPMAST  ,MASTER    ,19232.45,KEY,,D
13/07/2016,http://opendatacommunities.org/id/metropolitan-district-council/leeds,Leeds,http://id.esd.org.uk/subject/7539,Fleet Management,78804,HGV       ,145.68,475K,9.21,D
13/07/2016,http://opendatacommunities.org/id/metropolitan-district-council/leeds,Leeds,http://id.esd.org.uk/subject/7539,Fleet Management,RCAMAST  ,MASTER    ,64402,68920M*,4.95,D
13/07/2016,http://opendatacommunities.org/id/metropolitan-district-council/leeds,Leeds,http://id.esd.org.uk/subject/7539,Fleet Management,RCA MAST1,MASTER    ,11029.58,KEY,,D
13/07/2016,http://opendatacommunities.org/id/metropolitan-district-council/leeds,Leeds,http://id.esd.org.uk/subject/7539,Fleet Management,RO15EZR  ,MED VAN   ,318.95,1507M*,26.97,D
13/07/2016,http://opendatacommunities.org/id/metropolitan-district-council/leeds,Leeds,http://id.esd.org.uk/subject/7539,Fleet Management,RO15RFJ  ,MED VAN   ,127.76,436M*,30.49,D
13/07/2016,http://opendatacommunities.org/id/metropolitan-district-council/leeds,Leeds,http://id.esd.org.uk/subject/7539,Fleet Management,RO15RHA  ,MED VAN   ,390,2784M*,38.94,D
13/07/2016,http://opendatacommunities.org/id/metropolitan-district-council/leeds,Leeds,http://id.esd.org.uk/subject/7539,Fleet Management,SECMAST  ,MASTER    ,5041.82,KEY,,D
13/07/2016,http://opendatacommunities.org/id/metropolitan-district-council/leeds,Leeds,http://id.esd.org.uk/subject/7539,Fleet Management,SG64ABV  ,MED TIPPER,334.05,1064M*,17.98,D
13/07/2016,http://opendatacommunities.org/id/metropolitan-district-council/leeds,Leeds,http://id.esd.org.uk/subject/7539,Fleet Management,SJ12RVK  ,MED TIPPER,1717.83,9400M,24.87,D
13/07/2016,http://opendatacommunities.org/id/metropolitan-district-council/leeds,Leeds,http://id.esd.org.uk/subject/7539,Fleet Management,SJ12RVL  ,MED TIPPER,1995.46,8988M,20.47,D
13/07/2016,http://opendatacommunities.org/id/metropolitan-district-council/leeds,Leeds,http://id.esd.org.uk/subject/7539,Fleet Management,SJ12RYB  ,MED TIPPER,1762.99,8433M,21.74,D
13/07/2016,http://opendatacommunities.org/id/metropolitan-district-council/leeds,Leeds,http://id.esd.org.uk/subject/7539,Fleet Management,SJ12SCZ  ,MED TIPPER,1837.38,14906M,36.88,D
13/07/2016,http://opendatacommunities.org/id/metropolitan-district-council/leeds,Leeds,http://id.esd.org.uk/subject/7539,Fleet Management,SJ12SGV  ,MED TIPPER,2178.8,12519M,26.12,D
13/07/2016,http://opendatacommunities.org/id/metropolitan-district-council/leeds,Leeds,http://id.esd.org.uk/subject/7539,Fleet Management,SJ12SKU  ,MED TIPPER,2459.13,14557M,26.91,D
13/07/2016,http://opendatacommunities.org/id/metropolitan-district-council/leeds,Leeds,http://id.esd.org.uk/subject/7539,Fleet Management,SPORTSMAS,MASTER    ,1042.99,KEY,,D
13/07/2016,http://opendatacommunities.org/id/metropolitan-district-council/leeds,Leeds,http://id.esd.org.uk/subject/7539,Fleet Management,,        MASTER    ,7186.79,138419M*,93.86,D
13/07/2016,http://opendatacommunities.org/id/metropolitan-district-council/leeds,Leeds,http://id.esd.org.uk/subject/7539,Fleet Management,STSCMAST ,MASTER    ,27295.81,KEY,,D
13/07/2016,http://opendatacommunities.org/id/metropolitan-district-council/leeds,Leeds,http://id.esd.org.uk/subject/7539,Fleet Management,TOPMAST  ,MASTER    ,630.53,KEY,,D
13/07/2016,http://opendatacommunities.org/id/metropolitan-district-council/leeds,Leeds,http://id.esd.org.uk/subject/7539,Fleet Management,78626,MINIBUS   ,55.17,ONLY,ONE AUDIT,D
13/07/2016,http://opendatacommunities.org/id/metropolitan-district-council/leeds,Leeds,http://id.esd.org.uk/subject/7539,Fleet Management,TRANMAST ,MASTER    ,15033.62,KEY,,D
13/07/2016,http://opendatacommunities.org/id/metropolitan-district-council/leeds,Leeds,http://id.esd.org.uk/subject/7539,Fleet Management,78027,3 AXLE BIN,3635.01,4833K*,3.95,D
13/07/2016,http://opendatacommunities.org/id/metropolitan-district-council/leeds,Leeds,http://id.esd.org.uk/subject/7539,Fleet Management,4472,3 AXLE BIN,9254.71,13651K,4.17,D
13/07/2016,http://opendatacommunities.org/id/metropolitan-district-council/leeds,Leeds,http://id.esd.org.uk/subject/7539,Fleet Management,784473,3 AXLE BIN,9904.84,15876K,4.53,D
13/07/2016,http://opendatacommunities.org/id/metropolitan-district-council/leeds,Leeds,http://id.esd.org.uk/subject/7539,Fleet Management,784471,3 AXLE BIN,13162.85,19297K,4.14,D
13/07/2016,http://opendatacommunities.org/id/metropolitan-district-council/leeds,Leeds,http://id.esd.org.uk/subject/7539,Fleet Management,4483,3 AXLE BIN,15064.27,23388K,4.39,D
13/07/2016,http://opendatacommunities.org/id/metropolitan-district-council/leeds,Leeds,http://id.esd.org.uk/subject/7539,Fleet Management,VN15JUO  ,CAR       ,133.99,735M*,37.35,D
13/07/2016,http://opendatacommunities.org/id/metropolitan-district-council/leeds,Leeds,http://id.esd.org.uk/subject/7539,Fleet Management,78025,3 AXLE BIN,1455.96,2528K*,5.31,D
13/07/2016,http://opendatacommunities.org/id/metropolitan-district-council/leeds,Leeds,http://id.esd.org.uk/subject/7539,Fleet Management,4489,3 AXLE BIN,13357.08,12107K,2.56,D
13/07/2016,http://opendatacommunities.org/id/metropolitan-district-council/leeds,Leeds,http://id.esd.org.uk/subject/7539,Fleet Management,4493,3 AXLE BIN,10930.76,11992K,3.1,D
13/07/2016,http://opendatacommunities.org/id/metropolitan-district-council/leeds,Leeds,http://id.esd.org.uk/subject/7539,Fleet Management,78024,2 AXLE BIN,11028.66,ERROR,,D
13/07/2016,http://opendatacommunities.org/id/metropolitan-district-council/leeds,Leeds,http://id.esd.org.uk/subject/7539,Fleet Management,VU11HLD  ,2 AXLE BIN,4325.14,7880K,5.15,D
13/07/2016,http://opendatacommunities.org/id/metropolitan-district-council/leeds,Leeds,http://id.esd.org.uk/subject/7539,Fleet Management,VU60UGV  ,SMALL VAN ,436.68,4141M,43.1,D
13/07/2016,http://opendatacommunities.org/id/metropolitan-district-council/leeds,Leeds,http://id.esd.org.uk/subject/7539,Fleet Management,4484,3 AXLE BIN,11750.88,11660K,2.8,D
13/07/2016,http://opendatacommunities.org/id/metropolitan-district-council/leeds,Leeds,http://id.esd.org.uk/subject/7539,Fleet Management,4485,3 AXLE BIN,15539.01,15096K,2.74,D
13/07/2016,http://opendatacommunities.org/id/metropolitan-district-council/leeds,Leeds,http://id.esd.org.uk/subject/7539,Fleet Management,4488,3 AXLE BIN,12133.74,12056K,2.81,D
13/07/2016,http://opendatacommunities.org/id/metropolitan-district-council/leeds,Leeds,http://id.esd.org.uk/subject/7539,Fleet Management,4486,3 AXLE BIN,14231.1,15397K,3.06,D
13/07/2016,http://opendatacommunities.org/id/metropolitan-district-council/leeds,Leeds,http://id.esd.org.uk/subject/7539,Fleet Management,4487,3 AXLE BIN,13605.8,10703K,2.22,D
13/07/2016,http://opendatacommunities.org/id/metropolitan-district-council/leeds,Leeds,http://id.esd.org.uk/subject/7539,Fleet Management,4490,3 AXLE BIN,11523.41,10081K*,2.49,D
13/07/2016,http://opendatacommunities.org/id/metropolitan-district-council/leeds,Leeds,http://id.esd.org.uk/subject/7539,Fleet Management,4491,3 AXLE BIN,15191.79,30774K,5.72,D
13/07/2016,http://opendatacommunities.org/id/metropolitan-district-council/leeds,Leeds,http://id.esd.org.uk/subject/7539,Fleet Management,4492,3 AXLE BIN,12567.99,14677K,3.3,D
13/07/2016,http://opendatacommunities.org/id/metropolitan-district-council/leeds,Leeds,http://id.esd.org.uk/subject/7539,Fleet Management,4417,3 AXLE BIN,13249.97,13565K,2.89,D
13/07/2016,http://opendatacommunities.org/id/metropolitan-district-council/leeds,Leeds,http://id.esd.org.uk/subject/7539,Fleet Management,4418,3 AXLE BIN,19843.03,32172K,4.58,D
13/07/2016,http://opendatacommunities.org/id/metropolitan-district-council/leeds,Leeds,http://id.esd.org.uk/subject/7539,Fleet Management,2347,LARGE TIPP,774.11,ERROR,,D
13/07/2016,http://opendatacommunities.org/id/metropolitan-district-council/leeds,Leeds,http://id.esd.org.uk/subject/7539,Fleet Management,2349,LARGE TIPP,1593.21,7635K,13.54,D
13/07/2016,http://opendatacommunities.org/id/metropolitan-district-council/leeds,Leeds,http://id.esd.org.uk/subject/7539,Fleet Management,WJ15HHP  ,SMALL VAN ,62.52,26M*,5.65,D
13/07/2016,http://opendatacommunities.org/id/metropolitan-district-council/leeds,Leeds,http://id.esd.org.uk/subject/7539,Fleet Management,WNW LOCAL,MASTER    ,19378.25,45443M*,10.88,D
13/07/2016,http://opendatacommunities.org/id/metropolitan-district-council/leeds,Leeds,http://id.esd.org.uk/subject/7539,Fleet Management,2653,MED TIPPER,2361.63,10846M,20.88,D
13/07/2016,http://opendatacommunities.org/id/metropolitan-district-council/leeds,Leeds,http://id.esd.org.uk/subject/7539,Fleet Management,1432,MED VAN   ,2172.19,14647M,30.65,D
13/07/2016,http://opendatacommunities.org/id/metropolitan-district-council/leeds,Leeds,http://id.esd.org.uk/subject/7539,Fleet Management,1430,MED VAN   ,387.33,2385M,27.99,D
13/07/2016,http://opendatacommunities.org/id/metropolitan-district-council/leeds,Leeds,http://id.esd.org.uk/subject/7539,Fleet Management,1951,FLATBACK  ,2459.75,4598M,8.5,D
13/07/2016,http://opendatacommunities.org/id/metropolitan-district-council/leeds,Leeds,http://id.esd.org.uk/subject/7539,Fleet Management,946,SMALL VAN ,615.56,5286M,39.03,D
13/07/2016,http://opendatacommunities.org/id/metropolitan-district-council/leeds,Leeds,http://id.esd.org.uk/subject/7539,Fleet Management,948,SMALL VAN ,1310.14,11111M,38.55,D
13/07/2016,http://opendatacommunities.org/id/metropolitan-district-council/leeds,Leeds,http://id.esd.org.uk/subject/7539,Fleet Management,945,SMALL VAN ,388.4,2447M,28.64,D
13/07/2016,http://opendatacommunities.org/id/metropolitan-district-council/leeds,Leeds,http://id.esd.org.uk/subject/7539,Fleet Management,1457,MED VAN   ,1407.29,8712M,28.14,D
13/07/2016,http://opendatacommunities.org/id/metropolitan-district-council/leeds,Leeds,http://id.esd.org.uk/subject/7539,Fleet Management,1456,MED VAN   ,1446.13,9350M,29.39,D
13/07/2016,http://opendatacommunities.org/id/metropolitan-district-council/leeds,Leeds,http://id.esd.org.uk/subject/7539,Fleet Management,1460,MED VAN   ,903.22,5999M,30.19,D
13/07/2016,http://opendatacommunities.org/id/metropolitan-district-council/leeds,Leeds,http://id.esd.org.uk/subject/7539,Fleet Management,1458,MED VAN   ,958.84,5309M,25.17,D
13/07/2016,http://opendatacommunities.org/id/metropolitan-district-council/leeds,Leeds,http://id.esd.org.uk/subject/7539,Fleet Management,1461,MED VAN   ,1155.3,7373M,29.01,D
13/07/2016,http://opendatacommunities.org/id/metropolitan-district-council/leeds,Leeds,http://id.esd.org.uk/subject/7539,Fleet Management,1462,MED VAN   ,910.02,4573M,22.84,D
13/07/2016,http://opendatacommunities.org/id/metropolitan-district-council/leeds,Leeds,http://id.esd.org.uk/subject/7539,Fleet Management,101,SMALL VAN ,566.16,4906M*,39.41,D
13/07/2016,http://opendatacommunities.org/id/metropolitan-district-council/leeds,Leeds,http://id.esd.org.uk/subject/7539,Fleet Management,105,SMALL VAN ,537.61,5906M,49.93,D
13/07/2016,http://opendatacommunities.org/id/metropolitan-district-council/leeds,Leeds,http://id.esd.org.uk/subject/7539,Fleet Management,1170,SMALL VAN ,1504.42,9575M,28.93,D
13/07/2016,http://opendatacommunities.org/id/metropolitan-district-council/leeds,Leeds,http://id.esd.org.uk/subject/7539,Fleet Management,YA14JYR  ,HOIST     ,1623.51,10556K,18.36,D
13/07/2016,http://opendatacommunities.org/id/metropolitan-district-council/leeds,Leeds,http://id.esd.org.uk/subject/7539,Fleet Management,1519,MED VAN   ,2956.77,17559M*,27.47,D
13/07/2016,http://opendatacommunities.org/id/metropolitan-district-council/leeds,Leeds,http://id.esd.org.uk/subject/7539,Fleet Management,1558,MED VAN   ,1345.61,6517M*,23.13,D
13/07/2016,http://opendatacommunities.org/id/metropolitan-district-council/leeds,Leeds,http://id.esd.org.uk/subject/7539,Fleet Management,1559,MED VAN   ,1105.89,6813M*,34,D
13/07/2016,http://opendatacommunities.org/id/metropolitan-district-council/leeds,Leeds,http://id.esd.org.uk/subject/7539,Fleet Management,1560,MED VAN   ,845.15,4630M*,26.98,D
13/07/2016,http://opendatacommunities.org/id/metropolitan-district-council/leeds,Leeds,http://id.esd.org.uk/subject/7539,Fleet Management,1174,SMALL VAN ,1515.09,14742M,44.23,D
13/07/2016,http://opendatacommunities.org/id/metropolitan-district-council/leeds,Leeds,http://id.esd.org.uk/subject/7539,Fleet Management,315,MINIBUS   ,621.51,4150M,30.35,D
13/07/2016,http://opendatacommunities.org/id/metropolitan-district-council/leeds,Leeds,http://id.esd.org.uk/subject/7539,Fleet Management,1431,MED VAN   ,680.85,5081M,33.92,D
13/07/2016,http://opendatacommunities.org/id/metropolitan-district-council/leeds,Leeds,http://id.esd.org.uk/subject/7539,Fleet Management,1435,MED VAN   ,1491.12,8320M,25.36,D
13/07/2016,http://opendatacommunities.org/id/metropolitan-district-council/leeds,Leeds,http://id.esd.org.uk/subject/7539,Fleet Management,0241D    ,MINIBUS   ,557.42,2953M,24.08,D
13/07/2016,http://opendatacommunities.org/id/metropolitan-district-council/leeds,Leeds,http://id.esd.org.uk/subject/7539,Fleet Management,0240D    ,MINIBUS   ,334.48,1780M,24.19,D
13/07/2016,http://opendatacommunities.org/id/metropolitan-district-council/leeds,Leeds,http://id.esd.org.uk/subject/7539,Fleet Management,763,SMALL VAN ,642.69,5880M,41.59,D
13/07/2016,http://opendatacommunities.org/id/metropolitan-district-council/leeds,Leeds,http://id.esd.org.uk/subject/7539,Fleet Management,767,SMALL VAN ,946.94,10601M,50.89,D
13/07/2016,http://opendatacommunities.org/id/metropolitan-district-council/leeds,Leeds,http://id.esd.org.uk/subject/7539,Fleet Management,YB08PZN  ,SMALL VAN ,715.26,8523M,54.16,D
13/07/2016,http://opendatacommunities.org/id/metropolitan-district-council/leeds,Leeds,http://id.esd.org.uk/subject/7539,Fleet Management,357,MINIBUS   ,341.72,2744K,22.68,D
13/07/2016,http://opendatacommunities.org/id/metropolitan-district-council/leeds,Leeds,http://id.esd.org.uk/subject/7539,Fleet Management,997,MED VAN   ,928.43,8028M*,40.76,D
13/07/2016,http://opendatacommunities.org/id/metropolitan-district-council/leeds,Leeds,http://id.esd.org.uk/subject/7539,Fleet Management,1000,MED VAN   ,864.34,7736M,40.68,D
13/07/2016,http://opendatacommunities.org/id/metropolitan-district-council/leeds,Leeds,http://id.esd.org.uk/subject/7539,Fleet Management,1455,MED VAN   ,1020.74,6511M,28.99,D
13/07/2016,http://opendatacommunities.org/id/metropolitan-district-council/leeds,Leeds,http://id.esd.org.uk/subject/7539,Fleet Management,996,SMALL VAN ,989.25,8610M,39.56,D
13/07/2016,http://opendatacommunities.org/id/metropolitan-district-council/leeds,Leeds,http://id.esd.org.uk/subject/7539,Fleet Management,999,SMALL VAN ,1130.82,9597M,38.58,D
13/07/2016,http://opendatacommunities.org/id/metropolitan-district-council/leeds,Leeds,http://id.esd.org.uk/subject/7539,Fleet Management,995,SMALL VAN ,951.25,7758M,37.07,D
13/07/2016,http://opendatacommunities.org/id/metropolitan-district-council/leeds,Leeds,http://id.esd.org.uk/subject/7539,Fleet Management,1002,SMALL VAN ,1165.39,8520M,33.23,D
13/07/2016,http://opendatacommunities.org/id/metropolitan-district-council/leeds,Leeds,http://id.esd.org.uk/subject/7539,Fleet Management,1001,MED VAN   ,654.83,4924M,34.18,D
13/07/2016,http://opendatacommunities.org/id/metropolitan-district-council/leeds,Leeds,http://id.esd.org.uk/subject/7539,Fleet Management,768,SMALL VAN ,212.92,2289M,48.87,D
13/07/2016,http://opendatacommunities.org/id/metropolitan-district-council/leeds,Leeds,http://id.esd.org.uk/subject/7539,Fleet Management,742,SMALL VAN ,1026.71,11348M,50.24,D
13/07/2016,http://opendatacommunities.org/id/metropolitan-district-council/leeds,Leeds,http://id.esd.org.uk/subject/7539,Fleet Management,745,SMALL VAN ,1367.3,14637M,48.66,D
13/07/2016,http://opendatacommunities.org/id/metropolitan-district-council/leeds,Leeds,http://id.esd.org.uk/subject/7539,Fleet Management,1477,MED VAN   ,373.96,2285M,27.77,D
13/07/2016,http://opendatacommunities.org/id/metropolitan-district-council/leeds,Leeds,http://id.esd.org.uk/subject/7539,Fleet Management,1479,MED VAN   ,2329.01,13765M,26.86,D
13/07/2016,http://opendatacommunities.org/id/metropolitan-district-council/leeds,Leeds,http://id.esd.org.uk/subject/7539,Fleet Management,1154,SMALL VAN ,1204.98,8218M,31,D
13/07/2016,http://opendatacommunities.org/id/metropolitan-district-council/leeds,Leeds,http://id.esd.org.uk/subject/7539,Fleet Management,1156,SMALL VAN ,979.67,6525M,30.27,D
13/07/2016,http://opendatacommunities.org/id/metropolitan-district-council/leeds,Leeds,http://id.esd.org.uk/subject/7539,Fleet Management,1155,SMALL VAN ,1033.25,6423M,28.26,D
13/07/2016,http://opendatacommunities.org/id/metropolitan-district-council/leeds,Leeds,http://id.esd.org.uk/subject/7539,Fleet Management,1157,SMALL VAN ,1179.12,7697M,29.67,D
13/07/2016,http://opendatacommunities.org/id/metropolitan-district-council/leeds,Leeds,http://id.esd.org.uk/subject/7539,Fleet Management,1480,MED VAN   ,388.46,2288M,26.77,D
13/07/2016,http://opendatacommunities.org/id/metropolitan-district-council/leeds,Leeds,http://id.esd.org.uk/subject/7539,Fleet Management,1151,SMALL VAN ,1330.94,9676M,33.05,D
13/07/2016,http://opendatacommunities.org/id/metropolitan-district-council/leeds,Leeds,http://id.esd.org.uk/subject/7539,Fleet Management,1478,MED VAN   ,1752.64,10029M,26.01,D
13/07/2016,http://opendatacommunities.org/id/metropolitan-district-council/leeds,Leeds,http://id.esd.org.uk/subject/7539,Fleet Management,1153,SMALL VAN ,926.1,6865M,33.69,D
13/07/2016,http://opendatacommunities.org/id/metropolitan-district-council/leeds,Leeds,http://id.esd.org.uk/subject/7539,Fleet Management,1152,SMALL VAN ,1044.61,7776M,33.84,D
13/07/2016,http://opendatacommunities.org/id/metropolitan-district-council/leeds,Leeds,http://id.esd.org.uk/subject/7539,Fleet Management,1481,MED VAN   ,1890.36,10495M,25.24,D
13/07/2016,http://opendatacommunities.org/id/metropolitan-district-council/leeds,Leeds,http://id.esd.org.uk/subject/7539,Fleet Management,1740ENE  ,MED VAN   ,1861.95,10541M,25.73,D
13/07/2016,http://opendatacommunities.org/id/metropolitan-district-council/leeds,Leeds,http://id.esd.org.uk/subject/7539,Fleet Management,1147,SMALL VAN ,945.84,6895M,33.14,D
13/07/2016,http://opendatacommunities.org/id/metropolitan-district-council/leeds,Leeds,http://id.esd.org.uk/subject/7539,Fleet Management,107,SMALL VAN ,798.02,8147M,46.4,D
13/07/2016,http://opendatacommunities.org/id/metropolitan-district-council/leeds,Leeds,http://id.esd.org.uk/subject/7539,Fleet Management,1524,MED VAN   ,1535.28,9708M*,30.01,D
13/07/2016,http://opendatacommunities.org/id/metropolitan-district-council/leeds,Leeds,http://id.esd.org.uk/subject/7539,Fleet Management,1525,MED VAN   ,1065.38,7831M*,33.42,D
13/07/2016,http://opendatacommunities.org/id/metropolitan-district-council/leeds,Leeds,http://id.esd.org.uk/subject/7539,Fleet Management,1526,MED VAN   ,447.02,2325M*,27.66,D
13/07/2016,http://opendatacommunities.org/id/metropolitan-district-council/leeds,Leeds,http://id.esd.org.uk/subject/7539,Fleet Management,1531,MED VAN   ,982.43,6429M*,31.85,D
13/07/2016,http://opendatacommunities.org/id/metropolitan-district-council/leeds,Leeds,http://id.esd.org.uk/subject/7539,Fleet Management,1528,MED VAN   ,875.44,4883M*,27.39,D
13/07/2016,http://opendatacommunities.org/id/metropolitan-district-council/leeds,Leeds,http://id.esd.org.uk/subject/7539,Fleet Management,1536,MED VAN   ,712.8,3801M*,26.67,D
13/07/2016,http://opendatacommunities.org/id/metropolitan-district-council/leeds,Leeds,http://id.esd.org.uk/subject/7539,Fleet Management,1538,MED VAN   ,663.02,3267M*,23.84,D
13/07/2016,http://opendatacommunities.org/id/metropolitan-district-council/leeds,Leeds,http://id.esd.org.uk/subject/7539,Fleet Management,1540,MED VAN   ,589.23,3039M*,26.35,D
13/07/2016,http://opendatacommunities.org/id/metropolitan-district-council/leeds,Leeds,http://id.esd.org.uk/subject/7539,Fleet Management,1521,MED VAN   ,1345.08,8283M*,29.41,D
13/07/2016,http://opendatacommunities.org/id/metropolitan-district-council/leeds,Leeds,http://id.esd.org.uk/subject/7539,Fleet Management,1534,MED VAN   ,840.36,4732M*,27.74,D
13/07/2016,http://opendatacommunities.org/id/metropolitan-district-council/leeds,Leeds,http://id.esd.org.uk/subject/7539,Fleet Management,1523,MED VAN   ,1025.86,5932M*,26.34,D
13/07/2016,http://opendatacommunities.org/id/metropolitan-district-council/leeds,Leeds,http://id.esd.org.uk/subject/7539,Fleet Management,1537,MED VAN   ,329.1,1191M*,26.45,D
13/07/2016,http://opendatacommunities.org/id/metropolitan-district-council/leeds,Leeds,http://id.esd.org.uk/subject/7539,Fleet Management,1071,SMALL VAN ,538.45,4252M*,39.61,D
13/07/2016,http://opendatacommunities.org/id/metropolitan-district-council/leeds,Leeds,http://id.esd.org.uk/subject/7539,Fleet Management,1073,SMALL VAN ,450.29,3617M*,41.6,D
13/07/2016,http://opendatacommunities.org/id/metropolitan-district-council/leeds,Leeds,http://id.esd.org.uk/subject/7539,Fleet Management,1072,SMALL VAN ,387.17,1863M*,25.3,D
13/07/2016,http://opendatacommunities.org/id/metropolitan-district-council/leeds,Leeds,http://id.esd.org.uk/subject/7539,Fleet Management,1074,SMALL VAN ,1110.52,9130M*,39.22,D
13/07/2016,http://opendatacommunities.org/id/metropolitan-district-council/leeds,Leeds,http://id.esd.org.uk/subject/7539,Fleet Management,1070,SMALL VAN ,997.09,8665M*,41.73,D
13/07/2016,http://opendatacommunities.org/id/metropolitan-district-council/leeds,Leeds,http://id.esd.org.uk/subject/7539,Fleet Management,1068,SMALL VAN ,899.5,7569M*,40.35,D
13/07/2016,http://opendatacommunities.org/id/metropolitan-district-council/leeds,Leeds,http://id.esd.org.uk/subject/7539,Fleet Management,1069,SMALL VAN ,802.29,7182M*,43.56,D
13/07/2016,http://opendatacommunities.org/id/metropolitan-district-council/leeds,Leeds,http://id.esd.org.uk/subject/7539,Fleet Management,1075,SMALL VAN ,994.96,9058M*,43.76,D
13/07/2016,http://opendatacommunities.org/id/metropolitan-district-council/leeds,Leeds,http://id.esd.org.uk/subject/7539,Fleet Management,1557,MED VAN   ,1119.82,6783M*,29.23,D
13/07/2016,http://opendatacommunities.org/id/metropolitan-district-council/leeds,Leeds,http://id.esd.org.uk/subject/7539,Fleet Management,1712,MED VAN   ,168.85,987M,26.57,D
13/07/2016,http://opendatacommunities.org/id/metropolitan-district-council/leeds,Leeds,http://id.esd.org.uk/subject/7539,Fleet Management,2196,MED TIPPER,1165.92,6340M,24.72,D
13/07/2016,http://opendatacommunities.org/id/metropolitan-district-council/leeds,Leeds,http://id.esd.org.uk/subject/7539,Fleet Management,1354,MED VAN   ,134.53,831M,28.08,D
13/07/2016,http://opendatacommunities.org/id/metropolitan-district-council/leeds,Leeds,http://id.esd.org.uk/subject/7539,Fleet Management,1356,MED VAN   ,188.03,1604M,38.78,D
13/07/2016,http://opendatacommunities.org/id/metropolitan-district-council/leeds,Leeds,http://id.esd.org.uk/subject/7539,Fleet Management,1955,MED TIPPER,1560.18,5476M,15.95,D
13/07/2016,http://opendatacommunities.org/id/metropolitan-district-council/leeds,Leeds,http://id.esd.org.uk/subject/7539,Fleet Management,396,MINIBUS   ,316.68,2577M,36.99,D
13/07/2016,http://opendatacommunities.org/id/metropolitan-district-council/leeds,Leeds,http://id.esd.org.uk/subject/7539,Fleet Management,1718,MED VAN   ,2761.2,14503M,23.87,D
13/07/2016,http://opendatacommunities.org/id/metropolitan-district-council/leeds,Leeds,http://id.esd.org.uk/subject/7539,Fleet Management,1883,MED VAN   ,580.71,3075M,24.07,D
13/07/2016,http://opendatacommunities.org/id/metropolitan-district-council/leeds,Leeds,http://id.esd.org.uk/subject/7539,Fleet Management,1470,MED VAN   ,708.19,5501M,35.31,D
13/07/2016,http://opendatacommunities.org/id/metropolitan-district-council/leeds,Leeds,http://id.esd.org.uk/subject/7539,Fleet Management,1472,MED VAN   ,853.26,4273M,22.76,D
13/07/2016,http://opendatacommunities.org/id/metropolitan-district-council/leeds,Leeds,http://id.esd.org.uk/subject/7539,Fleet Management,1471,MED VAN   ,1456.85,10455M,32.62,D
13/07/2016,http://opendatacommunities.org/id/metropolitan-district-council/leeds,Leeds,http://id.esd.org.uk/subject/7539,Fleet Management,1474,MED VAN   ,65,389M,27.2,D
13/07/2016,http://opendatacommunities.org/id/metropolitan-district-council/leeds,Leeds,http://id.esd.org.uk/subject/7539,Fleet Management,1475,LARGE VAN ,329,1846M*,30.42,D
13/07/2016,http://opendatacommunities.org/id/metropolitan-district-council/leeds,Leeds,http://id.esd.org.uk/subject/7539,Fleet Management,369,MINIBUS   ,387.2,7609K*,60.38,D
13/07/2016,http://opendatacommunities.org/id/metropolitan-district-council/leeds,Leeds,http://id.esd.org.uk/subject/7539,Fleet Management,1338ENE  ,MED VAN   ,2426.05,16327M,30.59,D
13/07/2016,http://opendatacommunities.org/id/metropolitan-district-council/leeds,Leeds,http://id.esd.org.uk/subject/7539,Fleet Management,284,WELFARE   ,3807.17,16814M,20.07,D
13/07/2016,http://opendatacommunities.org/id/metropolitan-district-council/leeds,Leeds,http://id.esd.org.uk/subject/7539,Fleet Management,531,4 X 4     ,766.15,5141M,30.5,D
13/07/2016,http://opendatacommunities.org/id/metropolitan-district-council/leeds,Leeds,http://id.esd.org.uk/subject/7539,Fleet Management,1009,SMALL VAN ,1645.1,13975M,38.61,D
13/07/2016,http://opendatacommunities.org/id/metropolitan-district-council/leeds,Leeds,http://id.esd.org.uk/subject/7539,Fleet Management,1010,SMALL VAN ,1071.4,8839M,37.5,D
13/07/2016,http://opendatacommunities.org/id/metropolitan-district-council/leeds,Leeds,http://id.esd.org.uk/subject/7539,Fleet Management,1011,SMALL VAN ,672.56,5248M,35.47,D
13/07/2016,http://opendatacommunities.org/id/metropolitan-district-council/leeds,Leeds,http://id.esd.org.uk/subject/7539,Fleet Management,1012,SMALL VAN ,623.19,5345M,38.99,D
13/07/2016,http://opendatacommunities.org/id/metropolitan-district-council/leeds,Leeds,http://id.esd.org.uk/subject/7539,Fleet Management,1013,SMALL VAN ,812.8,6967M,38.96,D
13/07/2016,http://opendatacommunities.org/id/metropolitan-district-council/leeds,Leeds,http://id.esd.org.uk/subject/7539,Fleet Management,1014,SMALL VAN ,734.35,5835M,36.12,D
13/07/2016,http://opendatacommunities.org/id/metropolitan-district-council/leeds,Leeds,http://id.esd.org.uk/subject/7539,Fleet Management,1015,SMALL VAN ,1162.95,8928M,34.9,D
13/07/2016,http://opendatacommunities.org/id/metropolitan-district-council/leeds,Leeds,http://id.esd.org.uk/subject/7539,Fleet Management,1016,SMALL VAN ,1494.42,14782M,44.96,D
13/07/2016,http://opendatacommunities.org/id/metropolitan-district-council/leeds,Leeds,http://id.esd.org.uk/subject/7539,Fleet Management,1017,SMALL VAN ,464.56,3434M,33.6,D
13/07/2016,http://opendatacommunities.org/id/metropolitan-district-council/leeds,Leeds,http://id.esd.org.uk/subject/7539,Fleet Management,1018,SMALL VAN ,935.11,7492M*,38.16,D
13/07/2016,http://opendatacommunities.org/id/metropolitan-district-council/leeds,Leeds,http://id.esd.org.uk/subject/7539,Fleet Management,1019,SMALL VAN ,1179.94,9495M,36.58,D
13/07/2016,http://opendatacommunities.org/id/metropolitan-district-council/leeds,Leeds,http://id.esd.org.uk/subject/7539,Fleet Management,1020,SMALL VAN ,958.82,8864M,42.02,D
13/07/2016,http://opendatacommunities.org/id/metropolitan-district-council/leeds,Leeds,http://id.esd.org.uk/subject/7539,Fleet Management,1021,SMALL VAN ,595.5,4547M,34.71,D
13/07/2016,http://opendatacommunities.org/id/metropolitan-district-council/leeds,Leeds,http://id.esd.org.uk/subject/7539,Fleet Management,1022,SMALL VAN ,1307.84,9624M*,34.74,D
13/07/2016,http://opendatacommunities.org/id/metropolitan-district-council/leeds,Leeds,http://id.esd.org.uk/subject/7539,Fleet Management,1023,SMALL VAN ,951.49,7861M,37.55,D
13/07/2016,http://opendatacommunities.org/id/metropolitan-district-council/leeds,Leeds,http://id.esd.org.uk/subject/7539,Fleet Management,1024,SMALL VAN ,801.38,6405M,36.33,D
13/07/2016,http://opendatacommunities.org/id/metropolitan-district-council/leeds,Leeds,http://id.esd.org.uk/subject/7539,Fleet Management,1025,SMALL VAN ,737.57,5954M,36.69,D
13/07/2016,http://opendatacommunities.org/id/metropolitan-district-council/leeds,Leeds,http://id.esd.org.uk/subject/7539,Fleet Management,1037,SMALL VAN ,1017.8,8889M,39.7,D
13/07/2016,http://opendatacommunities.org/id/metropolitan-district-council/leeds,Leeds,http://id.esd.org.uk/subject/7539,Fleet Management,1038,SMALL VAN ,1047.85,8860M,38.43,D
13/07/2016,http://opendatacommunities.org/id/metropolitan-district-council/leeds,Leeds,http://id.esd.org.uk/subject/7539,Fleet Management,1039,SMALL VAN ,1060.3,8536M,36.59,D
13/07/2016,http://opendatacommunities.org/id/metropolitan-district-council/leeds,Leeds,http://id.esd.org.uk/subject/7539,Fleet Management,1040,SMALL VAN ,1077.95,10024M,42.27,D
13/07/2016,http://opendatacommunities.org/id/metropolitan-district-council/leeds,Leeds,http://id.esd.org.uk/subject/7539,Fleet Management,1041,SMALL VAN ,2084.34,19744M,43.06,D
13/07/2016,http://opendatacommunities.org/id/metropolitan-district-council/leeds,Leeds,http://id.esd.org.uk/subject/7539,Fleet Management,1194,SMALL VAN ,1311.75,12471M,43.21,D
13/07/2016,http://opendatacommunities.org/id/metropolitan-district-council/leeds,Leeds,http://id.esd.org.uk/subject/7539,Fleet Management,1195,SMALL VAN ,934.94,9891M,48.09,D
13/07/2016,http://opendatacommunities.org/id/metropolitan-district-council/leeds,Leeds,http://id.esd.org.uk/subject/7539,Fleet Management,1196,SMALL VAN ,542.59,5633M,47.19,D
13/07/2016,http://opendatacommunities.org/id/metropolitan-district-council/leeds,Leeds,http://id.esd.org.uk/subject/7539,Fleet Management,10,CAR       ,3301.51,33495M,46.12,D
13/07/2016,http://opendatacommunities.org/id/metropolitan-district-council/leeds,Leeds,http://id.esd.org.uk/subject/7539,Fleet Management,11,CAR       ,5678.08,61756M,49.44,D
13/07/2016,http://opendatacommunities.org/id/metropolitan-district-council/leeds,Leeds,http://id.esd.org.uk/subject/7539,Fleet Management,1897,LARGE VAN ,65,1340M,93.71,D
13/07/2016,http://opendatacommunities.org/id/metropolitan-district-council/leeds,Leeds,http://id.esd.org.uk/subject/7539,Fleet Management,1967EHE  ,MED TIPPER,638.96,2784M*,24.8,D
13/07/2016,http://opendatacommunities.org/id/metropolitan-district-council/leeds,Leeds,http://id.esd.org.uk/subject/7539,Fleet Management,1966,FLATBACK  ,838.29,3682M*,21.64,D
13/07/2016,http://opendatacommunities.org/id/metropolitan-district-council/leeds,Leeds,http://id.esd.org.uk/subject/7539,Fleet Management,959,SMALL VAN ,710.19,5614M,35.93,D
13/07/2016,http://opendatacommunities.org/id/metropolitan-district-council/leeds,Leeds,http://id.esd.org.uk/subject/7539,Fleet Management,1947,FLATBACK  ,1885.41,7582M*,18.91,D
13/07/2016,http://opendatacommunities.org/id/metropolitan-district-council/leeds,Leeds,http://id.esd.org.uk/subject/7539,Fleet Management,953,SMALL VAN ,1174.1,9938M,38.47,D
13/07/2016,http://opendatacommunities.org/id/metropolitan-district-council/leeds,Leeds,http://id.esd.org.uk/subject/7539,Fleet Management,1459,MED VAN   ,1025.77,6746M,29.89,D
13/07/2016,http://opendatacommunities.org/id/metropolitan-district-council/leeds,Leeds,http://id.esd.org.uk/subject/7539,Fleet Management,356,MINIBUS   ,1295.24,9841M,34.54,D
13/07/2016,http://opendatacommunities.org/id/metropolitan-district-council/leeds,Leeds,http://id.esd.org.uk/subject/7539,Fleet Management,762,SMALL VAN ,551.06,8566M*,76,D
13/07/2016,http://opendatacommunities.org/id/metropolitan-district-council/leeds,Leeds,http://id.esd.org.uk/subject/7539,Fleet Management,1882,MED VAN   ,2201.39,8246M,17.03,D
13/07/2016,http://opendatacommunities.org/id/metropolitan-district-council/leeds,Leeds,http://id.esd.org.uk/subject/7539,Fleet Management,1731,MED VAN   ,1664.85,10191M,27.82,D
13/07/2016,http://opendatacommunities.org/id/metropolitan-district-council/leeds,Leeds,http://id.esd.org.uk/subject/7539,Fleet Management,1730,MED VAN   ,1978.67,11660M,26.79,D
13/07/2016,http://opendatacommunities.org/id/metropolitan-district-council/leeds,Leeds,http://id.esd.org.uk/subject/7539,Fleet Management,1723,MED VAN   ,1401.03,6896M,22.37,D
13/07/2016,http://opendatacommunities.org/id/metropolitan-district-council/leeds,Leeds,http://id.esd.org.uk/subject/7539,Fleet Management,1722,MED VAN   ,1781.02,9794M,25,D
13/07/2016,http://opendatacommunities.org/id/metropolitan-district-council/leeds,Leeds,http://id.esd.org.uk/subject/7539,Fleet Management,1729,MED VAN   ,1921.87,10901M,25.78,D
13/07/2016,http://opendatacommunities.org/id/metropolitan-district-council/leeds,Leeds,http://id.esd.org.uk/subject/7539,Fleet Management,1732,MED VAN   ,1001.17,4789M,21.74,D
13/07/2016,http://opendatacommunities.org/id/metropolitan-district-council/leeds,Leeds,http://id.esd.org.uk/subject/7539,Fleet Management,1733,MED VAN   ,1848.69,10300M,25.33,D
13/07/2016,http://opendatacommunities.org/id/metropolitan-district-council/leeds,Leeds,http://id.esd.org.uk/subject/7539,Fleet Management,1737,MED VAN   ,815.26,4993M,27.84,D
13/07/2016,http://opendatacommunities.org/id/metropolitan-district-council/leeds,Leeds,http://id.esd.org.uk/subject/7539,Fleet Management,1724,MED VAN   ,1236.19,6953M,25.57,D
13/07/2016,http://opendatacommunities.org/id/metropolitan-district-council/leeds,Leeds,http://id.esd.org.uk/subject/7539,Fleet Management,1961ENE  ,MED TIPPER,1063.56,5270M,22.52,D
13/07/2016,http://opendatacommunities.org/id/metropolitan-district-council/leeds,Leeds,http://id.esd.org.uk/subject/7539,Fleet Management,0529ENE  ,4 X 4     ,1246.43,7024M,25.61,D
13/07/2016,http://opendatacommunities.org/id/metropolitan-district-council/leeds,Leeds,http://id.esd.org.uk/subject/7539,Fleet Management,1355ENE  ,MED VAN   ,313.27,1797M,26.07,D
13/07/2016,http://opendatacommunities.org/id/metropolitan-district-council/leeds,Leeds,http://id.esd.org.uk/subject/7539,Fleet Management,,        MED VAN   ,1375.32,7458M*,27.2,D
13/07/2016,http://opendatacommunities.org/id/metropolitan-district-council/leeds,Leeds,http://id.esd.org.uk/subject/7539,Fleet Management,1351ENE  ,MED VAN   ,694.91,5738M,37.53,D
13/07/2016,http://opendatacommunities.org/id/metropolitan-district-council/leeds,Leeds,http://id.esd.org.uk/subject/7539,Fleet Management,YC13DYP  ,MED VAN   ,1555.26,10229M*,31.2,D
13/07/2016,http://opendatacommunities.org/id/metropolitan-district-council/leeds,Leeds,http://id.esd.org.uk/subject/7539,Fleet Management,1352ENE  ,MED VAN   ,1388.78,9266M,30.33,D
13/07/2016,http://opendatacommunities.org/id/metropolitan-district-council/leeds,Leeds,http://id.esd.org.uk/subject/7539,Fleet Management,YC13JZK  ,SMALL VAN ,852.86,5054M*,27.62,D
13/07/2016,http://opendatacommunities.org/id/metropolitan-district-council/leeds,Leeds,http://id.esd.org.uk/subject/7539,Fleet Management,8540,SML SWEEPE,2895.02,3206M,5.03,D
13/07/2016,http://opendatacommunities.org/id/metropolitan-district-council/leeds,Leeds,http://id.esd.org.uk/subject/7539,Fleet Management,8541,SML SWEEPE,3886.93,4213M,4.93,D
13/07/2016,http://opendatacommunities.org/id/metropolitan-district-council/leeds,Leeds,http://id.esd.org.uk/subject/7539,Fleet Management,8542,SML SWEEPE,5783,5072M,3.99,D
13/07/2016,http://opendatacommunities.org/id/metropolitan-district-council/leeds,Leeds,http://id.esd.org.uk/subject/7539,Fleet Management,8543,SML SWEEPE,5499.32,7448M,6.16,D
13/07/2016,http://opendatacommunities.org/id/metropolitan-district-council/leeds,Leeds,http://id.esd.org.uk/subject/7539,Fleet Management,8544,SML SWEEPE,5163.03,5242M,4.61,D
13/07/2016,http://opendatacommunities.org/id/metropolitan-district-council/leeds,Leeds,http://id.esd.org.uk/subject/7539,Fleet Management,8545,SML SWEEPE,4085.27,5881M,6.54,D
13/07/2016,http://opendatacommunities.org/id/metropolitan-district-council/leeds,Leeds,http://id.esd.org.uk/subject/7539,Fleet Management,8547,SML SWEEPE,971.69,1496M,7,D
13/07/2016,http://opendatacommunities.org/id/metropolitan-district-council/leeds,Leeds,http://id.esd.org.uk/subject/7539,Fleet Management,YC13YGD  ,SMALL VAN ,466.89,3346M*,35.55,D
13/07/2016,http://opendatacommunities.org/id/metropolitan-district-council/leeds,Leeds,http://id.esd.org.uk/subject/7539,Fleet Management,1050,SMALL VAN ,958.14,8878M,42.12,D
13/07/2016,http://opendatacommunities.org/id/metropolitan-district-council/leeds,Leeds,http://id.esd.org.uk/subject/7539,Fleet Management,1171,SMALL VAN ,801.66,7424M,42.09,D
13/07/2016,http://opendatacommunities.org/id/metropolitan-district-council/leeds,Leeds,http://id.esd.org.uk/subject/7539,Fleet Management,1172,SMALL VAN ,1207.97,10118M,38.07,D
13/07/2016,http://opendatacommunities.org/id/metropolitan-district-council/leeds,Leeds,http://id.esd.org.uk/subject/7539,Fleet Management,293,WELFARE   ,3014.62,13351M,20.13,D
13/07/2016,http://opendatacommunities.org/id/metropolitan-district-council/leeds,Leeds,http://id.esd.org.uk/subject/7539,Fleet Management,80,4 X 4     ,1139.94,8776M,34.99,D
13/07/2016,http://opendatacommunities.org/id/metropolitan-district-council/leeds,Leeds,http://id.esd.org.uk/subject/7539,Fleet Management,721,SMALL VAN ,396.55,3788M*,47.74,D
13/07/2016,http://opendatacommunities.org/id/metropolitan-district-council/leeds,Leeds,http://id.esd.org.uk/subject/7539,Fleet Management,2680,MED TIPPER,2305.67,15970K,19.56,D
13/07/2016,http://opendatacommunities.org/id/metropolitan-district-council/leeds,Leeds,http://id.esd.org.uk/subject/7539,Fleet Management,1026,SMALL VAN ,941.21,7564M,36.53,D
13/07/2016,http://opendatacommunities.org/id/metropolitan-district-council/leeds,Leeds,http://id.esd.org.uk/subject/7539,Fleet Management,YC63WDZ  ,LARGE TIPP,118.25,644K*,31.24,D
13/07/2016,http://opendatacommunities.org/id/metropolitan-district-council/leeds,Leeds,http://id.esd.org.uk/subject/7539,Fleet Management,3433,LARGE TIPP,1516.9,8098K,15.08,D
13/07/2016,http://opendatacommunities.org/id/metropolitan-district-council/leeds,Leeds,http://id.esd.org.uk/subject/7539,Fleet Management,3434,LARGE TIPP,1078.75,3360K,8.8,D
13/07/2016,http://opendatacommunities.org/id/metropolitan-district-council/leeds,Leeds,http://id.esd.org.uk/subject/7539,Fleet Management,3432,LARGE TIPP,1315.55,4538K,9.74,D
13/07/2016,http://opendatacommunities.org/id/metropolitan-district-council/leeds,Leeds,http://id.esd.org.uk/subject/7539,Fleet Management,1080,SMALL VAN ,949.04,8844M*,44.29,D
13/07/2016,http://opendatacommunities.org/id/metropolitan-district-council/leeds,Leeds,http://id.esd.org.uk/subject/7539,Fleet Management,1079,SMALL VAN ,561.82,4989M*,43.48,D
13/07/2016,http://opendatacommunities.org/id/metropolitan-district-council/leeds,Leeds,http://id.esd.org.uk/subject/7539,Fleet Management,1082,SMALL VAN ,893.19,8415M*,44.98,D
13/07/2016,http://opendatacommunities.org/id/metropolitan-district-council/leeds,Leeds,http://id.esd.org.uk/subject/7539,Fleet Management,1083,SMALL VAN ,429.38,3779M*,43.92,D
13/07/2016,http://opendatacommunities.org/id/metropolitan-district-council/leeds,Leeds,http://id.esd.org.uk/subject/7539,Fleet Management,1081,SMALL VAN ,543.35,4936M*,44.96,D
13/07/2016,http://opendatacommunities.org/id/metropolitan-district-council/leeds,Leeds,http://id.esd.org.uk/subject/7539,Fleet Management,2602,MED TIPPER,1266.9,6333M*,23.75,D
13/07/2016,http://opendatacommunities.org/id/metropolitan-district-council/leeds,Leeds,http://id.esd.org.uk/subject/7539,Fleet Management,3429,LARGE TIPP,1628.66,5944M,16.59,D
13/07/2016,http://opendatacommunities.org/id/metropolitan-district-council/leeds,Leeds,http://id.esd.org.uk/subject/7539,Fleet Management,429,WELFARE   ,6613.59,25705K,10.98,D
13/07/2016,http://opendatacommunities.org/id/metropolitan-district-council/leeds,Leeds,http://id.esd.org.uk/subject/7539,Fleet Management,78,CAR       ,53.57,375M,31.82,D
13/07/2016,http://opendatacommunities.org/id/metropolitan-district-council/leeds,Leeds,http://id.esd.org.uk/subject/7539,Fleet Management,1342ENE  ,LARGE VAN ,1688.19,9778M,26.33,D
13/07/2016,http://opendatacommunities.org/id/metropolitan-district-council/leeds,Leeds,http://id.esd.org.uk/subject/7539,Fleet Management,1340ENE  ,MED VAN   ,1212.11,6557M,24.59,D
13/07/2016,http://opendatacommunities.org/id/metropolitan-district-council/leeds,Leeds,http://id.esd.org.uk/subject/7539,Fleet Management,1350ENE  ,LARGE VAN ,1114.56,6456M*,29.79,D
13/07/2016,http://opendatacommunities.org/id/metropolitan-district-council/leeds,Leeds,http://id.esd.org.uk/subject/7539,Fleet Management,YD13MRV  ,SMALL VAN ,955.83,7222M,34.34,D
13/07/2016,http://opendatacommunities.org/id/metropolitan-district-council/leeds,Leeds,http://id.esd.org.uk/subject/7539,Fleet Management,YD13MXR  ,SMALL VAN ,299.19,2447M,37.18,D
13/07/2016,http://opendatacommunities.org/id/metropolitan-district-council/leeds,Leeds,http://id.esd.org.uk/subject/7539,Fleet Management,1125,SMALL VAN ,1270.47,10612M,37.97,D
13/07/2016,http://opendatacommunities.org/id/metropolitan-district-council/leeds,Leeds,http://id.esd.org.uk/subject/7539,Fleet Management,1894,LARGE VAN ,2653.67,14577M,24.97,D
13/07/2016,http://opendatacommunities.org/id/metropolitan-district-council/leeds,Leeds,http://id.esd.org.uk/subject/7539,Fleet Management,98,MPV       ,1457.09,12487M,38.95,D
13/07/2016,http://opendatacommunities.org/id/metropolitan-district-council/leeds,Leeds,http://id.esd.org.uk/subject/7539,Fleet Management,1044,SMALL VAN ,918.4,9169M,45.38,D
13/07/2016,http://opendatacommunities.org/id/metropolitan-district-council/leeds,Leeds,http://id.esd.org.uk/subject/7539,Fleet Management,1045,SMALL VAN ,523.08,6046M,52.54,D
13/07/2016,http://opendatacommunities.org/id/metropolitan-district-council/leeds,Leeds,http://id.esd.org.uk/subject/7539,Fleet Management,1051,SMALL VAN ,1003.73,10449M,47.32,D
13/07/2016,http://opendatacommunities.org/id/metropolitan-district-council/leeds,Leeds,http://id.esd.org.uk/subject/7539,Fleet Management,1179,SMALL VAN ,1168.05,9902M,38.53,D
13/07/2016,http://opendatacommunities.org/id/metropolitan-district-council/leeds,Leeds,http://id.esd.org.uk/subject/7539,Fleet Management,1057,SMALL VAN ,561.21,6101M,49.41,D
13/07/2016,http://opendatacommunities.org/id/metropolitan-district-council/leeds,Leeds,http://id.esd.org.uk/subject/7539,Fleet Management,1182,SMALL VAN ,1192.66,10891M,41.51,D
13/07/2016,http://opendatacommunities.org/id/metropolitan-district-council/leeds,Leeds,http://id.esd.org.uk/subject/7539,Fleet Management,1183,SMALL VAN ,696.07,5858M,38.25,D
13/07/2016,http://opendatacommunities.org/id/metropolitan-district-council/leeds,Leeds,http://id.esd.org.uk/subject/7539,Fleet Management,1184,SMALL VAN ,750.82,7377M,44.66,D
13/07/2016,http://opendatacommunities.org/id/metropolitan-district-council/leeds,Leeds,http://id.esd.org.uk/subject/7539,Fleet Management,1215,SMALL VAN ,530.06,5007M,42.94,D
13/07/2016,http://opendatacommunities.org/id/metropolitan-district-council/leeds,Leeds,http://id.esd.org.uk/subject/7539,Fleet Management,749,SMALL VAN ,203.67,1915M,42.74,D
13/07/2016,http://opendatacommunities.org/id/metropolitan-district-council/leeds,Leeds,http://id.esd.org.uk/subject/7539,Fleet Management,790,SMALL VAN ,858.99,10013M,52.99,D
13/07/2016,http://opendatacommunities.org/id/metropolitan-district-council/leeds,Leeds,http://id.esd.org.uk/subject/7539,Fleet Management,775,SMALL VAN ,766.25,6549M,38.85,D
13/07/2016,http://opendatacommunities.org/id/metropolitan-district-council/leeds,Leeds,http://id.esd.org.uk/subject/7539,Fleet Management,772,SMALL VAN ,496.95,5558M,50.84,D
13/07/2016,http://opendatacommunities.org/id/metropolitan-district-council/leeds,Leeds,http://id.esd.org.uk/subject/7539,Fleet Management,794,SMALL VAN ,705.3,8418M,54.25,D
13/07/2016,http://opendatacommunities.org/id/metropolitan-district-council/leeds,Leeds,http://id.esd.org.uk/subject/7539,Fleet Management,789,SMALL VAN ,1030.02,11826M,52.19,D
13/07/2016,http://opendatacommunities.org/id/metropolitan-district-council/leeds,Leeds,http://id.esd.org.uk/subject/7539,Fleet Management,785,SMALL VAN ,791.78,8688M,49.88,D
13/07/2016,http://opendatacommunities.org/id/metropolitan-district-council/leeds,Leeds,http://id.esd.org.uk/subject/7539,Fleet Management,777,SMALL VAN ,734.21,7631M,47.24,D
13/07/2016,http://opendatacommunities.org/id/metropolitan-district-council/leeds,Leeds,http://id.esd.org.uk/subject/7539,Fleet Management,781,SMALL VAN ,316.3,3952M,56.79,D
13/07/2016,http://opendatacommunities.org/id/metropolitan-district-council/leeds,Leeds,http://id.esd.org.uk/subject/7539,Fleet Management,783,SMALL VAN ,755.67,8210M,49.38,D
13/07/2016,http://opendatacommunities.org/id/metropolitan-district-council/leeds,Leeds,http://id.esd.org.uk/subject/7539,Fleet Management,793,SMALL VAN ,809.22,9955M,55.92,D
13/07/2016,http://opendatacommunities.org/id/metropolitan-district-council/leeds,Leeds,http://id.esd.org.uk/subject/7539,Fleet Management,786,SMALL VAN ,349.25,3645M,47.44,D
13/07/2016,http://opendatacommunities.org/id/metropolitan-district-council/leeds,Leeds,http://id.esd.org.uk/subject/7539,Fleet Management,787,SMALL VAN ,561.51,6518M,52.76,D
13/07/2016,http://opendatacommunities.org/id/metropolitan-district-council/leeds,Leeds,http://id.esd.org.uk/subject/7539,Fleet Management,788,SMALL VAN ,514.63,5243M,46.31,D
13/07/2016,http://opendatacommunities.org/id/metropolitan-district-council/leeds,Leeds,http://id.esd.org.uk/subject/7539,Fleet Management,779,SMALL VAN ,537.88,6258M,52.88,D
13/07/2016,http://opendatacommunities.org/id/metropolitan-district-council/leeds,Leeds,http://id.esd.org.uk/subject/7539,Fleet Management,774,SMALL VAN ,641.27,6633M,47.02,D
13/07/2016,http://opendatacommunities.org/id/metropolitan-district-council/leeds,Leeds,http://id.esd.org.uk/subject/7539,Fleet Management,792,SMALL VAN ,649.86,6930M,48.47,D
13/07/2016,http://opendatacommunities.org/id/metropolitan-district-council/leeds,Leeds,http://id.esd.org.uk/subject/7539,Fleet Management,780,SMALL VAN ,922.16,11704M,57.69,D
13/07/2016,http://opendatacommunities.org/id/metropolitan-district-council/leeds,Leeds,http://id.esd.org.uk/subject/7539,Fleet Management,773,SMALL VAN ,500.85,4029M,36.57,D
13/07/2016,http://opendatacommunities.org/id/metropolitan-district-council/leeds,Leeds,http://id.esd.org.uk/subject/7539,Fleet Management,1067,SMALL VAN ,169.69,3041M*,81.47,D
13/07/2016,http://opendatacommunities.org/id/metropolitan-district-council/leeds,Leeds,http://id.esd.org.uk/subject/7539,Fleet Management,957,SMALL VAN ,707.68,5781M,37.13,D
13/07/2016,http://opendatacommunities.org/id/metropolitan-district-council/leeds,Leeds,http://id.esd.org.uk/subject/7539,Fleet Management,1948,MED TIPPER,2024.51,9672M,21.72,D
13/07/2016,http://opendatacommunities.org/id/metropolitan-district-council/leeds,Leeds,http://id.esd.org.uk/subject/7539,Fleet Management,78079,MINIBUS   ,579.89,2345M,18.38,D
13/07/2016,http://opendatacommunities.org/id/metropolitan-district-council/leeds,Leeds,http://id.esd.org.uk/subject/7539,Fleet Management,759,SMALL VAN ,776.68,8912M,52.16,D
13/07/2016,http://opendatacommunities.org/id/metropolitan-district-council/leeds,Leeds,http://id.esd.org.uk/subject/7539,Fleet Management,952,SMALL VAN ,1868.79,12926M,31.44,D
13/07/2016,http://opendatacommunities.org/id/metropolitan-district-council/leeds,Leeds,http://id.esd.org.uk/subject/7539,Fleet Management,985,SMALL VAN ,1359.2,10823M,36.19,D
13/07/2016,http://opendatacommunities.org/id/metropolitan-district-council/leeds,Leeds,http://id.esd.org.uk/subject/7539,Fleet Management,963,SMALL VAN ,869.93,7252M,37.89,D
13/07/2016,http://opendatacommunities.org/id/metropolitan-district-council/leeds,Leeds,http://id.esd.org.uk/subject/7539,Fleet Management,255,WELFARE   ,2680.94,11028M,18.7,D
13/07/2016,http://opendatacommunities.org/id/metropolitan-district-council/leeds,Leeds,http://id.esd.org.uk/subject/7539,Fleet Management,256,WELFARE   ,4150.35,17640M,19.32,D
13/07/2016,http://opendatacommunities.org/id/metropolitan-district-council/leeds,Leeds,http://id.esd.org.uk/subject/7539,Fleet Management,252,WELFARE   ,2748.84,11497M,19.01,D
13/07/2016,http://opendatacommunities.org/id/metropolitan-district-council/leeds,Leeds,http://id.esd.org.uk/subject/7539,Fleet Management,253,WELFARE   ,3861.54,15439M,18.17,D
13/07/2016,http://opendatacommunities.org/id/metropolitan-district-council/leeds,Leeds,http://id.esd.org.uk/subject/7539,Fleet Management,254,WELFARE   ,1692.2,7349M,19.74,D
13/07/2016,http://opendatacommunities.org/id/metropolitan-district-council/leeds,Leeds,http://id.esd.org.uk/subject/7539,Fleet Management,251,WELFARE   ,3841.24,15922M,18.84,D
13/07/2016,http://opendatacommunities.org/id/metropolitan-district-council/leeds,Leeds,http://id.esd.org.uk/subject/7539,Fleet Management,1736,MED VAN   ,1537.88,8610M,25.45,D
13/07/2016,http://opendatacommunities.org/id/metropolitan-district-council/leeds,Leeds,http://id.esd.org.uk/subject/7539,Fleet Management,1738,MED VAN   ,530,2878M,24.68,D
13/07/2016,http://opendatacommunities.org/id/metropolitan-district-council/leeds,Leeds,http://id.esd.org.uk/subject/7539,Fleet Management,4481,3 AXLE BIN,13699.82,16648K,3.43,D
13/07/2016,http://opendatacommunities.org/id/metropolitan-district-council/leeds,Leeds,http://id.esd.org.uk/subject/7539,Fleet Management,1960ENE  ,MED TIPPER,892.79,4801M,24.44,D
13/07/2016,http://opendatacommunities.org/id/metropolitan-district-council/leeds,Leeds,http://id.esd.org.uk/subject/7539,Fleet Management,1130,SMALL VAN ,1188.39,8695M,33.26,D
13/07/2016,http://opendatacommunities.org/id/metropolitan-district-council/leeds,Leeds,http://id.esd.org.uk/subject/7539,Fleet Management,1128,SMALL VAN ,1276.04,9801M,34.91,D
13/07/2016,http://opendatacommunities.org/id/metropolitan-district-council/leeds,Leeds,http://id.esd.org.uk/subject/7539,Fleet Management,1131,SMALL VAN ,708.74,5410M,34.7,D
13/07/2016,http://opendatacommunities.org/id/metropolitan-district-council/leeds,Leeds,http://id.esd.org.uk/subject/7539,Fleet Management,1129,SMALL VAN ,693.39,5814M,38.11,D
13/07/2016,http://opendatacommunities.org/id/metropolitan-district-council/leeds,Leeds,http://id.esd.org.uk/subject/7539,Fleet Management,1549,MED VAN   ,1513.22,13668M*,41.14,D
13/07/2016,http://opendatacommunities.org/id/metropolitan-district-council/leeds,Leeds,http://id.esd.org.uk/subject/7539,Fleet Management,1529,MED VAN   ,1660.33,9280M*,26.42,D
13/07/2016,http://opendatacommunities.org/id/metropolitan-district-council/leeds,Leeds,http://id.esd.org.uk/subject/7539,Fleet Management,57,CAR       ,203.45,1632M,36.46,D
13/07/2016,http://opendatacommunities.org/id/metropolitan-district-council/leeds,Leeds,http://id.esd.org.uk/subject/7539,Fleet Management,2662,MED TIPPER,528.78,2333M,20.05,D
13/07/2016,http://opendatacommunities.org/id/metropolitan-district-council/leeds,Leeds,http://id.esd.org.uk/subject/7539,Fleet Management,2663,MED TIPPER,1331.49,6310M*,22.39,D
13/07/2016,http://opendatacommunities.org/id/metropolitan-district-council/leeds,Leeds,http://id.esd.org.uk/subject/7539,Fleet Management,337,MINIBUS   ,313.49,2649M,38.41,D
13/07/2016,http://opendatacommunities.org/id/metropolitan-district-council/leeds,Leeds,http://id.esd.org.uk/subject/7539,Fleet Management,4457,3 AXLE BIN,13391.15,14503K,3.06,D
13/07/2016,http://opendatacommunities.org/id/metropolitan-district-council/leeds,Leeds,http://id.esd.org.uk/subject/7539,Fleet Management,4460,3 AXLE BIN,14120.87,15406K,3.08,D
13/07/2016,http://opendatacommunities.org/id/metropolitan-district-council/leeds,Leeds,http://id.esd.org.uk/subject/7539,Fleet Management,4458,3 AXLE BIN,12190.37,15302K,3.55,D
13/07/2016,http://opendatacommunities.org/id/metropolitan-district-council/leeds,Leeds,http://id.esd.org.uk/subject/7539,Fleet Management,4462,3 AXLE BIN,13828.84,15405K,3.15,D
13/07/2016,http://opendatacommunities.org/id/metropolitan-district-council/leeds,Leeds,http://id.esd.org.uk/subject/7539,Fleet Management,4459,3 AXLE BIN,11070.91,12641K,3.22,D
13/07/2016,http://opendatacommunities.org/id/metropolitan-district-council/leeds,Leeds,http://id.esd.org.uk/subject/7539,Fleet Management,4465,3 AXLE BIN,9274.27,8381K,2.55,D
13/07/2016,http://opendatacommunities.org/id/metropolitan-district-council/leeds,Leeds,http://id.esd.org.uk/subject/7539,Fleet Management,784467,3 AXLE BIN,15638.68,16643K,3.01,D
13/07/2016,http://opendatacommunities.org/id/metropolitan-district-council/leeds,Leeds,http://id.esd.org.uk/subject/7539,Fleet Management,784464,3 AXLE BIN,13339.99,14049K,2.97,D
13/07/2016,http://opendatacommunities.org/id/metropolitan-district-council/leeds,Leeds,http://id.esd.org.uk/subject/7539,Fleet Management,4466,3 AXLE BIN,14014.34,16325K,3.29,D
13/07/2016,http://opendatacommunities.org/id/metropolitan-district-council/leeds,Leeds,http://id.esd.org.uk/subject/7539,Fleet Management,4468,3 AXLE BIN,13338.04,14770K,3.13,D
13/07/2016,http://opendatacommunities.org/id/metropolitan-district-council/leeds,Leeds,http://id.esd.org.uk/subject/7539,Fleet Management,4463,3 AXLE BIN,17796.18,23301K,3.7,D
13/07/2016,http://opendatacommunities.org/id/metropolitan-district-council/leeds,Leeds,http://id.esd.org.uk/subject/7539,Fleet Management,4469,3 AXLE BIN,11510.23,11313K,2.78,D
13/07/2016,http://opendatacommunities.org/id/metropolitan-district-council/leeds,Leeds,http://id.esd.org.uk/subject/7539,Fleet Management,784470,3 AXLE BIN,14993.51,16409K,3.09,D
13/07/2016,http://opendatacommunities.org/id/metropolitan-district-council/leeds,Leeds,http://id.esd.org.uk/subject/7539,Fleet Management,94,CAR       ,4135.32,41234M,45.32,D
13/07/2016,http://opendatacommunities.org/id/metropolitan-district-council/leeds,Leeds,http://id.esd.org.uk/subject/7539,Fleet Management,93,CAR       ,2604.53,27521M*,48.56,D
13/07/2016,http://opendatacommunities.org/id/metropolitan-district-council/leeds,Leeds,http://id.esd.org.uk/subject/7539,Fleet Management,374,MINIBUS   ,363.95,1897M,23.69,D
13/07/2016,http://opendatacommunities.org/id/metropolitan-district-council/leeds,Leeds,http://id.esd.org.uk/subject/7539,Fleet Management,1258,SMALL VAN ,546.86,4182M*,34.81,D
13/07/2016,http://opendatacommunities.org/id/metropolitan-district-council/leeds,Leeds,http://id.esd.org.uk/subject/7539,Fleet Management,1266,SMALL VAN ,394.42,3151M,36.31,D
13/07/2016,http://opendatacommunities.org/id/metropolitan-district-council/leeds,Leeds,http://id.esd.org.uk/subject/7539,Fleet Management,965,SMALL VAN ,346.91,3605M*,53.69,D
13/07/2016,http://opendatacommunities.org/id/metropolitan-district-council/leeds,Leeds,http://id.esd.org.uk/subject/7539,Fleet Management,960,SMALL VAN ,762.01,6316M,37.68,D
13/07/2016,http://opendatacommunities.org/id/metropolitan-district-council/leeds,Leeds,http://id.esd.org.uk/subject/7539,Fleet Management,980,SMALL VAN ,653.04,4637M,32.28,D
13/07/2016,http://opendatacommunities.org/id/metropolitan-district-council/leeds,Leeds,http://id.esd.org.uk/subject/7539,Fleet Management,976,SMALL VAN ,700.37,6601M,42.84,D
13/07/2016,http://opendatacommunities.org/id/metropolitan-district-council/leeds,Leeds,http://id.esd.org.uk/subject/7539,Fleet Management,986,SMALL VAN ,1068.3,8115M,34.53,D
13/07/2016,http://opendatacommunities.org/id/metropolitan-district-council/leeds,Leeds,http://id.esd.org.uk/subject/7539,Fleet Management,964,SMALL VAN ,604.9,6098M,45.82,D
13/07/2016,http://opendatacommunities.org/id/metropolitan-district-council/leeds,Leeds,http://id.esd.org.uk/subject/7539,Fleet Management,954,SMALL VAN ,1353.12,10677M,35.87,D
13/07/2016,http://opendatacommunities.org/id/metropolitan-district-council/leeds,Leeds,http://id.esd.org.uk/subject/7539,Fleet Management,78967,SMALL VAN ,48.51,ONLY,ONE AUDIT,D
13/07/2016,http://opendatacommunities.org/id/metropolitan-district-council/leeds,Leeds,http://id.esd.org.uk/subject/7539,Fleet Management,1952,FLATBACK  ,506.95,1790M,16.05,D
13/07/2016,http://opendatacommunities.org/id/metropolitan-district-council/leeds,Leeds,http://id.esd.org.uk/subject/7539,Fleet Management,853,SMALL VAN ,402.83,2894M,32.66,D
13/07/2016,http://opendatacommunities.org/id/metropolitan-district-council/leeds,Leeds,http://id.esd.org.uk/subject/7539,Fleet Management,994,SMALL VAN ,1159.43,9425M,36.95,D
13/07/2016,http://opendatacommunities.org/id/metropolitan-district-council/leeds,Leeds,http://id.esd.org.uk/subject/7539,Fleet Management,765,SMALL VAN ,285.43,3180M,50.64,D
13/07/2016,http://opendatacommunities.org/id/metropolitan-district-council/leeds,Leeds,http://id.esd.org.uk/subject/7539,Fleet Management,1884,LARGE VAN ,1916.87,17021K,25.08,D
13/07/2016,http://opendatacommunities.org/id/metropolitan-district-council/leeds,Leeds,http://id.esd.org.uk/subject/7539,Fleet Management,744,SMALL VAN ,290.19,3219M,50.42,D
13/07/2016,http://opendatacommunities.org/id/metropolitan-district-council/leeds,Leeds,http://id.esd.org.uk/subject/7539,Fleet Management,743,SMALL VAN ,781.53,8958M,52.1,D
13/07/2016,http://opendatacommunities.org/id/metropolitan-district-council/leeds,Leeds,http://id.esd.org.uk/subject/7539,Fleet Management,1169,SMALL VAN ,1653.02,11167M,30.71,D
13/07/2016,http://opendatacommunities.org/id/metropolitan-district-council/leeds,Leeds,http://id.esd.org.uk/subject/7539,Fleet Management,1160,SMALL VAN ,1290.67,8509M,29.97,D
13/07/2016,http://opendatacommunities.org/id/metropolitan-district-council/leeds,Leeds,http://id.esd.org.uk/subject/7539,Fleet Management,1150,SMALL VAN ,495.89,4104M,37.62,D
13/07/2016,http://opendatacommunities.org/id/metropolitan-district-council/leeds,Leeds,http://id.esd.org.uk/subject/7539,Fleet Management,1739ENE  ,MED VAN   ,1005.15,5367M,24.27,D
13/07/2016,http://opendatacommunities.org/id/metropolitan-district-council/leeds,Leeds,http://id.esd.org.uk/subject/7539,Fleet Management,8546,SML SWEEPE,4665.51,4897M,4.77,D
13/07/2016,http://opendatacommunities.org/id/metropolitan-district-council/leeds,Leeds,http://id.esd.org.uk/subject/7539,Fleet Management,,        SMALL VAN ,976.9,7046M,32.78,D
13/07/2016,http://opendatacommunities.org/id/metropolitan-district-council/leeds,Leeds,http://id.esd.org.uk/subject/7539,Fleet Management,1158,SMALL VAN ,1821.02,12049M,30.08,D
13/07/2016,http://opendatacommunities.org/id/metropolitan-district-council/leeds,Leeds,http://id.esd.org.uk/subject/7539,Fleet Management,1749,MED VAN   ,2515.05,13730M,24.81,D
13/07/2016,http://opendatacommunities.org/id/metropolitan-district-council/leeds,Leeds,http://id.esd.org.uk/subject/7539,Fleet Management,1148,SMALL VAN ,908.34,6466M,32.36,D
13/07/2016,http://opendatacommunities.org/id/metropolitan-district-council/leeds,Leeds,http://id.esd.org.uk/subject/7539,Fleet Management,1134,SMALL VAN ,583.02,4141M,32.28,D
13/07/2016,http://opendatacommunities.org/id/metropolitan-district-council/leeds,Leeds,http://id.esd.org.uk/subject/7539,Fleet Management,106,SMALL VAN ,858.69,8853M,46.86,D
13/07/2016,http://opendatacommunities.org/id/metropolitan-district-council/leeds,Leeds,http://id.esd.org.uk/subject/7539,Fleet Management,1133,SMALL VAN ,1004.9,7719M,34.92,D
13/07/2016,http://opendatacommunities.org/id/metropolitan-district-council/leeds,Leeds,http://id.esd.org.uk/subject/7539,Fleet Management,1164,SMALL VAN ,1335.69,9935M,33.81,D
13/07/2016,http://opendatacommunities.org/id/metropolitan-district-council/leeds,Leeds,http://id.esd.org.uk/subject/7539,Fleet Management,1132,SMALL VAN ,915.91,7359M,36.52,D
13/07/2016,http://opendatacommunities.org/id/metropolitan-district-council/leeds,Leeds,http://id.esd.org.uk/subject/7539,Fleet Management,1135,SMALL VAN ,1066.48,9335M,39.79,D
13/07/2016,http://opendatacommunities.org/id/metropolitan-district-council/leeds,Leeds,http://id.esd.org.uk/subject/7539,Fleet Management,1161,SMALL VAN ,1171.47,10509M,40.78,D
13/07/2016,http://opendatacommunities.org/id/metropolitan-district-council/leeds,Leeds,http://id.esd.org.uk/subject/7539,Fleet Management,1136,SMALL VAN ,1195.64,8469M,32.2,D
13/07/2016,http://opendatacommunities.org/id/metropolitan-district-council/leeds,Leeds,http://id.esd.org.uk/subject/7539,Fleet Management,1149,SMALL VAN ,852.75,5451M,29.06,D
13/07/2016,http://opendatacommunities.org/id/metropolitan-district-council/leeds,Leeds,http://id.esd.org.uk/subject/7539,Fleet Management,1166,SMALL VAN ,1318.3,8818M,30.4,D
13/07/2016,http://opendatacommunities.org/id/metropolitan-district-council/leeds,Leeds,http://id.esd.org.uk/subject/7539,Fleet Management,,        SMALL VAN ,1147.58,9455M,37.45,D
13/07/2016,http://opendatacommunities.org/id/metropolitan-district-council/leeds,Leeds,http://id.esd.org.uk/subject/7539,Fleet Management,1142,SMALL VAN ,708.29,5019M,32.21,D
13/07/2016,http://opendatacommunities.org/id/metropolitan-district-council/leeds,Leeds,http://id.esd.org.uk/subject/7539,Fleet Management,1165,SMALL VAN ,1372.01,9109M,30.18,D
13/07/2016,http://opendatacommunities.org/id/metropolitan-district-council/leeds,Leeds,http://id.esd.org.uk/subject/7539,Fleet Management,1141,SMALL VAN ,908.46,6788M,33.96,D
13/07/2016,http://opendatacommunities.org/id/metropolitan-district-council/leeds,Leeds,http://id.esd.org.uk/subject/7539,Fleet Management,1168,SMALL VAN ,1300.89,9807M,34.27,D
13/07/2016,http://opendatacommunities.org/id/metropolitan-district-council/leeds,Leeds,http://id.esd.org.uk/subject/7539,Fleet Management,1167,SMALL VAN ,802.45,5122M,29.01,D
13/07/2016,http://opendatacommunities.org/id/metropolitan-district-council/leeds,Leeds,http://id.esd.org.uk/subject/7539,Fleet Management,1143,SMALL VAN ,370.39,5810M,71.3,D
13/07/2016,http://opendatacommunities.org/id/metropolitan-district-council/leeds,Leeds,http://id.esd.org.uk/subject/7539,Fleet Management,1146,SMALL VAN ,1325.83,9110M,31.23,D
13/07/2016,http://opendatacommunities.org/id/metropolitan-district-council/leeds,Leeds,http://id.esd.org.uk/subject/7539,Fleet Management,1144,SMALL VAN ,984.2,6950M,32.1,D
13/07/2016,http://opendatacommunities.org/id/metropolitan-district-council/leeds,Leeds,http://id.esd.org.uk/subject/7539,Fleet Management,1162,SMALL VAN ,1318.19,10063M,34.7,D
13/07/2016,http://opendatacommunities.org/id/metropolitan-district-council/leeds,Leeds,http://id.esd.org.uk/subject/7539,Fleet Management,1139,SMALL VAN ,1188.15,9391M,35.93,D
13/07/2016,http://opendatacommunities.org/id/metropolitan-district-council/leeds,Leeds,http://id.esd.org.uk/subject/7539,Fleet Management,1140,SMALL VAN ,1089.68,7865M,32.81,D
13/07/2016,http://opendatacommunities.org/id/metropolitan-district-council/leeds,Leeds,http://id.esd.org.uk/subject/7539,Fleet Management,1890,LARGE VAN ,2435.68,13049M,24.35,D
13/07/2016,http://opendatacommunities.org/id/metropolitan-district-council/leeds,Leeds,http://id.esd.org.uk/subject/7539,Fleet Management,1137,SMALL VAN ,985.92,6477M,29.86,D
13/07/2016,http://opendatacommunities.org/id/metropolitan-district-council/leeds,Leeds,http://id.esd.org.uk/subject/7539,Fleet Management,1741ENE  ,MED VAN   ,1252.69,6225M,22.59,D
13/07/2016,http://opendatacommunities.org/id/metropolitan-district-council/leeds,Leeds,http://id.esd.org.uk/subject/7539,Fleet Management,1742ENE  ,MED VAN   ,2009.79,11590M,26.21,D
13/07/2016,http://opendatacommunities.org/id/metropolitan-district-council/leeds,Leeds,http://id.esd.org.uk/subject/7539,Fleet Management,1544,MED VAN   ,1348.6,6591M*,23.34,D
13/07/2016,http://opendatacommunities.org/id/metropolitan-district-council/leeds,Leeds,http://id.esd.org.uk/subject/7539,Fleet Management,1548,MED VAN   ,1111.09,6313M*,27.43,D
13/07/2016,http://opendatacommunities.org/id/metropolitan-district-council/leeds,Leeds,http://id.esd.org.uk/subject/7539,Fleet Management,1554,MED VAN   ,3173.73,23087M*,33.76,D
13/07/2016,http://opendatacommunities.org/id/metropolitan-district-council/leeds,Leeds,http://id.esd.org.uk/subject/7539,Fleet Management,1551,MED VAN   ,1114.38,6953M*,30.12,D
13/07/2016,http://opendatacommunities.org/id/metropolitan-district-council/leeds,Leeds,http://id.esd.org.uk/subject/7539,Fleet Management,1541,MED VAN   ,826.48,4238M*,25.3,D
13/07/2016,http://opendatacommunities.org/id/metropolitan-district-council/leeds,Leeds,http://id.esd.org.uk/subject/7539,Fleet Management,1552,MED VAN   ,879.42,4935M*,27.54,D
13/07/2016,http://opendatacommunities.org/id/metropolitan-district-council/leeds,Leeds,http://id.esd.org.uk/subject/7539,Fleet Management,1556,MED VAN   ,881.12,5691M*,31.7,D
13/07/2016,http://opendatacommunities.org/id/metropolitan-district-council/leeds,Leeds,http://id.esd.org.uk/subject/7539,Fleet Management,1532,MED VAN   ,836.82,4587M*,27.01,D
13/07/2016,http://opendatacommunities.org/id/metropolitan-district-council/leeds,Leeds,http://id.esd.org.uk/subject/7539,Fleet Management,1542,MED VAN   ,1083.31,5882M*,25.08,D
13/07/2016,http://opendatacommunities.org/id/metropolitan-district-council/leeds,Leeds,http://id.esd.org.uk/subject/7539,Fleet Management,1550,MED VAN   ,455,2267M*,31.71,D
13/07/2016,http://opendatacommunities.org/id/metropolitan-district-council/leeds,Leeds,http://id.esd.org.uk/subject/7539,Fleet Management,1561,MED VAN   ,1491.51,9050M*,28.84,D
13/07/2016,http://opendatacommunities.org/id/metropolitan-district-council/leeds,Leeds,http://id.esd.org.uk/subject/7539,Fleet Management,1546,MED VAN   ,1407.98,8397M*,28.42,D
13/07/2016,http://opendatacommunities.org/id/metropolitan-district-council/leeds,Leeds,http://id.esd.org.uk/subject/7539,Fleet Management,1545,MED VAN   ,585,4955M*,43.31,D
13/07/2016,http://opendatacommunities.org/id/metropolitan-district-council/leeds,Leeds,http://id.esd.org.uk/subject/7539,Fleet Management,1533,MED VAN   ,1385.52,7072M*,24.34,D
13/07/2016,http://opendatacommunities.org/id/metropolitan-district-council/leeds,Leeds,http://id.esd.org.uk/subject/7539,Fleet Management,1543,MED VAN   ,711.61,3809M*,26.78,D
13/07/2016,http://opendatacommunities.org/id/metropolitan-district-council/leeds,Leeds,http://id.esd.org.uk/subject/7539,Fleet Management,1539,MED VAN   ,1363.74,7947M*,27.81,D
13/07/2016,http://opendatacommunities.org/id/metropolitan-district-council/leeds,Leeds,http://id.esd.org.uk/subject/7539,Fleet Management,1547,MED VAN   ,1478.19,8285M*,26.65,D
13/07/2016,http://opendatacommunities.org/id/metropolitan-district-council/leeds,Leeds,http://id.esd.org.uk/subject/7539,Fleet Management,1553,MED VAN   ,1658.29,8977M*,25.61,D
13/07/2016,http://opendatacommunities.org/id/metropolitan-district-council/leeds,Leeds,http://id.esd.org.uk/subject/7539,Fleet Management,1527,MED VAN   ,1470.46,8553M*,27.66,D
13/07/2016,http://opendatacommunities.org/id/metropolitan-district-council/leeds,Leeds,http://id.esd.org.uk/subject/7539,Fleet Management,1520,MED VAN   ,1070.8,6200M*,28.02,D
13/07/2016,http://opendatacommunities.org/id/metropolitan-district-council/leeds,Leeds,http://id.esd.org.uk/subject/7539,Fleet Management,1919,FLATBACK  ,1532.56,9435M,27.98,D
13/07/2016,http://opendatacommunities.org/id/metropolitan-district-council/leeds,Leeds,http://id.esd.org.uk/subject/7539,Fleet Management,942,SMALL VAN ,698.9,6037M,39.26,D
13/07/2016,http://opendatacommunities.org/id/metropolitan-district-council/leeds,Leeds,http://id.esd.org.uk/subject/7539,Fleet Management,993,SMALL VAN ,765.22,5455M*,32.46,D
13/07/2016,http://opendatacommunities.org/id/metropolitan-district-council/leeds,Leeds,http://id.esd.org.uk/subject/7539,Fleet Management,989,SMALL VAN ,967.64,7019M,32.97,D
13/07/2016,http://opendatacommunities.org/id/metropolitan-district-council/leeds,Leeds,http://id.esd.org.uk/subject/7539,Fleet Management,718,SMALL VAN ,862.75,9075M,47.81,D
13/07/2016,http://opendatacommunities.org/id/metropolitan-district-council/leeds,Leeds,http://id.esd.org.uk/subject/7539,Fleet Management,717,SMALL VAN ,241.86,2549M,47.91,D
13/07/2016,http://opendatacommunities.org/id/metropolitan-district-council/leeds,Leeds,http://id.esd.org.uk/subject/7539,Fleet Management,719,SMALL VAN ,636.41,7052M,50.37,D
13/07/2016,http://opendatacommunities.org/id/metropolitan-district-council/leeds,Leeds,http://id.esd.org.uk/subject/7539,Fleet Management,1719,MED VAN   ,1396.05,7057M,22.98,D
13/07/2016,http://opendatacommunities.org/id/metropolitan-district-council/leeds,Leeds,http://id.esd.org.uk/subject/7539,Fleet Management,1717,MED VAN   ,2418.81,14270M,26.82,D
13/07/2016,http://opendatacommunities.org/id/metropolitan-district-council/leeds,Leeds,http://id.esd.org.uk/subject/7539,Fleet Management,1469,MED VAN   ,1793.09,13876M,35.18,D
13/07/2016,http://opendatacommunities.org/id/metropolitan-district-council/leeds,Leeds,http://id.esd.org.uk/subject/7539,Fleet Management,741,SMALL VAN ,407.76,4480M,49.94,D
13/07/2016,http://opendatacommunities.org/id/metropolitan-district-council/leeds,Leeds,http://id.esd.org.uk/subject/7539,Fleet Management,1303ENE  ,MED VAN   ,522.48,5659M,49.23,D
13/07/2016,http://opendatacommunities.org/id/metropolitan-district-council/leeds,Leeds,http://id.esd.org.uk/subject/7539,Fleet Management,1304ENE  ,MED VAN   ,786.35,4589M,26.53,D
13/07/2016,http://opendatacommunities.org/id/metropolitan-district-council/leeds,Leeds,http://id.esd.org.uk/subject/7539,Fleet Management,1305ENE  ,MED VAN   ,839.72,5471M,29.61,D
13/07/2016,http://opendatacommunities.org/id/metropolitan-district-council/leeds,Leeds,http://id.esd.org.uk/subject/7539,Fleet Management,1307ENE  ,MED VAN   ,1031.13,ERROR,,D
13/07/2016,http://opendatacommunities.org/id/metropolitan-district-council/leeds,Leeds,http://id.esd.org.uk/subject/7539,Fleet Management,1306ENE  ,MED VAN   ,651.86,3756M*,32.22,D
13/07/2016,http://opendatacommunities.org/id/metropolitan-district-council/leeds,Leeds,http://id.esd.org.uk/subject/7539,Fleet Management,1308ENE  ,MED VAN   ,600.45,3923M,29.7,D
13/07/2016,http://opendatacommunities.org/id/metropolitan-district-council/leeds,Leeds,http://id.esd.org.uk/subject/7539,Fleet Management,1309ENE  ,MED VAN   ,690.36,25837M*,187.8,D
13/07/2016,http://opendatacommunities.org/id/metropolitan-district-council/leeds,Leeds,http://id.esd.org.uk/subject/7539,Fleet Management,1311ENE  ,MED VAN   ,1380.61,10081M,33.19,D
13/07/2016,http://opendatacommunities.org/id/metropolitan-district-council/leeds,Leeds,http://id.esd.org.uk/subject/7539,Fleet Management,1310ENE  ,MED VAN   ,1792.34,12189M,30.91,D
13/07/2016,http://opendatacommunities.org/id/metropolitan-district-council/leeds,Leeds,http://id.esd.org.uk/subject/7539,Fleet Management,1312ENE  ,MED VAN   ,1270.12,8152M,29.17,D
13/07/2016,http://opendatacommunities.org/id/metropolitan-district-council/leeds,Leeds,http://id.esd.org.uk/subject/7539,Fleet Management,1326ENE  ,MED VAN   ,429.07,2627M*,30.53,D
13/07/2016,http://opendatacommunities.org/id/metropolitan-district-council/leeds,Leeds,http://id.esd.org.uk/subject/7539,Fleet Management,1314ENE  ,MED VAN   ,661.84,5833M*,44.42,D
13/07/2016,http://opendatacommunities.org/id/metropolitan-district-council/leeds,Leeds,http://id.esd.org.uk/subject/7539,Fleet Management,1319ENE  ,MED VAN   ,761.07,5393M,32.21,D
13/07/2016,http://opendatacommunities.org/id/metropolitan-district-council/leeds,Leeds,http://id.esd.org.uk/subject/7539,Fleet Management,1320ENE  ,MED VAN   ,1253.3,7417M,26.9,D
13/07/2016,http://opendatacommunities.org/id/metropolitan-district-council/leeds,Leeds,http://id.esd.org.uk/subject/7539,Fleet Management,1315ENE  ,MED VAN   ,649.1,3953M*,30.7,D
13/07/2016,http://opendatacommunities.org/id/metropolitan-district-council/leeds,Leeds,http://id.esd.org.uk/subject/7539,Fleet Management,1316ENE  ,MED VAN   ,1634.11,11138M,30.98,D
13/07/2016,http://opendatacommunities.org/id/metropolitan-district-council/leeds,Leeds,http://id.esd.org.uk/subject/7539,Fleet Management,1321ENE  ,MED VAN   ,1057.56,6460M,27.77,D
13/07/2016,http://opendatacommunities.org/id/metropolitan-district-council/leeds,Leeds,http://id.esd.org.uk/subject/7539,Fleet Management,1322ENE  ,MED VAN   ,1053.46,8503M,36.69,D
13/07/2016,http://opendatacommunities.org/id/metropolitan-district-council/leeds,Leeds,http://id.esd.org.uk/subject/7539,Fleet Management,1324ENE  ,MED VAN   ,1945.68,14919M,34.85,D
13/07/2016,http://opendatacommunities.org/id/metropolitan-district-council/leeds,Leeds,http://id.esd.org.uk/subject/7539,Fleet Management,1325ENE  ,MED VAN   ,1202.25,8914M,33.7,D
13/07/2016,http://opendatacommunities.org/id/metropolitan-district-council/leeds,Leeds,http://id.esd.org.uk/subject/7539,Fleet Management,1317ENE  ,MED VAN   ,631.41,3788M*,29.91,D
13/07/2016,http://opendatacommunities.org/id/metropolitan-district-council/leeds,Leeds,http://id.esd.org.uk/subject/7539,Fleet Management,1318ENE  ,MED VAN   ,1281.55,9795M,34.74,D
13/07/2016,http://opendatacommunities.org/id/metropolitan-district-council/leeds,Leeds,http://id.esd.org.uk/subject/7539,Fleet Management,1332ENE  ,MED VAN   ,835.71,4877M*,28.76,D
13/07/2016,http://opendatacommunities.org/id/metropolitan-district-council/leeds,Leeds,http://id.esd.org.uk/subject/7539,Fleet Management,1330ENE  ,MED VAN   ,1560.66,10557M,30.75,D
13/07/2016,http://opendatacommunities.org/id/metropolitan-district-council/leeds,Leeds,http://id.esd.org.uk/subject/7539,Fleet Management,1327ENE  ,MED VAN   ,2461.57,16921M,31.25,D
13/07/2016,http://opendatacommunities.org/id/metropolitan-district-council/leeds,Leeds,http://id.esd.org.uk/subject/7539,Fleet Management,1328ENE  ,MED VAN   ,604.55,3740M,28.12,D
13/07/2016,http://opendatacommunities.org/id/metropolitan-district-council/leeds,Leeds,http://id.esd.org.uk/subject/7539,Fleet Management,1329ENE  ,MED VAN   ,1365,9477M,31.56,D
13/07/2016,http://opendatacommunities.org/id/metropolitan-district-council/leeds,Leeds,http://id.esd.org.uk/subject/7539,Fleet Management,1302ENE  ,MED VAN   ,2714.47,15169M,25.4,D
13/07/2016,http://opendatacommunities.org/id/metropolitan-district-council/leeds,Leeds,http://id.esd.org.uk/subject/7539,Fleet Management,1301ENE  ,MED VAN   ,1627.96,8868M,24.76,D
13/07/2016,http://opendatacommunities.org/id/metropolitan-district-council/leeds,Leeds,http://id.esd.org.uk/subject/7539,Fleet Management,1504,MED VAN   ,1560.1,11152M,32.49,D
13/07/2016,http://opendatacommunities.org/id/metropolitan-district-council/leeds,Leeds,http://id.esd.org.uk/subject/7539,Fleet Management,1027,SMALL VAN ,1112.96,8047M,32.86,D
13/07/2016,http://opendatacommunities.org/id/metropolitan-district-council/leeds,Leeds,http://id.esd.org.uk/subject/7539,Fleet Management,1028,SMALL VAN ,954.06,7798M,37.15,D
13/07/2016,http://opendatacommunities.org/id/metropolitan-district-council/leeds,Leeds,http://id.esd.org.uk/subject/7539,Fleet Management,1029,SMALL VAN ,1387.36,12221M,40.04,D
13/07/2016,http://opendatacommunities.org/id/metropolitan-district-council/leeds,Leeds,http://id.esd.org.uk/subject/7539,Fleet Management,1030,SMALL VAN ,778.83,5996M,34.99,D
13/07/2016,http://opendatacommunities.org/id/metropolitan-district-council/leeds,Leeds,http://id.esd.org.uk/subject/7539,Fleet Management,4410,3 AXLE BIN,18443.61,22543K,3.45,D
13/07/2016,http://opendatacommunities.org/id/metropolitan-district-council/leeds,Leeds,http://id.esd.org.uk/subject/7539,Fleet Management,4402,3 AXLE BIN,17779.37,19734K,3.13,D
13/07/2016,http://opendatacommunities.org/id/metropolitan-district-council/leeds,Leeds,http://id.esd.org.uk/subject/7539,Fleet Management,4401,3 AXLE BIN,19426.93,23425K*,3.42,D
13/07/2016,http://opendatacommunities.org/id/metropolitan-district-council/leeds,Leeds,http://id.esd.org.uk/subject/7539,Fleet Management,4408,3 AXLE BIN,16774.63,19958K*,3.37,D
13/07/2016,http://opendatacommunities.org/id/metropolitan-district-council/leeds,Leeds,http://id.esd.org.uk/subject/7539,Fleet Management,4405,3 AXLE BIN,17659.47,20377K,3.26,D
13/07/2016,http://opendatacommunities.org/id/metropolitan-district-council/leeds,Leeds,http://id.esd.org.uk/subject/7539,Fleet Management,4406,3 AXLE BIN,18732.62,18137K,2.73,D
13/07/2016,http://opendatacommunities.org/id/metropolitan-district-council/leeds,Leeds,http://id.esd.org.uk/subject/7539,Fleet Management,4407,3 AXLE BIN,16238.73,16209K,2.82,D
13/07/2016,http://opendatacommunities.org/id/metropolitan-district-council/leeds,Leeds,http://id.esd.org.uk/subject/7539,Fleet Management,4404,3 AXLE BIN,19543.07,19965K,2.89,D
13/07/2016,http://opendatacommunities.org/id/metropolitan-district-council/leeds,Leeds,http://id.esd.org.uk/subject/7539,Fleet Management,4415,3 AXLE BIN,14318.24,19718K,3.89,D
13/07/2016,http://opendatacommunities.org/id/metropolitan-district-council/leeds,Leeds,http://id.esd.org.uk/subject/7539,Fleet Management,4416,3 AXLE BIN,16144.6,18715K,3.27,D
13/07/2016,http://opendatacommunities.org/id/metropolitan-district-council/leeds,Leeds,http://id.esd.org.uk/subject/7539,Fleet Management,4411,3 AXLE BIN,17043.57,19266K,3.19,D
13/07/2016,http://opendatacommunities.org/id/metropolitan-district-council/leeds,Leeds,http://id.esd.org.uk/subject/7539,Fleet Management,4412,3 AXLE BIN,18321.52,19812K,3.05,D
13/07/2016,http://opendatacommunities.org/id/metropolitan-district-council/leeds,Leeds,http://id.esd.org.uk/subject/7539,Fleet Management,4414,3 AXLE BIN,16314.81,14127K,2.45,D
13/07/2016,http://opendatacommunities.org/id/metropolitan-district-council/leeds,Leeds,http://id.esd.org.uk/subject/7539,Fleet Management,4403,3 AXLE BIN,18675.58,20954K,3.17,D
13/07/2016,http://opendatacommunities.org/id/metropolitan-district-council/leeds,Leeds,http://id.esd.org.uk/subject/7539,Fleet Management,4409,3 AXLE BIN,19633.73,21732K,3.13,D
13/07/2016,http://opendatacommunities.org/id/metropolitan-district-council/leeds,Leeds,http://id.esd.org.uk/subject/7539,Fleet Management,4413,3 AXLE BIN,18492.28,19365K,2.96,D
13/07/2016,http://opendatacommunities.org/id/metropolitan-district-council/leeds,Leeds,http://id.esd.org.uk/subject/7539,Fleet Management,376,MINIBUS   ,214.1,1187M*,32.18,D
13/07/2016,http://opendatacommunities.org/id/metropolitan-district-council/leeds,Leeds,http://id.esd.org.uk/subject/7539,Fleet Management,377,MINIBUS   ,254.06,2026M*,47.47,D
13/07/2016,http://opendatacommunities.org/id/metropolitan-district-council/leeds,Leeds,http://id.esd.org.uk/subject/7539,Fleet Management,1084,SMALL VAN ,273.15,2426M*,46.24,D
13/07/2016,http://opendatacommunities.org/id/metropolitan-district-council/leeds,Leeds,http://id.esd.org.uk/subject/7539,Fleet Management,1969,MED TIPPER,588.01,2299M*,19.98,D
13/07/2016,http://opendatacommunities.org/id/metropolitan-district-council/leeds,Leeds,http://id.esd.org.uk/subject/7539,Fleet Management,1405,MED VAN   ,18.6,469M,114.61,D
13/07/2016,http://opendatacommunities.org/id/metropolitan-district-council/leeds,Leeds,http://id.esd.org.uk/subject/7539,Fleet Management,928,SMALL VAN ,228.8,1303M*,31.23,D
13/07/2016,http://opendatacommunities.org/id/metropolitan-district-council/leeds,Leeds,http://id.esd.org.uk/subject/7539,Fleet Management,2211,LARGE VAN ,1875.91,10450M,25.32,D
13/07/2016,http://opendatacommunities.org/id/metropolitan-district-council/leeds,Leeds,http://id.esd.org.uk/subject/7539,Fleet Management,366,MED VAN   ,1727.63,15552K,25.43,D
13/07/2016,http://opendatacommunities.org/id/metropolitan-district-council/leeds,Leeds,http://id.esd.org.uk/subject/7539,Fleet Management,1110,SMALL VAN ,346.09,2485M,32.64,D
13/07/2016,http://opendatacommunities.org/id/metropolitan-district-council/leeds,Leeds,http://id.esd.org.uk/subject/7539,Fleet Management,424,WELFARE   ,6464.59,27196K,11.88,D
13/07/2016,http://opendatacommunities.org/id/metropolitan-district-council/leeds,Leeds,http://id.esd.org.uk/subject/7539,Fleet Management,428,WELFARE   ,5235.38,21449K,11.57,D
13/07/2016,http://opendatacommunities.org/id/metropolitan-district-council/leeds,Leeds,http://id.esd.org.uk/subject/7539,Fleet Management,426,WELFARE   ,6523.55,27688K,11.99,D
13/07/2016,http://opendatacommunities.org/id/metropolitan-district-council/leeds,Leeds,http://id.esd.org.uk/subject/7539,Fleet Management,427,WELFARE   ,6673.01,29911K,12.66,D
13/07/2016,http://opendatacommunities.org/id/metropolitan-district-council/leeds,Leeds,http://id.esd.org.uk/subject/7539,Fleet Management,425,WELFARE   ,8514.84,41550K,13.78,D
13/07/2016,http://opendatacommunities.org/id/metropolitan-district-council/leeds,Leeds,http://id.esd.org.uk/subject/7539,Fleet Management,85,MPV       ,1031.93,11522M,50.75,D
13/07/2016,http://opendatacommunities.org/id/metropolitan-district-council/leeds,Leeds,http://id.esd.org.uk/subject/7539,Fleet Management,81,MPV       ,1214.8,69243M?,ERROR,D
13/07/2016,http://opendatacommunities.org/id/metropolitan-district-council/leeds,Leeds,http://id.esd.org.uk/subject/7539,Fleet Management,1735,MED VAN   ,1247.66,6903M,25.15,D
13/07/2016,http://opendatacommunities.org/id/metropolitan-district-council/leeds,Leeds,http://id.esd.org.uk/subject/7539,Fleet Management,84,MPV       ,882.31,5827M*,31.65,D
13/07/2016,http://opendatacommunities.org/id/metropolitan-district-council/leeds,Leeds,http://id.esd.org.uk/subject/7539,Fleet Management,82,MPV       ,2499.41,89366M,162.52,D
13/07/2016,http://opendatacommunities.org/id/metropolitan-district-council/leeds,Leeds,http://id.esd.org.uk/subject/7539,Fleet Management,83,MPV       ,992.62,6770M*,33.17,D
13/07/2016,http://opendatacommunities.org/id/metropolitan-district-council/leeds,Leeds,http://id.esd.org.uk/subject/7539,Fleet Management,1344EHE  ,LARGE VAN ,1814.31,12168M,30.48,D
13/07/2016,http://opendatacommunities.org/id/metropolitan-district-council/leeds,Leeds,http://id.esd.org.uk/subject/7539,Fleet Management,1341ENE  ,LARGE VAN ,1293.82,7196M,25.28,D
13/07/2016,http://opendatacommunities.org/id/metropolitan-district-council/leeds,Leeds,http://id.esd.org.uk/subject/7539,Fleet Management,1349ENE  ,LARGE VAN ,1769.87,8560M*,22.82,D
13/07/2016,http://opendatacommunities.org/id/metropolitan-district-council/leeds,Leeds,http://id.esd.org.uk/subject/7539,Fleet Management,1348ENE  ,LARGE VAN ,1613.01,11154M,31.43,D
13/07/2016,http://opendatacommunities.org/id/metropolitan-district-council/leeds,Leeds,http://id.esd.org.uk/subject/7539,Fleet Management,1347ENE  ,LARGE VAN ,1458.15,9623M,30,D
13/07/2016,http://opendatacommunities.org/id/metropolitan-district-council/leeds,Leeds,http://id.esd.org.uk/subject/7539,Fleet Management,285,WELFARE   ,3418.07,15354M,20.42,D
13/07/2016,http://opendatacommunities.org/id/metropolitan-district-council/leeds,Leeds,http://id.esd.org.uk/subject/7539,Fleet Management,1189,SMALL VAN ,1439.91,13974M,44.11,D
13/07/2016,http://opendatacommunities.org/id/metropolitan-district-council/leeds,Leeds,http://id.esd.org.uk/subject/7539,Fleet Management,1185,SMALL VAN ,595.18,4860M,37.12,D
13/07/2016,http://opendatacommunities.org/id/metropolitan-district-council/leeds,Leeds,http://id.esd.org.uk/subject/7539,Fleet Management,3113,LARGE TIPP,540.42,2081M*,19.96,D
13/07/2016,http://opendatacommunities.org/id/metropolitan-district-council/leeds,Leeds,http://id.esd.org.uk/subject/7539,Fleet Management,3115,LARGE TIPP,1525.93,6801M,20.26,D
13/07/2016,http://opendatacommunities.org/id/metropolitan-district-council/leeds,Leeds,http://id.esd.org.uk/subject/7539,Fleet Management,287,WELFARE   ,4057.64,19106M,21.4,D
13/07/2016,http://opendatacommunities.org/id/metropolitan-district-council/leeds,Leeds,http://id.esd.org.uk/subject/7539,Fleet Management,3114,LARGE TIPP,1301.29,4872M,17.02,D
13/07/2016,http://opendatacommunities.org/id/metropolitan-district-council/leeds,Leeds,http://id.esd.org.uk/subject/7539,Fleet Management,286,WELFARE   ,4152.98,18940M,20.73,D
13/07/2016,http://opendatacommunities.org/id/metropolitan-district-council/leeds,Leeds,http://id.esd.org.uk/subject/7539,Fleet Management,1192,SMALL VAN ,1320.51,10202M,35.12,D
13/07/2016,http://opendatacommunities.org/id/metropolitan-district-council/leeds,Leeds,http://id.esd.org.uk/subject/7539,Fleet Management,1042,SMALL VAN ,742.7,6183M*,37.85,D
13/07/2016,http://opendatacommunities.org/id/metropolitan-district-council/leeds,Leeds,http://id.esd.org.uk/subject/7539,Fleet Management,1053,SMALL VAN ,675.71,5843M,39.31,D
13/07/2016,http://opendatacommunities.org/id/metropolitan-district-council/leeds,Leeds,http://id.esd.org.uk/subject/7539,Fleet Management,1046,SMALL VAN ,189.68,3336M*,96.49,D
13/07/2016,http://opendatacommunities.org/id/metropolitan-district-council/leeds,Leeds,http://id.esd.org.uk/subject/7539,Fleet Management,1180,SMALL VAN ,862.96,7373M,38.84,D
13/07/2016,http://opendatacommunities.org/id/metropolitan-district-council/leeds,Leeds,http://id.esd.org.uk/subject/7539,Fleet Management,1181,SMALL VAN ,832.54,6579M,35.92,D
13/07/2016,http://opendatacommunities.org/id/metropolitan-district-council/leeds,Leeds,http://id.esd.org.uk/subject/7539,Fleet Management,1064,SMALL VAN ,519.83,4627M*,44.15,D
13/07/2016,http://opendatacommunities.org/id/metropolitan-district-council/leeds,Leeds,http://id.esd.org.uk/subject/7539,Fleet Management,1061,SMALL VAN ,469.97,3830M*,40.34,D
13/07/2016,http://opendatacommunities.org/id/metropolitan-district-council/leeds,Leeds,http://id.esd.org.uk/subject/7539,Fleet Management,1052,SMALL  VAN,681.32,6686M,44.61,D
13/07/2016,http://opendatacommunities.org/id/metropolitan-district-council/leeds,Leeds,http://id.esd.org.uk/subject/7539,Fleet Management,1054,SMALL VAN ,495.32,5016M,46.03,D
13/07/2016,http://opendatacommunities.org/id/metropolitan-district-council/leeds,Leeds,http://id.esd.org.uk/subject/7539,Fleet Management,288,WELFARE   ,4522.92,21868M,21.98,D
13/07/2016,http://opendatacommunities.org/id/metropolitan-district-council/leeds,Leeds,http://id.esd.org.uk/subject/7539,Fleet Management,1055,SMALL VAN ,876.52,7997M,41.47,D
13/07/2016,http://opendatacommunities.org/id/metropolitan-district-council/leeds,Leeds,http://id.esd.org.uk/subject/7539,Fleet Management,1056,SMALL VAN ,726.05,7024M,43.97,D
13/07/2016,http://opendatacommunities.org/id/metropolitan-district-council/leeds,Leeds,http://id.esd.org.uk/subject/7539,Fleet Management,1058,SMALL VAN ,471.23,4234M,40.84,D
13/07/2016,http://opendatacommunities.org/id/metropolitan-district-council/leeds,Leeds,http://id.esd.org.uk/subject/7539,Fleet Management,1059,SMALL VAN ,1010.57,10487M,47.17,D
13/07/2016,http://opendatacommunities.org/id/metropolitan-district-council/leeds,Leeds,http://id.esd.org.uk/subject/7539,Fleet Management,1893,LARGE VAN ,2245.53,12267M,24.83,D
13/07/2016,http://opendatacommunities.org/id/metropolitan-district-council/leeds,Leeds,http://id.esd.org.uk/subject/7539,Fleet Management,1895,LARGE VAN ,3973.66,20926M,23.94,D
13/07/2016,http://opendatacommunities.org/id/metropolitan-district-council/leeds,Leeds,http://id.esd.org.uk/subject/7539,Fleet Management,1896,LARGE VAN ,3972.06,21666M,24.79,D
13/07/2016,http://opendatacommunities.org/id/metropolitan-district-council/leeds,Leeds,http://id.esd.org.uk/subject/7539,Fleet Management,1485,MED VAN   ,778.05,6795M,39.7,D
13/07/2016,http://opendatacommunities.org/id/metropolitan-district-council/leeds,Leeds,http://id.esd.org.uk/subject/7539,Fleet Management,1486,MED VAN   ,1484.17,12419M,38.03,D
13/07/2016,http://opendatacommunities.org/id/metropolitan-district-council/leeds,Leeds,http://id.esd.org.uk/subject/7539,Fleet Management,1060,SMALL VAN ,784.19,8111M,47.01,D
13/07/2016,http://opendatacommunities.org/id/metropolitan-district-council/leeds,Leeds,http://id.esd.org.uk/subject/7539,Fleet Management,1062,SMALL VAN ,863.26,7120M,37.49,D
13/07/2016,http://opendatacommunities.org/id/metropolitan-district-council/leeds,Leeds,http://id.esd.org.uk/subject/7539,Fleet Management,1065,SMALL VAN ,673.11,6366M,42.99,D
13/07/2016,http://opendatacommunities.org/id/metropolitan-district-council/leeds,Leeds,http://id.esd.org.uk/subject/7539,Fleet Management,1066,SMALL VAN ,347.4,3228M,42.24,D
13/07/2016,http://opendatacommunities.org/id/metropolitan-district-council/leeds,Leeds,http://id.esd.org.uk/subject/7539,Fleet Management,1063,SMALL VAN ,846.45,8060M,43.28,D
13/07/2016,http://opendatacommunities.org/id/metropolitan-district-council/leeds,Leeds,http://id.esd.org.uk/subject/7539,Fleet Management,1043,SMALL VAN ,850.84,8121M,43.38,D
13/07/2016,http://opendatacommunities.org/id/metropolitan-district-council/leeds,Leeds,http://id.esd.org.uk/subject/7539,Fleet Management,1188,SMALL VAN ,885.69,8559M,43.93,D
13/07/2016,http://opendatacommunities.org/id/metropolitan-district-council/leeds,Leeds,http://id.esd.org.uk/subject/7539,Fleet Management,1186,SMALL VAN ,1726.21,14524M,38.24,D
13/07/2016,http://opendatacommunities.org/id/metropolitan-district-council/leeds,Leeds,http://id.esd.org.uk/subject/7539,Fleet Management,1190,SMALL VAN ,1761.47,15335M,39.57,D
13/07/2016,http://opendatacommunities.org/id/metropolitan-district-council/leeds,Leeds,http://id.esd.org.uk/subject/7539,Fleet Management,1187,SMALL VAN ,1568.2,15537M,45.03,D
13/07/2016,http://opendatacommunities.org/id/metropolitan-district-council/leeds,Leeds,http://id.esd.org.uk/subject/7539,Fleet Management,3311,LIBRARY BU,2572.05,9142K,10.04,D
13/07/2016,http://opendatacommunities.org/id/metropolitan-district-council/leeds,Leeds,http://id.esd.org.uk/subject/7539,Fleet Management,289,WELFARE   ,3466.14,15281M,20.04,D
13/07/2016,http://opendatacommunities.org/id/metropolitan-district-council/leeds,Leeds,http://id.esd.org.uk/subject/7539,Fleet Management,78041,MINIBUS   ,143.63,705M,22.31,D
13/07/2016,http://opendatacommunities.org/id/metropolitan-district-council/leeds,Leeds,http://id.esd.org.uk/subject/7539,Fleet Management,1412,MED VAN   ,646.57,4991M,35.09,D
13/07/2016,http://opendatacommunities.org/id/metropolitan-district-council/leeds,Leeds,http://id.esd.org.uk/subject/7539,Fleet Management,1294,SMALL VAN ,583.26,5142M,40.07,D
13/07/2016,http://opendatacommunities.org/id/metropolitan-district-council/leeds,Leeds,http://id.esd.org.uk/subject/7539,Fleet Management,1416,MED VAN   ,193.61,1270M,29.82,D
13/07/2016,http://opendatacommunities.org/id/metropolitan-district-council/leeds,Leeds,http://id.esd.org.uk/subject/7539,Fleet Management,2632,MED TIPPER,1088.89,5542M*,24.6,D
13/07/2016,http://opendatacommunities.org/id/metropolitan-district-council/leeds,Leeds,http://id.esd.org.uk/subject/7539,Fleet Management,750,SMALL VAN ,629.19,7336M,53,D
13/07/2016,http://opendatacommunities.org/id/metropolitan-district-council/leeds,Leeds,http://id.esd.org.uk/subject/7539,Fleet Management,752,SMALL VAN ,248.56,2294M,41.95,D
13/07/2016,http://opendatacommunities.org/id/metropolitan-district-council/leeds,Leeds,http://id.esd.org.uk/subject/7539,Fleet Management,2638,MED TIPPER,504.02,1701M*,17.61,D
13/07/2016,http://opendatacommunities.org/id/metropolitan-district-council/leeds,Leeds,http://id.esd.org.uk/subject/7539,Fleet Management,2644,MED TIPPER,1110.94,7420M,30.36,D
13/07/2016,http://opendatacommunities.org/id/metropolitan-district-council/leeds,Leeds,http://id.esd.org.uk/subject/7539,Fleet Management,755,SMALL VAN ,220.78,2058M,42.37,D
13/07/2016,http://opendatacommunities.org/id/metropolitan-district-council/leeds,Leeds,http://id.esd.org.uk/subject/7539,Fleet Management,751,SMALL VAN ,34.78,344M,44.96,D
13/07/2016,http://opendatacommunities.org/id/metropolitan-district-council/leeds,Leeds,http://id.esd.org.uk/subject/7539,Fleet Management,1453,MED VAN   ,1578.34,11244M,32.38,D
13/07/2016,http://opendatacommunities.org/id/metropolitan-district-council/leeds,Leeds,http://id.esd.org.uk/subject/7539,Fleet Management,1875,MED VAN   ,1214.01,11990K,27.89,D
13/07/2016,http://opendatacommunities.org/id/metropolitan-district-council/leeds,Leeds,http://id.esd.org.uk/subject/7539,Fleet Management,2220,LARGE VAN ,2295.23,10907M,21.6,D
13/07/2016,http://opendatacommunities.org/id/metropolitan-district-council/leeds,Leeds,http://id.esd.org.uk/subject/7539,Fleet Management,1876,LARGE VAN ,2524.9,20359K,22.77,D
13/07/2016,http://opendatacommunities.org/id/metropolitan-district-council/leeds,Leeds,http://id.esd.org.uk/subject/7539,Fleet Management,368,MINIBUS   ,1170.99,11426K,27.56,D
13/07/2016,http://opendatacommunities.org/id/metropolitan-district-council/leeds,Leeds,http://id.esd.org.uk/subject/7539,Fleet Management,79,CAR       ,327.84,3004M,41.65,D
13/07/2016,http://opendatacommunities.org/id/metropolitan-district-council/leeds,Leeds,http://id.esd.org.uk/subject/7539,Fleet Management,1333ENE  ,MED VAN   ,187.65,1031M,24.97,D
13/07/2016,http://opendatacommunities.org/id/metropolitan-district-council/leeds,Leeds,http://id.esd.org.uk/subject/7539,Fleet Management,1334ENE  ,MED VAN   ,973.62,5676M,26.5,D
13/07/2016,http://opendatacommunities.org/id/metropolitan-district-council/leeds,Leeds,http://id.esd.org.uk/subject/7539,Fleet Management,1336ENE  ,MED VAN   ,1354.93,7834M,26.28,D
13/07/2016,http://opendatacommunities.org/id/metropolitan-district-council/leeds,Leeds,http://id.esd.org.uk/subject/7539,Fleet Management,1335ENE  ,MED VAN   ,1040,6549M,28.62,D
13/07/2016,http://opendatacommunities.org/id/metropolitan-district-council/leeds,Leeds,http://id.esd.org.uk/subject/7539,Fleet Management,1337ENE  ,MED VAN   ,1466.03,9010M,27.94,D
13/07/2016,http://opendatacommunities.org/id/metropolitan-district-council/leeds,Leeds,http://id.esd.org.uk/subject/7539,Fleet Management,1031,SMALL VAN ,973.66,8792M,41.04,D
13/07/2016,http://opendatacommunities.org/id/metropolitan-district-council/leeds,Leeds,http://id.esd.org.uk/subject/7539,Fleet Management,1032,SMALL VAN ,1042.15,10849M,47.32,D
13/07/2016,http://opendatacommunities.org/id/metropolitan-district-council/leeds,Leeds,http://id.esd.org.uk/subject/7539,Fleet Management,1033,SMALL VAN ,676.47,6180M,41.53,D
13/07/2016,http://opendatacommunities.org/id/metropolitan-district-council/leeds,Leeds,http://id.esd.org.uk/subject/7539,Fleet Management,1034,SMALL VAN ,1059.02,8631M,37.05,D
13/07/2016,http://opendatacommunities.org/id/metropolitan-district-council/leeds,Leeds,http://id.esd.org.uk/subject/7539,Fleet Management,1035,SMALL VAN ,1293.95,10898M,38.28,D
13/07/2016,http://opendatacommunities.org/id/metropolitan-district-council/leeds,Leeds,http://id.esd.org.uk/subject/7539,Fleet Management,1036,SMALL VAN ,1153.29,9171M,36.15,D
13/07/2016,http://opendatacommunities.org/id/metropolitan-district-council/leeds,Leeds,http://id.esd.org.uk/subject/7539,Fleet Management,YG63FVR  ,LARGE TIPP,1019.08,3363K*,9.95,D
13/07/2016,http://opendatacommunities.org/id/metropolitan-district-council/leeds,Leeds,http://id.esd.org.uk/subject/7539,Fleet Management,YG63FVS  ,LARGE TIPE,4339.36,14308K,9.31,D
13/07/2016,http://opendatacommunities.org/id/metropolitan-district-council/leeds,Leeds,http://id.esd.org.uk/subject/7539,Fleet Management,1047,SMALL VAN ,629.21,5079M,36.69,D
13/07/2016,http://opendatacommunities.org/id/metropolitan-district-council/leeds,Leeds,http://id.esd.org.uk/subject/7539,Fleet Management,2606,MED TIPPER,895.31,4462K,14.08,D
13/07/2016,http://opendatacommunities.org/id/metropolitan-district-council/leeds,Leeds,http://id.esd.org.uk/subject/7539,Fleet Management,2604,MED TIPPER,292.51,1251M,19.44,D
13/07/2016,http://opendatacommunities.org/id/metropolitan-district-council/leeds,Leeds,http://id.esd.org.uk/subject/7539,Fleet Management,2600,MED TIPPER,1754.82,8045K,12.95,D
13/07/2016,http://opendatacommunities.org/id/metropolitan-district-council/leeds,Leeds,http://id.esd.org.uk/subject/7539,Fleet Management,2607,MED TIPPER,847.87,4713M*,27.28,D
13/07/2016,http://opendatacommunities.org/id/metropolitan-district-council/leeds,Leeds,http://id.esd.org.uk/subject/7539,Fleet Management,2601,MED TIPPER,481.11,2092K,12.28,D
13/07/2016,http://opendatacommunities.org/id/metropolitan-district-council/leeds,Leeds,http://id.esd.org.uk/subject/7539,Fleet Management,1407,MED VAN   ,989.96,8044M*,39.32,D
13/07/2016,http://opendatacommunities.org/id/metropolitan-district-council/leeds,Leeds,http://id.esd.org.uk/subject/7539,Fleet Management,1937,FLATBACK  ,1168.07,4996M,19.44,D
13/07/2016,http://opendatacommunities.org/id/metropolitan-district-council/leeds,Leeds,http://id.esd.org.uk/subject/7539,Fleet Management,1939,FLATBACK  ,1468.06,6728M,20.83,D
13/07/2016,http://opendatacommunities.org/id/metropolitan-district-council/leeds,Leeds,http://id.esd.org.uk/subject/7539,Fleet Management,1936,FLATBACK  ,741.43,3259M,19.98,D
13/07/2016,http://opendatacommunities.org/id/metropolitan-district-council/leeds,Leeds,http://id.esd.org.uk/subject/7539,Fleet Management,522,4 X 4     ,496.32,3727M,34.13,D
13/07/2016,http://opendatacommunities.org/id/metropolitan-district-council/leeds,Leeds,http://id.esd.org.uk/subject/7539,Fleet Management,335,MINIBUS   ,456.43,2249M,22.4,D
13/07/2016,http://opendatacommunities.org/id/metropolitan-district-council/leeds,Leeds,http://id.esd.org.uk/subject/7539,Fleet Management,358,MINIBUS   ,429.32,4369M*,52.92,D
13/07/2016,http://opendatacommunities.org/id/metropolitan-district-council/leeds,Leeds,http://id.esd.org.uk/subject/7539,Fleet Management,1881,MED VAN   ,623.28,4285M*,34.89,D
13/07/2016,http://opendatacommunities.org/id/metropolitan-district-council/leeds,Leeds,http://id.esd.org.uk/subject/7539,Fleet Management,1880,MED VAN   ,304.23,2048M*,36.64,D
13/07/2016,http://opendatacommunities.org/id/metropolitan-district-council/leeds,Leeds,http://id.esd.org.uk/subject/7539,Fleet Management,1879,MED VAN   ,2071.73,10620M*,24.06,D
13/07/2016,http://opendatacommunities.org/id/metropolitan-district-council/leeds,Leeds,http://id.esd.org.uk/subject/7539,Fleet Management,1725,MED VAN   ,2177.19,11120M,23.22,D
13/07/2016,http://opendatacommunities.org/id/metropolitan-district-council/leeds,Leeds,http://id.esd.org.uk/subject/7539,Fleet Management,1721,MED VAN   ,2268.16,11810M,23.67,D
13/07/2016,http://opendatacommunities.org/id/metropolitan-district-council/leeds,Leeds,http://id.esd.org.uk/subject/7539,Fleet Management,1728,MED VAN   ,1837.76,9273M,22.94,D
13/07/2016,http://opendatacommunities.org/id/metropolitan-district-council/leeds,Leeds,http://id.esd.org.uk/subject/7539,Fleet Management,1734,MED VAN   ,1365,7962M,26.51,D
13/07/2016,http://opendatacommunities.org/id/metropolitan-district-council/leeds,Leeds,http://id.esd.org.uk/subject/7539,Fleet Management,1726,MED VAN   ,1405.22,7837M,25.35,D
13/07/2016,http://opendatacommunities.org/id/metropolitan-district-council/leeds,Leeds,http://id.esd.org.uk/subject/7539,Fleet Management,1727,MED VAN   ,604.83,3237M,24.33,D
13/07/2016,http://opendatacommunities.org/id/metropolitan-district-council/leeds,Leeds,http://id.esd.org.uk/subject/7539,Fleet Management,YH13PLU  ,GULLY TANK,7461.81,30080K,11.39,D
13/07/2016,http://opendatacommunities.org/id/metropolitan-district-council/leeds,Leeds,http://id.esd.org.uk/subject/7539,Fleet Management,290,WELFARE   ,4881.11,20148M,18.76,D
13/07/2016,http://opendatacommunities.org/id/metropolitan-district-council/leeds,Leeds,http://id.esd.org.uk/subject/7539,Fleet Management,375,MINIBUS   ,563.38,2628M*,23.97,D
13/07/2016,http://opendatacommunities.org/id/metropolitan-district-council/leeds,Leeds,http://id.esd.org.uk/subject/7539,Fleet Management,291,WELFARE   ,3884.05,16683K,12.13,D
13/07/2016,http://opendatacommunities.org/id/metropolitan-district-council/leeds,Leeds,http://id.esd.org.uk/subject/7539,Fleet Management,YH14YBJ  ,MED VAN   ,299.43,1462M*,27.73,D
13/07/2016,http://opendatacommunities.org/id/metropolitan-district-council/leeds,Leeds,http://id.esd.org.uk/subject/7539,Fleet Management,292,WELFARE   ,3359.83,14890K,12.52,D
13/07/2016,http://opendatacommunities.org/id/metropolitan-district-council/leeds,Leeds,http://id.esd.org.uk/subject/7539,Fleet Management,1454,MED VAN   ,373.01,2555M,31.13,D
13/07/2016,http://opendatacommunities.org/id/metropolitan-district-council/leeds,Leeds,http://id.esd.org.uk/subject/7539,Fleet Management,1714,MED VAN   ,433.14,2491M,26.14,D
13/07/2016,http://opendatacommunities.org/id/metropolitan-district-council/leeds,Leeds,http://id.esd.org.uk/subject/7539,Fleet Management,1420,MED VAN   ,199.18,1254M,28.62,D
13/07/2016,http://opendatacommunities.org/id/metropolitan-district-council/leeds,Leeds,http://id.esd.org.uk/subject/7539,Fleet Management,1715,MED VAN   ,716.68,4438M,28.15,D
13/07/2016,http://opendatacommunities.org/id/metropolitan-district-council/leeds,Leeds,http://id.esd.org.uk/subject/7539,Fleet Management,1293,SMALL VAN ,1088.58,6037M,25.21,D
13/07/2016,http://opendatacommunities.org/id/metropolitan-district-council/leeds,Leeds,http://id.esd.org.uk/subject/7539,Fleet Management,747,SMALL VAN ,225.77,2445M,49.23,D
13/07/2016,http://opendatacommunities.org/id/metropolitan-district-council/leeds,Leeds,http://id.esd.org.uk/subject/7539,Fleet Management,YH57DSY  ,MED VAN   ,480.69,2243M*,24.37,D
13/07/2016,http://opendatacommunities.org/id/metropolitan-district-council/leeds,Leeds,http://id.esd.org.uk/subject/7539,Fleet Management,103,SMALL VAN ,700.34,7369M,47.83,D
13/07/2016,http://opendatacommunities.org/id/metropolitan-district-council/leeds,Leeds,http://id.esd.org.uk/subject/7539,Fleet Management,1114,SMALL VAN ,1757.1,13865M,35.87,D
13/07/2016,http://opendatacommunities.org/id/metropolitan-district-council/leeds,Leeds,http://id.esd.org.uk/subject/7539,Fleet Management,104,SMALL VAN ,403.2,4761M,53.67,D
13/07/2016,http://opendatacommunities.org/id/metropolitan-district-council/leeds,Leeds,http://id.esd.org.uk/subject/7539,Fleet Management,102,SMALL VAN ,779.51,8530M,49.74,D
13/07/2016,http://opendatacommunities.org/id/metropolitan-district-council/leeds,Leeds,http://id.esd.org.uk/subject/7539,Fleet Management,1048,SMALL VAN ,626.05,6667M,48.41,D
13/07/2016,http://opendatacommunities.org/id/metropolitan-district-council/leeds,Leeds,http://id.esd.org.uk/subject/7539,Fleet Management,1049,SMALL VAN ,912.08,7577M,37.76,D
13/07/2016,http://opendatacommunities.org/id/metropolitan-district-council/leeds,Leeds,http://id.esd.org.uk/subject/7539,Fleet Management,78051,MED VAN   ,1086.62,5413M,22.64,D
13/07/2016,http://opendatacommunities.org/id/metropolitan-district-council/leeds,Leeds,http://id.esd.org.uk/subject/7539,Fleet Management,YJ06ZRR  ,SMALL VAN ,534.49,2263M,19.25,D
13/07/2016,http://opendatacommunities.org/id/metropolitan-district-council/leeds,Leeds,http://id.esd.org.uk/subject/7539,Fleet Management,3412,LARGE TIPP,430.67,1554K*,12.88,D
13/07/2016,http://opendatacommunities.org/id/metropolitan-district-council/leeds,Leeds,http://id.esd.org.uk/subject/7539,Fleet Management,320,MINIBUS   ,1752.47,7708M,19.99,D
13/07/2016,http://opendatacommunities.org/id/metropolitan-district-council/leeds,Leeds,http://id.esd.org.uk/subject/7539,Fleet Management,3415,LARGE TIPP,1475.03,5919K,11.33,D
13/07/2016,http://opendatacommunities.org/id/metropolitan-district-council/leeds,Leeds,http://id.esd.org.uk/subject/7539,Fleet Management,3419,LARGE TIPP,351.23,1381K*,14.45,D
13/07/2016,http://opendatacommunities.org/id/metropolitan-district-council/leeds,Leeds,http://id.esd.org.uk/subject/7539,Fleet Management,3416,LARGE TIPP,1756.94,9582K,15.4,D
13/07/2016,http://opendatacommunities.org/id/metropolitan-district-council/leeds,Leeds,http://id.esd.org.uk/subject/7539,Fleet Management,3417,LARGE TIPP,2748.68,14220K,14.61,D
13/07/2016,http://opendatacommunities.org/id/metropolitan-district-council/leeds,Leeds,http://id.esd.org.uk/subject/7539,Fleet Management,3421,LARGE TIPP,2400.11,12724K,14.97,D
13/07/2016,http://opendatacommunities.org/id/metropolitan-district-council/leeds,Leeds,http://id.esd.org.uk/subject/7539,Fleet Management,4438D    ,3 AXLE BIN,696.66,788K,3.19,D
13/07/2016,http://opendatacommunities.org/id/metropolitan-district-council/leeds,Leeds,http://id.esd.org.uk/subject/7539,Fleet Management,4437D    ,3 AXLE BIN,3091.3,4353K,3.98,D
13/07/2016,http://opendatacommunities.org/id/metropolitan-district-council/leeds,Leeds,http://id.esd.org.uk/subject/7539,Fleet Management,784453,3 AXLE BIN,11093.44,12255K,3.12,D
13/07/2016,http://opendatacommunities.org/id/metropolitan-district-council/leeds,Leeds,http://id.esd.org.uk/subject/7539,Fleet Management,4455,3 AXLE BIN,11150.02,13748K,3.48,D
13/07/2016,http://opendatacommunities.org/id/metropolitan-district-council/leeds,Leeds,http://id.esd.org.uk/subject/7539,Fleet Management,4439D    ,3 AXLE BIN,1496.38,1561K,2.95,D
13/07/2016,http://opendatacommunities.org/id/metropolitan-district-council/leeds,Leeds,http://id.esd.org.uk/subject/7539,Fleet Management,4440D    ,3 AXLE BIN,328.97,340K,2.92,D
13/07/2016,http://opendatacommunities.org/id/metropolitan-district-council/leeds,Leeds,http://id.esd.org.uk/subject/7539,Fleet Management,4441D    ,3 AXLE BIN,1491.6,2832K,5.36,D
13/07/2016,http://opendatacommunities.org/id/metropolitan-district-council/leeds,Leeds,http://id.esd.org.uk/subject/7539,Fleet Management,4443 D   ,3 AXLE BIN,992.71,1159K,3.3,D
13/07/2016,http://opendatacommunities.org/id/metropolitan-district-council/leeds,Leeds,http://id.esd.org.uk/subject/7539,Fleet Management,4442D    ,3 AXLE BIN,2724.37,2268K,2.35,D
13/07/2016,http://opendatacommunities.org/id/metropolitan-district-council/leeds,Leeds,http://id.esd.org.uk/subject/7539,Fleet Management,4445D    ,3 AXLE BIN,1601.02,1777K,3.13,D
13/07/2016,http://opendatacommunities.org/id/metropolitan-district-council/leeds,Leeds,http://id.esd.org.uk/subject/7539,Fleet Management,4444D    ,3 AXLE BIN,1139.52,1256K,3.11,D
13/07/2016,http://opendatacommunities.org/id/metropolitan-district-council/leeds,Leeds,http://id.esd.org.uk/subject/7539,Fleet Management,0234D    ,WELFARE   ,1918.75,9531M,22.58,D
13/07/2016,http://opendatacommunities.org/id/metropolitan-district-council/leeds,Leeds,http://id.esd.org.uk/subject/7539,Fleet Management,0232D    ,WELFARE   ,2139.68,10455M,22.21,D
13/07/2016,http://opendatacommunities.org/id/metropolitan-district-council/leeds,Leeds,http://id.esd.org.uk/subject/7539,Fleet Management,0235D    ,WELFARE   ,2294.15,12286M,24.34,D
13/07/2016,http://opendatacommunities.org/id/metropolitan-district-council/leeds,Leeds,http://id.esd.org.uk/subject/7539,Fleet Management,363,MINIBUS   ,2207.05,12564M,25.88,D
13/07/2016,http://opendatacommunities.org/id/metropolitan-district-council/leeds,Leeds,http://id.esd.org.uk/subject/7539,Fleet Management,359,WELFARE   ,2419.82,11752M,22.08,D
13/07/2016,http://opendatacommunities.org/id/metropolitan-district-council/leeds,Leeds,http://id.esd.org.uk/subject/7539,Fleet Management,361,MINIBUS   ,2545.25,14340M,25.61,D
13/07/2016,http://opendatacommunities.org/id/metropolitan-district-council/leeds,Leeds,http://id.esd.org.uk/subject/7539,Fleet Management,0244D    ,WELFARE   ,3134.04,13443M,19.5,D
13/07/2016,http://opendatacommunities.org/id/metropolitan-district-council/leeds,Leeds,http://id.esd.org.uk/subject/7539,Fleet Management,248,WELFARE   ,2374.2,10166M,19.46,D
13/07/2016,http://opendatacommunities.org/id/metropolitan-district-council/leeds,Leeds,http://id.esd.org.uk/subject/7539,Fleet Management,3904,HGV       ,2567.63,5360M,9.49,D
13/07/2016,http://opendatacommunities.org/id/metropolitan-district-council/leeds,Leeds,http://id.esd.org.uk/subject/7539,Fleet Management,0242D    ,WELFARE   ,363.94,1503M,18.77,D
13/07/2016,http://opendatacommunities.org/id/metropolitan-district-council/leeds,Leeds,http://id.esd.org.uk/subject/7539,Fleet Management,0243D    ,WELFARE   ,3457.16,14465M,19.02,D
13/07/2016,http://opendatacommunities.org/id/metropolitan-district-council/leeds,Leeds,http://id.esd.org.uk/subject/7539,Fleet Management,245,WELFARE   ,2997.9,13086M,19.84,D
13/07/2016,http://opendatacommunities.org/id/metropolitan-district-council/leeds,Leeds,http://id.esd.org.uk/subject/7539,Fleet Management,249,WELFARE   ,3310.29,13826M,18.98,D
13/07/2016,http://opendatacommunities.org/id/metropolitan-district-council/leeds,Leeds,http://id.esd.org.uk/subject/7539,Fleet Management,247,WELFARE   ,3441,14328M,18.93,D
13/07/2016,http://opendatacommunities.org/id/metropolitan-district-council/leeds,Leeds,http://id.esd.org.uk/subject/7539,Fleet Management,246,WELFARE   ,2170.71,9869M,20.67,D
13/07/2016,http://opendatacommunities.org/id/metropolitan-district-council/leeds,Leeds,http://id.esd.org.uk/subject/7539,Fleet Management,250,WELFARE   ,3484.77,16242M,21.19,D
13/07/2016,http://opendatacommunities.org/id/metropolitan-district-council/leeds,Leeds,http://id.esd.org.uk/subject/7539,Fleet Management,3426,LARGE TIPP,2975.8,12968K,12.31,D
13/07/2016,http://opendatacommunities.org/id/metropolitan-district-council/leeds,Leeds,http://id.esd.org.uk/subject/7539,Fleet Management,3427,LARGE TIPP,2967.32,14951K,14.23,D
13/07/2016,http://opendatacommunities.org/id/metropolitan-district-council/leeds,Leeds,http://id.esd.org.uk/subject/7539,Fleet Management,3428,LARGE TIPP,3583.05,25758K,20.3,D
13/07/2016,http://opendatacommunities.org/id/metropolitan-district-council/leeds,Leeds,http://id.esd.org.uk/subject/7539,Fleet Management,3310,LIBRARY BU,3254.17,12545K,10.89,D
13/07/2016,http://opendatacommunities.org/id/metropolitan-district-council/leeds,Leeds,http://id.esd.org.uk/subject/7539,Fleet Management,YJ09EHP  ,GULLY TANK,8740.64,16004K,5.17,D
13/07/2016,http://opendatacommunities.org/id/metropolitan-district-council/leeds,Leeds,http://id.esd.org.uk/subject/7539,Fleet Management,YJ09EHE  ,GULLY TANK,12338.97,26258K,6.01,D
13/07/2016,http://opendatacommunities.org/id/metropolitan-district-council/leeds,Leeds,http://id.esd.org.uk/subject/7539,Fleet Management,3109,FLATBACK  ,2590.35,9340K,10.18,D
13/07/2016,http://opendatacommunities.org/id/metropolitan-district-council/leeds,Leeds,http://id.esd.org.uk/subject/7539,Fleet Management,3430,LARGE TIPP,3688.57,19788K,15.15,D
13/07/2016,http://opendatacommunities.org/id/metropolitan-district-council/leeds,Leeds,http://id.esd.org.uk/subject/7539,Fleet Management,2666,MED TIPPER,2548.52,8645M,15.42,D
13/07/2016,http://opendatacommunities.org/id/metropolitan-district-council/leeds,Leeds,http://id.esd.org.uk/subject/7539,Fleet Management,3110,MED TIPPER,2817.99,10792M,17.41,D
13/07/2016,http://opendatacommunities.org/id/metropolitan-district-council/leeds,Leeds,http://id.esd.org.uk/subject/7539,Fleet Management,3111,MED TIPPER,893.31,3682M,18.74,D
13/07/2016,http://opendatacommunities.org/id/metropolitan-district-council/leeds,Leeds,http://id.esd.org.uk/subject/7539,Fleet Management,3112,MED TIPPER,3204.57,15291M,21.69,D
13/07/2016,http://opendatacommunities.org/id/metropolitan-district-council/leeds,Leeds,http://id.esd.org.uk/subject/7539,Fleet Management,WS09/68  ,TRACTOR   ,1428.07,240H*,0.19,D
13/07/2016,http://opendatacommunities.org/id/metropolitan-district-council/leeds,Leeds,http://id.esd.org.uk/subject/7539,Fleet Management,3431,LARGE TIPP,1263.66,6214K,13.89,D
13/07/2016,http://opendatacommunities.org/id/metropolitan-district-council/leeds,Leeds,http://id.esd.org.uk/subject/7539,Fleet Management,3301,LIBRARY BU,2269.15,11541K,14.37,D
13/07/2016,http://opendatacommunities.org/id/metropolitan-district-council/leeds,Leeds,http://id.esd.org.uk/subject/7539,Fleet Management,3302,LIBRARY BU,3446.01,15161K,12.43,D
13/07/2016,http://opendatacommunities.org/id/metropolitan-district-council/leeds,Leeds,http://id.esd.org.uk/subject/7539,Fleet Management,WS10/49  ,TRACTOR   ,4985.56,573H,0.11,D
13/07/2016,http://opendatacommunities.org/id/metropolitan-district-council/leeds,Leeds,http://id.esd.org.uk/subject/7539,Fleet Management,WS10/53  ,TRACTOR   ,2700.36,550H,0.2,D
13/07/2016,http://opendatacommunities.org/id/metropolitan-district-council/leeds,Leeds,http://id.esd.org.uk/subject/7539,Fleet Management,WS10/56  ,TRACTOR   ,4215.03,648H*,0.16,D
13/07/2016,http://opendatacommunities.org/id/metropolitan-district-council/leeds,Leeds,http://id.esd.org.uk/subject/7539,Fleet Management,78071,MINIBUS   ,366.88,2583M,32,D
13/07/2016,http://opendatacommunities.org/id/metropolitan-district-council/leeds,Leeds,http://id.esd.org.uk/subject/7539,Fleet Management,269,WELFARE   ,59.01,ONLY,ONE AUDIT,D
13/07/2016,http://opendatacommunities.org/id/metropolitan-district-council/leeds,Leeds,http://id.esd.org.uk/subject/7539,Fleet Management,258,WELFARE   ,4862.59,20196M,18.88,D
13/07/2016,http://opendatacommunities.org/id/metropolitan-district-council/leeds,Leeds,http://id.esd.org.uk/subject/7539,Fleet Management,268,WELFARE   ,4354.47,18073M,18.87,D
13/07/2016,http://opendatacommunities.org/id/metropolitan-district-council/leeds,Leeds,http://id.esd.org.uk/subject/7539,Fleet Management,265,WELFARE   ,5017.24,18063M,16.36,D
13/07/2016,http://opendatacommunities.org/id/metropolitan-district-council/leeds,Leeds,http://id.esd.org.uk/subject/7539,Fleet Management,259,WELFARE   ,3465.77,13676M,17.94,D
13/07/2016,http://opendatacommunities.org/id/metropolitan-district-council/leeds,Leeds,http://id.esd.org.uk/subject/7539,Fleet Management,260,WELFARE   ,4353.75,18447M,19.26,D
13/07/2016,http://opendatacommunities.org/id/metropolitan-district-council/leeds,Leeds,http://id.esd.org.uk/subject/7539,Fleet Management,262,WELFARE   ,4292.22,17242M,18.26,D
13/07/2016,http://opendatacommunities.org/id/metropolitan-district-council/leeds,Leeds,http://id.esd.org.uk/subject/7539,Fleet Management,261,WELFARE   ,2931.8,10415M,16.15,D
13/07/2016,http://opendatacommunities.org/id/metropolitan-district-council/leeds,Leeds,http://id.esd.org.uk/subject/7539,Fleet Management,257,WELFARE   ,3802.93,14212M,16.99,D
13/07/2016,http://opendatacommunities.org/id/metropolitan-district-council/leeds,Leeds,http://id.esd.org.uk/subject/7539,Fleet Management,263,WELFARE   ,4092.96,18341M,20.37,D
13/07/2016,http://opendatacommunities.org/id/metropolitan-district-council/leeds,Leeds,http://id.esd.org.uk/subject/7539,Fleet Management,264,WELFARE   ,4710.28,19384M,18.71,D
13/07/2016,http://opendatacommunities.org/id/metropolitan-district-council/leeds,Leeds,http://id.esd.org.uk/subject/7539,Fleet Management,266,WELFARE   ,3625.12,13962M,17.51,D
13/07/2016,http://opendatacommunities.org/id/metropolitan-district-council/leeds,Leeds,http://id.esd.org.uk/subject/7539,Fleet Management,267,WELFARE   ,3628.16,13246M,16.59,D
13/07/2016,http://opendatacommunities.org/id/metropolitan-district-council/leeds,Leeds,http://id.esd.org.uk/subject/7539,Fleet Management,YJ12FJJ  ,MED TIPPER,5953.36,26293M,20.07,D
13/07/2016,http://opendatacommunities.org/id/metropolitan-district-council/leeds,Leeds,http://id.esd.org.uk/subject/7539,Fleet Management,YJ12FNA  ,MED VAN   ,406.71,2157M,24.11,D
13/07/2016,http://opendatacommunities.org/id/metropolitan-district-council/leeds,Leeds,http://id.esd.org.uk/subject/7539,Fleet Management,YJ12NTE  ,MED VAN   ,2220.37,9300M,19.04,D
13/07/2016,http://opendatacommunities.org/id/metropolitan-district-council/leeds,Leeds,http://id.esd.org.uk/subject/7539,Fleet Management,YJ12NTF  ,MED VAN   ,2356.58,13677M,26.38,D
13/07/2016,http://opendatacommunities.org/id/metropolitan-district-council/leeds,Leeds,http://id.esd.org.uk/subject/7539,Fleet Management,YJ12NTG  ,MED VAN   ,1432.25,7841M,24.88,D
13/07/2016,http://opendatacommunities.org/id/metropolitan-district-council/leeds,Leeds,http://id.esd.org.uk/subject/7539,Fleet Management,YJ12NTK  ,MED VAN   ,820.63,7388M,40.92,D
13/07/2016,http://opendatacommunities.org/id/metropolitan-district-council/leeds,Leeds,http://id.esd.org.uk/subject/7539,Fleet Management,YJ12NTL  ,MED VAN   ,2527.6,14924M,26.84,D
13/07/2016,http://opendatacommunities.org/id/metropolitan-district-council/leeds,Leeds,http://id.esd.org.uk/subject/7539,Fleet Management,YJ12NTM  ,MED VAN   ,1887.68,10561M,25.43,D
13/07/2016,http://opendatacommunities.org/id/metropolitan-district-council/leeds,Leeds,http://id.esd.org.uk/subject/7539,Fleet Management,YJ12NTN  ,MED VAN   ,1687.91,9376M*,26.26,D
13/07/2016,http://opendatacommunities.org/id/metropolitan-district-council/leeds,Leeds,http://id.esd.org.uk/subject/7539,Fleet Management,YJ12NTO  ,MED VAN   ,1159.88,5580M*,23.17,D
13/07/2016,http://opendatacommunities.org/id/metropolitan-district-council/leeds,Leeds,http://id.esd.org.uk/subject/7539,Fleet Management,YJ12NTT  ,MED VAN   ,1606.69,8651M,24.47,D
13/07/2016,http://opendatacommunities.org/id/metropolitan-district-council/leeds,Leeds,http://id.esd.org.uk/subject/7539,Fleet Management,YJ12NTU  ,MED VAN   ,1429.15,8186M,26.04,D
13/07/2016,http://opendatacommunities.org/id/metropolitan-district-council/leeds,Leeds,http://id.esd.org.uk/subject/7539,Fleet Management,YJ12OJR  ,MED TIPPER,109.64,720M*,44.28,D
13/07/2016,http://opendatacommunities.org/id/metropolitan-district-council/leeds,Leeds,http://id.esd.org.uk/subject/7539,Fleet Management,YJ12OVP  ,LARGE TIPP,422.32,1084M*,13.34,D
13/07/2016,http://opendatacommunities.org/id/metropolitan-district-council/leeds,Leeds,http://id.esd.org.uk/subject/7539,Fleet Management,13/18    ,TRACTOR   ,1807.8,656H,0.36,D
13/07/2016,http://opendatacommunities.org/id/metropolitan-district-council/leeds,Leeds,http://id.esd.org.uk/subject/7539,Fleet Management,13/17    ,TRACTOR   ,6012.8,872H,0.15,D
13/07/2016,http://opendatacommunities.org/id/metropolitan-district-council/leeds,Leeds,http://id.esd.org.uk/subject/7539,Fleet Management,13/22    ,TRACTOR   ,3805.47,493H*,0.14,D
13/07/2016,http://opendatacommunities.org/id/metropolitan-district-council/leeds,Leeds,http://id.esd.org.uk/subject/7539,Fleet Management,13/23    ,TRACTOR   ,104.89,605H,5.77,D
13/07/2016,http://opendatacommunities.org/id/metropolitan-district-council/leeds,Leeds,http://id.esd.org.uk/subject/7539,Fleet Management,YJ13KTX  ,SML SWEEPE,5503.03,6743M,5.57,D
13/07/2016,http://opendatacommunities.org/id/metropolitan-district-council/leeds,Leeds,http://id.esd.org.uk/subject/7539,Fleet Management,YJ13XHZ  ,MED VAN   ,1003.5,7257M,32.87,D
13/07/2016,http://opendatacommunities.org/id/metropolitan-district-council/leeds,Leeds,http://id.esd.org.uk/subject/7539,Fleet Management,YJ13XJB  ,SMALL VAN ,617.76,3576M,26.31,D
13/07/2016,http://opendatacommunities.org/id/metropolitan-district-council/leeds,Leeds,http://id.esd.org.uk/subject/7539,Fleet Management,YJ13YHN  ,SMALL VAN ,242.86,1653M,30.94,D
13/07/2016,http://opendatacommunities.org/id/metropolitan-district-council/leeds,Leeds,http://id.esd.org.uk/subject/7539,Fleet Management,1339ENE  ,MED VAN   ,1315.49,8073M,27.89,D
13/07/2016,http://opendatacommunities.org/id/metropolitan-district-council/leeds,Leeds,http://id.esd.org.uk/subject/7539,Fleet Management,1124,SMALL VAN ,1298.11,9566M,33.5,D
13/07/2016,http://opendatacommunities.org/id/metropolitan-district-council/leeds,Leeds,http://id.esd.org.uk/subject/7539,Fleet Management,1346ENE  ,MED VAN   ,1347.93,8758M,29.53,D
13/07/2016,http://opendatacommunities.org/id/metropolitan-district-council/leeds,Leeds,http://id.esd.org.uk/subject/7539,Fleet Management,1343ENE  ,LARGE VAN ,1563.38,10254M,29.81,D
13/07/2016,http://opendatacommunities.org/id/metropolitan-district-council/leeds,Leeds,http://id.esd.org.uk/subject/7539,Fleet Management,1122,SMALL VAN ,408.09,2795M,31.13,D
13/07/2016,http://opendatacommunities.org/id/metropolitan-district-council/leeds,Leeds,http://id.esd.org.uk/subject/7539,Fleet Management,1345ENE  ,LARGE VAN ,2012.68,12665M,28.6,D
13/07/2016,http://opendatacommunities.org/id/metropolitan-district-council/leeds,Leeds,http://id.esd.org.uk/subject/7539,Fleet Management,1126,SMALL VAN ,469.89,3777M,36.54,D
13/07/2016,http://opendatacommunities.org/id/metropolitan-district-council/leeds,Leeds,http://id.esd.org.uk/subject/7539,Fleet Management,1123,SMALL VAN ,766.81,6432M,38.13,D
13/07/2016,http://opendatacommunities.org/id/metropolitan-district-council/leeds,Leeds,http://id.esd.org.uk/subject/7539,Fleet Management,436,WELFARE   ,3931.69,16088M,18.6,D
13/07/2016,http://opendatacommunities.org/id/metropolitan-district-council/leeds,Leeds,http://id.esd.org.uk/subject/7539,Fleet Management,434,WELFARE   ,3712.96,15277M,18.7,D
13/07/2016,http://opendatacommunities.org/id/metropolitan-district-council/leeds,Leeds,http://id.esd.org.uk/subject/7539,Fleet Management,437,WELFARE   ,4860.7,17720M,16.57,D
13/07/2016,http://opendatacommunities.org/id/metropolitan-district-council/leeds,Leeds,http://id.esd.org.uk/subject/7539,Fleet Management,435,WELFARE   ,3081.45,13623M,20.1,D
13/07/2016,http://opendatacommunities.org/id/metropolitan-district-council/leeds,Leeds,http://id.esd.org.uk/subject/7539,Fleet Management,439,WELFARE   ,4980.86,19145M,17.47,D
13/07/2016,http://opendatacommunities.org/id/metropolitan-district-council/leeds,Leeds,http://id.esd.org.uk/subject/7539,Fleet Management,441,WELFARE   ,4384.94,17099M,17.72,D
13/07/2016,http://opendatacommunities.org/id/metropolitan-district-council/leeds,Leeds,http://id.esd.org.uk/subject/7539,Fleet Management,432,WELFARE   ,4066.58,18332M,20.49,D
13/07/2016,http://opendatacommunities.org/id/metropolitan-district-council/leeds,Leeds,http://id.esd.org.uk/subject/7539,Fleet Management,444,WELFARE   ,4966.88,19316M,17.68,D
13/07/2016,http://opendatacommunities.org/id/metropolitan-district-council/leeds,Leeds,http://id.esd.org.uk/subject/7539,Fleet Management,442,WELFARE   ,3809.19,14049M,16.76,D
13/07/2016,http://opendatacommunities.org/id/metropolitan-district-council/leeds,Leeds,http://id.esd.org.uk/subject/7539,Fleet Management,445,WELFARE   ,4112.3,17006M,18.8,D
13/07/2016,http://opendatacommunities.org/id/metropolitan-district-council/leeds,Leeds,http://id.esd.org.uk/subject/7539,Fleet Management,440,WELFARE   ,3858.51,15849M,18.67,D
13/07/2016,http://opendatacommunities.org/id/metropolitan-district-council/leeds,Leeds,http://id.esd.org.uk/subject/7539,Fleet Management,438,WELFARE   ,4654.79,17694M,17.28,D
13/07/2016,http://opendatacommunities.org/id/metropolitan-district-council/leeds,Leeds,http://id.esd.org.uk/subject/7539,Fleet Management,433,WELFARE   ,3411.38,16334M,21.76,D
13/07/2016,http://opendatacommunities.org/id/metropolitan-district-council/leeds,Leeds,http://id.esd.org.uk/subject/7539,Fleet Management,443,WELFARE   ,5316.97,19917M,17.03,D
13/07/2016,http://opendatacommunities.org/id/metropolitan-district-council/leeds,Leeds,http://id.esd.org.uk/subject/7539,Fleet Management,1964,FLATBACK  ,2400.27,13556M,25.67,D
13/07/2016,http://opendatacommunities.org/id/metropolitan-district-council/leeds,Leeds,http://id.esd.org.uk/subject/7539,Fleet Management,2735,MED TIPPER,326.36,1532M,21.34,D
13/07/2016,http://opendatacommunities.org/id/metropolitan-district-council/leeds,Leeds,http://id.esd.org.uk/subject/7539,Fleet Management,2734,MED TIPPER,1984.3,9011M,20.64,D
13/07/2016,http://opendatacommunities.org/id/metropolitan-district-council/leeds,Leeds,http://id.esd.org.uk/subject/7539,Fleet Management,1965VOID ,FLATBACK  ,374.13,2076M,25.22,D
13/07/2016,http://opendatacommunities.org/id/metropolitan-district-council/leeds,Leeds,http://id.esd.org.uk/subject/7539,Fleet Management,2227,LARGE VAN ,2043.29,8897M,19.79,D
13/07/2016,http://opendatacommunities.org/id/metropolitan-district-council/leeds,Leeds,http://id.esd.org.uk/subject/7539,Fleet Management,2226,LARGE VAN ,2149.74,9382M,19.84,D
13/07/2016,http://opendatacommunities.org/id/metropolitan-district-council/leeds,Leeds,http://id.esd.org.uk/subject/7539,Fleet Management,497,WELFARE   ,3468.88,14301M*,19.09,D
13/07/2016,http://opendatacommunities.org/id/metropolitan-district-council/leeds,Leeds,http://id.esd.org.uk/subject/7539,Fleet Management,202,WELFARE   ,51.67,ONLY,ONE AUDIT,D
13/07/2016,http://opendatacommunities.org/id/metropolitan-district-council/leeds,Leeds,http://id.esd.org.uk/subject/7539,Fleet Management,201,WELFARE   ,103.83,173M*,16.16,D
13/07/2016,http://opendatacommunities.org/id/metropolitan-district-council/leeds,Leeds,http://id.esd.org.uk/subject/7539,Fleet Management,204,WELFARE   ,57.38,ONLY,ONE AUDIT,D
13/07/2016,http://opendatacommunities.org/id/metropolitan-district-council/leeds,Leeds,http://id.esd.org.uk/subject/7539,Fleet Management,203,WELFARE   ,115.01,210M*,17.68,D
13/07/2016,http://opendatacommunities.org/id/metropolitan-district-council/leeds,Leeds,http://id.esd.org.uk/subject/7539,Fleet Management,4436,3 AXLE BIN,157.14,84M*,2.95,D
13/07/2016,http://opendatacommunities.org/id/metropolitan-district-council/leeds,Leeds,http://id.esd.org.uk/subject/7539,Fleet Management,4446,3 AXLE BIN,562.48,343M*,3.9,D
13/07/2016,http://opendatacommunities.org/id/metropolitan-district-council/leeds,Leeds,http://id.esd.org.uk/subject/7539,Fleet Management,4447,3 AXLE BIN,570.41,379M*,3.4,D
13/07/2016,http://opendatacommunities.org/id/metropolitan-district-council/leeds,Leeds,http://id.esd.org.uk/subject/7539,Fleet Management,4448,3 AXLE BIN,647.82,389M*,3.66,D
13/07/2016,http://opendatacommunities.org/id/metropolitan-district-council/leeds,Leeds,http://id.esd.org.uk/subject/7539,Fleet Management,460,WELFARE   ,1055.98,8788K,23.51,D
13/07/2016,http://opendatacommunities.org/id/metropolitan-district-council/leeds,Leeds,http://id.esd.org.uk/subject/7539,Fleet Management,3407,LARGE TIPP,2841.04,13742K,13.66,D
13/07/2016,http://opendatacommunities.org/id/metropolitan-district-council/leeds,Leeds,http://id.esd.org.uk/subject/7539,Fleet Management,3411,LARGE TIPP,3138.8,15425K,13.88,D
13/07/2016,http://opendatacommunities.org/id/metropolitan-district-council/leeds,Leeds,http://id.esd.org.uk/subject/7539,Fleet Management,3408,LARGE TIPP,2071.17,14625K,19.94,D
13/07/2016,http://opendatacommunities.org/id/metropolitan-district-council/leeds,Leeds,http://id.esd.org.uk/subject/7539,Fleet Management,78084,SMALL VAN ,490.22,1601M,14.84,D
13/07/2016,http://opendatacommunities.org/id/metropolitan-district-council/leeds,Leeds,http://id.esd.org.uk/subject/7539,Fleet Management,3410,LARGE TIPP,317.81,1351K,12.01,D
13/07/2016,http://opendatacommunities.org/id/metropolitan-district-council/leeds,Leeds,http://id.esd.org.uk/subject/7539,Fleet Management,3409,LARGE TIPP,2942.86,13928K,13.37,D
13/07/2016,http://opendatacommunities.org/id/metropolitan-district-council/leeds,Leeds,http://id.esd.org.uk/subject/7539,Fleet Management,348,MINIBUS   ,2642.48,13923M,23.95,D
13/07/2016,http://opendatacommunities.org/id/metropolitan-district-council/leeds,Leeds,http://id.esd.org.uk/subject/7539,Fleet Management,345,MINIBUS   ,2217.3,10948M,22.44,D
13/07/2016,http://opendatacommunities.org/id/metropolitan-district-council/leeds,Leeds,http://id.esd.org.uk/subject/7539,Fleet Management,338,MINIBUS   ,2310.99,12024M,23.65,D
13/07/2016,http://opendatacommunities.org/id/metropolitan-district-council/leeds,Leeds,http://id.esd.org.uk/subject/7539,Fleet Management,349,MINIBUS   ,1863.28,8695M,21.21,D
13/07/2016,http://opendatacommunities.org/id/metropolitan-district-council/leeds,Leeds,http://id.esd.org.uk/subject/7539,Fleet Management,354,MINIBUS   ,2285.34,12398M,24.66,D
13/07/2016,http://opendatacommunities.org/id/metropolitan-district-council/leeds,Leeds,http://id.esd.org.uk/subject/7539,Fleet Management,340,MINIBUS   ,1697.34,7841M,21,D
13/07/2016,http://opendatacommunities.org/id/metropolitan-district-council/leeds,Leeds,http://id.esd.org.uk/subject/7539,Fleet Management,343,MINIBUS   ,2752.86,13220M,21.83,D
13/07/2016,http://opendatacommunities.org/id/metropolitan-district-council/leeds,Leeds,http://id.esd.org.uk/subject/7539,Fleet Management,0238D    ,WELFARE   ,2231.62,13023M,26.53,D
13/07/2016,http://opendatacommunities.org/id/metropolitan-district-council/leeds,Leeds,http://id.esd.org.uk/subject/7539,Fleet Management,352,MINIBUS   ,3374.45,18138M,24.43,D
13/07/2016,http://opendatacommunities.org/id/metropolitan-district-council/leeds,Leeds,http://id.esd.org.uk/subject/7539,Fleet Management,346,MINIBUS   ,2271.7,11721M,23.45,D
13/07/2016,http://opendatacommunities.org/id/metropolitan-district-council/leeds,Leeds,http://id.esd.org.uk/subject/7539,Fleet Management,347,MINIBUS   ,2075.57,10988M,24.06,D
13/07/2016,http://opendatacommunities.org/id/metropolitan-district-council/leeds,Leeds,http://id.esd.org.uk/subject/7539,Fleet Management,341,MINIBUS   ,2107.88,11256M,24.27,D
13/07/2016,http://opendatacommunities.org/id/metropolitan-district-council/leeds,Leeds,http://id.esd.org.uk/subject/7539,Fleet Management,350,MINIBUS   ,2392.49,12305M,23.38,D
13/07/2016,http://opendatacommunities.org/id/metropolitan-district-council/leeds,Leeds,http://id.esd.org.uk/subject/7539,Fleet Management,344,MINIBUS   ,1731.36,7497M,19.68,D
13/07/2016,http://opendatacommunities.org/id/metropolitan-district-council/leeds,Leeds,http://id.esd.org.uk/subject/7539,Fleet Management,351,MINIBUS   ,2513.03,12786M,23.13,D
13/07/2016,http://opendatacommunities.org/id/metropolitan-district-council/leeds,Leeds,http://id.esd.org.uk/subject/7539,Fleet Management,0237D    ,WELFARE   ,365.44,1849M,23,D
13/07/2016,http://opendatacommunities.org/id/metropolitan-district-council/leeds,Leeds,http://id.esd.org.uk/subject/7539,Fleet Management,407,WELFARE   ,5374.53,21428M,18.12,D
13/07/2016,http://opendatacommunities.org/id/metropolitan-district-council/leeds,Leeds,http://id.esd.org.uk/subject/7539,Fleet Management,402,WELFARE   ,4130.73,16096K,11.01,D
13/07/2016,http://opendatacommunities.org/id/metropolitan-district-council/leeds,Leeds,http://id.esd.org.uk/subject/7539,Fleet Management,405,WELFARE   ,4957.05,20319K,11.58,D
13/07/2016,http://opendatacommunities.org/id/metropolitan-district-council/leeds,Leeds,http://id.esd.org.uk/subject/7539,Fleet Management,401,WELFARE   ,4699.85,18183K,10.93,D
13/07/2016,http://opendatacommunities.org/id/metropolitan-district-council/leeds,Leeds,http://id.esd.org.uk/subject/7539,Fleet Management,409,WELFARE   ,6279.59,25384K,11.42,D
13/07/2016,http://opendatacommunities.org/id/metropolitan-district-council/leeds,Leeds,http://id.esd.org.uk/subject/7539,Fleet Management,406,WELFARE   ,5555.17,20787K,10.57,D
13/07/2016,http://opendatacommunities.org/id/metropolitan-district-council/leeds,Leeds,http://id.esd.org.uk/subject/7539,Fleet Management,404,WELFARE   ,7162.07,30575K,12.06,D
13/07/2016,http://opendatacommunities.org/id/metropolitan-district-council/leeds,Leeds,http://id.esd.org.uk/subject/7539,Fleet Management,0403VOID ,WELFARE   ,794.18,3054K,10.86,D
13/07/2016,http://opendatacommunities.org/id/metropolitan-district-council/leeds,Leeds,http://id.esd.org.uk/subject/7539,Fleet Management,408,WELFARE   ,5839.29,24027M,18.7,D
13/07/2016,http://opendatacommunities.org/id/metropolitan-district-council/leeds,Leeds,http://id.esd.org.uk/subject/7539,Fleet Management,400,WELFARE   ,6140.78,23837K,10.96,D
13/07/2016,http://opendatacommunities.org/id/metropolitan-district-council/leeds,Leeds,http://id.esd.org.uk/subject/7539,Fleet Management,2221,LARGE VAN ,315.03,1239M,17.88,D
13/07/2016,http://opendatacommunities.org/id/metropolitan-district-council/leeds,Leeds,http://id.esd.org.uk/subject/7539,Fleet Management,4607,HOOKLOADER,17657.88,29313K,4.69,D
13/07/2016,http://opendatacommunities.org/id/metropolitan-district-council/leeds,Leeds,http://id.esd.org.uk/subject/7539,Fleet Management,4608,LARGE VAN ,21255.5,34327K,4.56,D
13/07/2016,http://opendatacommunities.org/id/metropolitan-district-council/leeds,Leeds,http://id.esd.org.uk/subject/7539,Fleet Management,4609,HOOKLOADER,14481.91,22814K,4.45,D
13/07/2016,http://opendatacommunities.org/id/metropolitan-district-council/leeds,Leeds,http://id.esd.org.uk/subject/7539,Fleet Management,8515,SML SWEEPE,564,786M*,6.74,D
13/07/2016,http://opendatacommunities.org/id/metropolitan-district-council/leeds,Leeds,http://id.esd.org.uk/subject/7539,Fleet Management,3104,MED TIPPER,954.74,6212K,18.38,D
13/07/2016,http://opendatacommunities.org/id/metropolitan-district-council/leeds,Leeds,http://id.esd.org.uk/subject/7539,Fleet Management,2222,LARGE VAN ,589.33,3771M,29.09,D
13/07/2016,http://opendatacommunities.org/id/metropolitan-district-council/leeds,Leeds,http://id.esd.org.uk/subject/7539,Fleet Management,2219,MED VAN   ,289.01,1144M,17.99,D
13/07/2016,http://opendatacommunities.org/id/metropolitan-district-council/leeds,Leeds,http://id.esd.org.uk/subject/7539,Fleet Management,2218,MED VAN   ,228.04,554M*,14.07,D
13/07/2016,http://opendatacommunities.org/id/metropolitan-district-council/leeds,Leeds,http://id.esd.org.uk/subject/7539,Fleet Management,2217,MED VAN   ,353.33,1326M,17.06,D
13/07/2016,http://opendatacommunities.org/id/metropolitan-district-council/leeds,Leeds,http://id.esd.org.uk/subject/7539,Fleet Management,1877,MED VAN   ,1964.91,16996M,39.32,D
13/07/2016,http://opendatacommunities.org/id/metropolitan-district-council/leeds,Leeds,http://id.esd.org.uk/subject/7539,Fleet Management,1878,MED VAN   ,1352.89,15483M,52.02,D
13/07/2016,http://opendatacommunities.org/id/metropolitan-district-council/leeds,Leeds,http://id.esd.org.uk/subject/7539,Fleet Management,2223,LARGE VAN ,585.59,2631M*,22.69,D
13/07/2016,http://opendatacommunities.org/id/metropolitan-district-council/leeds,Leeds,http://id.esd.org.uk/subject/7539,Fleet Management,2224,LARGE VAN ,206.86,587M*,12.9,D
13/07/2016,http://opendatacommunities.org/id/metropolitan-district-council/leeds,Leeds,http://id.esd.org.uk/subject/7539,Fleet Management,2225,LARGE VAN ,342.5,801M,10.63,D
13/07/2016,http://opendatacommunities.org/id/metropolitan-district-council/leeds,Leeds,http://id.esd.org.uk/subject/7539,Fleet Management,YJ61DWK  ,LARGE TIPP,230.11,755K*,14.58,D
13/07/2016,http://opendatacommunities.org/id/metropolitan-district-council/leeds,Leeds,http://id.esd.org.uk/subject/7539,Fleet Management,YJ61DWKD ,LARGE TIPP,1414.24,6737K,13.45,D
13/07/2016,http://opendatacommunities.org/id/metropolitan-district-council/leeds,Leeds,http://id.esd.org.uk/subject/7539,Fleet Management,277,WELFARE   ,3700.48,17290M,21.24,D
13/07/2016,http://opendatacommunities.org/id/metropolitan-district-council/leeds,Leeds,http://id.esd.org.uk/subject/7539,Fleet Management,281,WELFARE   ,4034.29,19503M,21.97,D
13/07/2016,http://opendatacommunities.org/id/metropolitan-district-council/leeds,Leeds,http://id.esd.org.uk/subject/7539,Fleet Management,276,WELFARE   ,4184.45,19235M,20.89,D
13/07/2016,http://opendatacommunities.org/id/metropolitan-district-council/leeds,Leeds,http://id.esd.org.uk/subject/7539,Fleet Management,275,WELFARE   ,4355.81,18314M,19.11,D
13/07/2016,http://opendatacommunities.org/id/metropolitan-district-council/leeds,Leeds,http://id.esd.org.uk/subject/7539,Fleet Management,282,WELFARE   ,4166.68,17889M,19.52,D
13/07/2016,http://opendatacommunities.org/id/metropolitan-district-council/leeds,Leeds,http://id.esd.org.uk/subject/7539,Fleet Management,280,WELFARE   ,5179.71,22420M,19.67,D
13/07/2016,http://opendatacommunities.org/id/metropolitan-district-council/leeds,Leeds,http://id.esd.org.uk/subject/7539,Fleet Management,279,WELFARE   ,4471.25,19475M,19.8,D
13/07/2016,http://opendatacommunities.org/id/metropolitan-district-council/leeds,Leeds,http://id.esd.org.uk/subject/7539,Fleet Management,278,WELFARE   ,2805.94,11946M,19.35,D
13/07/2016,http://opendatacommunities.org/id/metropolitan-district-council/leeds,Leeds,http://id.esd.org.uk/subject/7539,Fleet Management,283,WELFARE   ,4706.76,22962M,22.18,D
13/07/2016,http://opendatacommunities.org/id/metropolitan-district-council/leeds,Leeds,http://id.esd.org.uk/subject/7539,Fleet Management,274,WELFARE   ,3023.17,12153M,18.27,D
13/07/2016,http://opendatacommunities.org/id/metropolitan-district-council/leeds,Leeds,http://id.esd.org.uk/subject/7539,Fleet Management,272,WELFARE   ,3818.03,17340M,20.64,D
13/07/2016,http://opendatacommunities.org/id/metropolitan-district-council/leeds,Leeds,http://id.esd.org.uk/subject/7539,Fleet Management,273,WELFARE   ,2709.17,13948M,23.4,D
13/07/2016,http://opendatacommunities.org/id/metropolitan-district-council/leeds,Leeds,http://id.esd.org.uk/subject/7539,Fleet Management,270,WELFARE   ,3429.77,15017M,19.9,D
13/07/2016,http://opendatacommunities.org/id/metropolitan-district-council/leeds,Leeds,http://id.esd.org.uk/subject/7539,Fleet Management,271,WELFARE   ,5331.4,23004M,19.61,D
13/07/2016,http://opendatacommunities.org/id/metropolitan-district-council/leeds,Leeds,http://id.esd.org.uk/subject/7539,Fleet Management,YJ62HPZ  ,LARGE TIPP,302.64,1387K*,16.53,D
13/07/2016,http://opendatacommunities.org/id/metropolitan-district-council/leeds,Leeds,http://id.esd.org.uk/subject/7539,Fleet Management,YJ62KVY  ,GULLY TANK,7832.67,16336K,5.89,D
13/07/2016,http://opendatacommunities.org/id/metropolitan-district-council/leeds,Leeds,http://id.esd.org.uk/subject/7539,Fleet Management,1963,FLATBACK  ,1552.49,8190M,23.98,D
13/07/2016,http://opendatacommunities.org/id/metropolitan-district-council/leeds,Leeds,http://id.esd.org.uk/subject/7539,Fleet Management,1962,FLATBACK  ,886.95,5101M,26.14,D
13/07/2016,http://opendatacommunities.org/id/metropolitan-district-council/leeds,Leeds,http://id.esd.org.uk/subject/7539,Fleet Management,YJ63YZE  ,GULLY TANK,7119.79,15272M,9.75,D
13/07/2016,http://opendatacommunities.org/id/metropolitan-district-council/leeds,Leeds,http://id.esd.org.uk/subject/7539,Fleet Management,465,WELFARE   ,4408.27,17690M,18.24,D
13/07/2016,http://opendatacommunities.org/id/metropolitan-district-council/leeds,Leeds,http://id.esd.org.uk/subject/7539,Fleet Management,463,WELFARE   ,3977.34,17598M,20.11,D
13/07/2016,http://opendatacommunities.org/id/metropolitan-district-council/leeds,Leeds,http://id.esd.org.uk/subject/7539,Fleet Management,462,WELFARE   ,2752.59,13157M,21.73,D
13/07/2016,http://opendatacommunities.org/id/metropolitan-district-council/leeds,Leeds,http://id.esd.org.uk/subject/7539,Fleet Management,461,WELFARE   ,3052.24,12363M,18.41,D
13/07/2016,http://opendatacommunities.org/id/metropolitan-district-council/leeds,Leeds,http://id.esd.org.uk/subject/7539,Fleet Management,464,WELFARE   ,4287.38,18836M,19.97,D
13/07/2016,http://opendatacommunities.org/id/metropolitan-district-council/leeds,Leeds,http://id.esd.org.uk/subject/7539,Fleet Management,467,WELFARE   ,3705.95,15296M,18.76,D
13/07/2016,http://opendatacommunities.org/id/metropolitan-district-council/leeds,Leeds,http://id.esd.org.uk/subject/7539,Fleet Management,469,WELFARE   ,2514.86,11461M,20.72,D
13/07/2016,http://opendatacommunities.org/id/metropolitan-district-council/leeds,Leeds,http://id.esd.org.uk/subject/7539,Fleet Management,468,WELFARE   ,2142.02,8572M,18.19,D
13/07/2016,http://opendatacommunities.org/id/metropolitan-district-council/leeds,Leeds,http://id.esd.org.uk/subject/7539,Fleet Management,471,WELFARE   ,3840.71,17178M,20.33,D
13/07/2016,http://opendatacommunities.org/id/metropolitan-district-council/leeds,Leeds,http://id.esd.org.uk/subject/7539,Fleet Management,470,WELFARE   ,4005.44,18463M,20.95,D
13/07/2016,http://opendatacommunities.org/id/metropolitan-district-council/leeds,Leeds,http://id.esd.org.uk/subject/7539,Fleet Management,472,WELFARE   ,3086.86,12437M,18.31,D
13/07/2016,http://opendatacommunities.org/id/metropolitan-district-council/leeds,Leeds,http://id.esd.org.uk/subject/7539,Fleet Management,473,WELFARE   ,3345.67,13017M,17.69,D
13/07/2016,http://opendatacommunities.org/id/metropolitan-district-council/leeds,Leeds,http://id.esd.org.uk/subject/7539,Fleet Management,474,WELFARE   ,3234.49,14366M,20.19,D
13/07/2016,http://opendatacommunities.org/id/metropolitan-district-council/leeds,Leeds,http://id.esd.org.uk/subject/7539,Fleet Management,476,WELFARE   ,5078.52,22530M,20.17,D
13/07/2016,http://opendatacommunities.org/id/metropolitan-district-council/leeds,Leeds,http://id.esd.org.uk/subject/7539,Fleet Management,475,WELFARE   ,3525.81,16480M,21.25,D
13/07/2016,http://opendatacommunities.org/id/metropolitan-district-council/leeds,Leeds,http://id.esd.org.uk/subject/7539,Fleet Management,466,WELFARE   ,2757.68,13778M,22.71,D
13/07/2016,http://opendatacommunities.org/id/metropolitan-district-council/leeds,Leeds,http://id.esd.org.uk/subject/7539,Fleet Management,487,WELFARE   ,2211.4,8562M,17.6,D
13/07/2016,http://opendatacommunities.org/id/metropolitan-district-council/leeds,Leeds,http://id.esd.org.uk/subject/7539,Fleet Management,485,WELFARE   ,4677.99,21584M,20.97,D
13/07/2016,http://opendatacommunities.org/id/metropolitan-district-council/leeds,Leeds,http://id.esd.org.uk/subject/7539,Fleet Management,477,WELFARE   ,4093.62,17353M,19.27,D
13/07/2016,http://opendatacommunities.org/id/metropolitan-district-council/leeds,Leeds,http://id.esd.org.uk/subject/7539,Fleet Management,479,WELFARE   ,3079.56,14027M,20.7,D
13/07/2016,http://opendatacommunities.org/id/metropolitan-district-council/leeds,Leeds,http://id.esd.org.uk/subject/7539,Fleet Management,478,WELFARE   ,3917.14,15102M,17.52,D
13/07/2016,http://opendatacommunities.org/id/metropolitan-district-council/leeds,Leeds,http://id.esd.org.uk/subject/7539,Fleet Management,480,WELFARE   ,3528.16,16483M,21.24,D
13/07/2016,http://opendatacommunities.org/id/metropolitan-district-council/leeds,Leeds,http://id.esd.org.uk/subject/7539,Fleet Management,481,WELFARE   ,3517.08,14607M,18.88,D
13/07/2016,http://opendatacommunities.org/id/metropolitan-district-council/leeds,Leeds,http://id.esd.org.uk/subject/7539,Fleet Management,483,WELFARE   ,3667.98,17313M,21.45,D
13/07/2016,http://opendatacommunities.org/id/metropolitan-district-council/leeds,Leeds,http://id.esd.org.uk/subject/7539,Fleet Management,482,WELFARE   ,3467.92,17435M,22.85,D
13/07/2016,http://opendatacommunities.org/id/metropolitan-district-council/leeds,Leeds,http://id.esd.org.uk/subject/7539,Fleet Management,484,WELFARE   ,4519.01,20020M,20.14,D
13/07/2016,http://opendatacommunities.org/id/metropolitan-district-council/leeds,Leeds,http://id.esd.org.uk/subject/7539,Fleet Management,493,WELFARE   ,2325.73,9123M,17.83,D
13/07/2016,http://opendatacommunities.org/id/metropolitan-district-council/leeds,Leeds,http://id.esd.org.uk/subject/7539,Fleet Management,495,WELFARE   ,3289,16773M,23.18,D
13/07/2016,http://opendatacommunities.org/id/metropolitan-district-council/leeds,Leeds,http://id.esd.org.uk/subject/7539,Fleet Management,496,WELFARE   ,4756.27,21438M,20.49,D
13/07/2016,http://opendatacommunities.org/id/metropolitan-district-council/leeds,Leeds,http://id.esd.org.uk/subject/7539,Fleet Management,494,WELFARE   ,2960.23,11552M,17.74,D
13/07/2016,http://opendatacommunities.org/id/metropolitan-district-council/leeds,Leeds,http://id.esd.org.uk/subject/7539,Fleet Management,491,WELFARE   ,2819.27,11967M,19.29,D
13/07/2016,http://opendatacommunities.org/id/metropolitan-district-council/leeds,Leeds,http://id.esd.org.uk/subject/7539,Fleet Management,492,WELFARE   ,2915.07,13342M,20.8,D
13/07/2016,http://opendatacommunities.org/id/metropolitan-district-council/leeds,Leeds,http://id.esd.org.uk/subject/7539,Fleet Management,488,WELFARE   ,4102.21,20303M,22.5,D
13/07/2016,http://opendatacommunities.org/id/metropolitan-district-council/leeds,Leeds,http://id.esd.org.uk/subject/7539,Fleet Management,490,WELFARE   ,3246.63,13572M,19,D
13/07/2016,http://opendatacommunities.org/id/metropolitan-district-council/leeds,Leeds,http://id.esd.org.uk/subject/7539,Fleet Management,489,WELFARE   ,4015.71,20166M,22.83,D
13/07/2016,http://opendatacommunities.org/id/metropolitan-district-council/leeds,Leeds,http://id.esd.org.uk/subject/7539,Fleet Management,486,WELFARE   ,2826.36,10054M,16.17,D
13/07/2016,http://opendatacommunities.org/id/metropolitan-district-council/leeds,Leeds,http://id.esd.org.uk/subject/7539,Fleet Management,4434,4 AXLE BIN,3210.26,5328K*,4.83,D
13/07/2016,http://opendatacommunities.org/id/metropolitan-district-council/leeds,Leeds,http://id.esd.org.uk/subject/7539,Fleet Management,4435,4 AXLE BIN,4013.91,1809K*,1.32,D
13/07/2016,http://opendatacommunities.org/id/metropolitan-district-council/leeds,Leeds,http://id.esd.org.uk/subject/7539,Fleet Management,4433,4 AXLE BIN,5772.38,3978K*,1.97,D
13/07/2016,http://opendatacommunities.org/id/metropolitan-district-council/leeds,Leeds,http://id.esd.org.uk/subject/7539,Fleet Management,1965,FLATBACK  ,404.86,1734M*,23.19,D
13/07/2016,http://opendatacommunities.org/id/metropolitan-district-council/leeds,Leeds,http://id.esd.org.uk/subject/7539,Fleet Management,1101,SMALL VAN ,50.65,ONLY,ONE AUDIT,D
13/07/2016,http://opendatacommunities.org/id/metropolitan-district-council/leeds,Leeds,http://id.esd.org.uk/subject/7539,Fleet Management,1077,SMALL VAN ,567.84,5220M*,44.69,D
13/07/2016,http://opendatacommunities.org/id/metropolitan-district-council/leeds,Leeds,http://id.esd.org.uk/subject/7539,Fleet Management,1076,SMALL VAN ,400.17,3653M*,45.63,D
13/07/2016,http://opendatacommunities.org/id/metropolitan-district-council/leeds,Leeds,http://id.esd.org.uk/subject/7539,Fleet Management,1078,SMALL VAN ,1180.82,11226M*,44.53,D
13/07/2016,http://opendatacommunities.org/id/metropolitan-district-council/leeds,Leeds,http://id.esd.org.uk/subject/7539,Fleet Management,78534,MED TIPPER,669.43,3631M,24.65,D
13/07/2016,http://opendatacommunities.org/id/metropolitan-district-council/leeds,Leeds,http://id.esd.org.uk/subject/7539,Fleet Management,2623,MED TIPPER,535.06,3018M,25.64,D
13/07/2016,http://opendatacommunities.org/id/metropolitan-district-council/leeds,Leeds,http://id.esd.org.uk/subject/7539,Fleet Management,360,MINIBUS   ,2367.79,13204M,25.35,D
13/07/2016,http://opendatacommunities.org/id/metropolitan-district-council/leeds,Leeds,http://id.esd.org.uk/subject/7539,Fleet Management,1111,SMALL VAN ,170.04,1755M*,61.16,D
13/07/2016,http://opendatacommunities.org/id/metropolitan-district-council/leeds,Leeds,http://id.esd.org.uk/subject/7539,Fleet Management,1111D    ,SMALL VAN ,477.43,4409M,41.98,D
13/07/2016,http://opendatacommunities.org/id/metropolitan-district-council/leeds,Leeds,http://id.esd.org.uk/subject/7539,Fleet Management,8517,SML SWEEPE,6155.93,4906M,3.62,D
13/07/2016,http://opendatacommunities.org/id/metropolitan-district-council/leeds,Leeds,http://id.esd.org.uk/subject/7539,Fleet Management,YK12DFFR ,SML SWEEPE,5148.37,6434M,5.68,D
13/07/2016,http://opendatacommunities.org/id/metropolitan-district-council/leeds,Leeds,http://id.esd.org.uk/subject/7539,Fleet Management,8531,SML SWEEPE,856.76,966H,1.13,D
13/07/2016,http://opendatacommunities.org/id/metropolitan-district-council/leeds,Leeds,http://id.esd.org.uk/subject/7539,Fleet Management,8532,SML SWEEPE,6334.88,5135H,0.81,D
13/07/2016,http://opendatacommunities.org/id/metropolitan-district-council/leeds,Leeds,http://id.esd.org.uk/subject/7539,Fleet Management,8533,SML SWEEPE,3480.13,3680H,1.06,D
13/07/2016,http://opendatacommunities.org/id/metropolitan-district-council/leeds,Leeds,http://id.esd.org.uk/subject/7539,Fleet Management,8534,SML SWEEPE,4094.37,3628H,0.89,D
13/07/2016,http://opendatacommunities.org/id/metropolitan-district-council/leeds,Leeds,http://id.esd.org.uk/subject/7539,Fleet Management,8535,SML SWEEPE,4337.96,4899H,1.13,D
13/07/2016,http://opendatacommunities.org/id/metropolitan-district-council/leeds,Leeds,http://id.esd.org.uk/subject/7539,Fleet Management,YK12HAU  ,LARGE TIPP,617.9,1774K*,8.73,D
13/07/2016,http://opendatacommunities.org/id/metropolitan-district-council/leeds,Leeds,http://id.esd.org.uk/subject/7539,Fleet Management,1127,SMALL VAN ,652.92,5530M,38.5,D
13/07/2016,http://opendatacommunities.org/id/metropolitan-district-council/leeds,Leeds,http://id.esd.org.uk/subject/7539,Fleet Management,5026,18TN D/M  ,7007.76,16919K,6.82,D
13/07/2016,http://opendatacommunities.org/id/metropolitan-district-council/leeds,Leeds,http://id.esd.org.uk/subject/7539,Fleet Management,5029,18TN D/M  ,4172.7,10015K,6.78,D
13/07/2016,http://opendatacommunities.org/id/metropolitan-district-council/leeds,Leeds,http://id.esd.org.uk/subject/7539,Fleet Management,5030,18TN D/M  ,4875.01,11839K,6.86,D
13/07/2016,http://opendatacommunities.org/id/metropolitan-district-council/leeds,Leeds,http://id.esd.org.uk/subject/7539,Fleet Management,5027,18TN D/M  ,4950.5,12121K*,7.13,D
13/07/2016,http://opendatacommunities.org/id/metropolitan-district-council/leeds,Leeds,http://id.esd.org.uk/subject/7539,Fleet Management,5032,18TN D/M  ,3940.45,9850K,7.06,D
13/07/2016,http://opendatacommunities.org/id/metropolitan-district-council/leeds,Leeds,http://id.esd.org.uk/subject/7539,Fleet Management,5031,18TN D/M  ,3947.75,10352K,7.41,D
13/07/2016,http://opendatacommunities.org/id/metropolitan-district-council/leeds,Leeds,http://id.esd.org.uk/subject/7539,Fleet Management,5033,18TN D/M  ,3717.13,8335K,6.33,D
13/07/2016,http://opendatacommunities.org/id/metropolitan-district-council/leeds,Leeds,http://id.esd.org.uk/subject/7539,Fleet Management,5035,18TN D/M  ,4665.03,11119K,6.73,D
13/07/2016,http://opendatacommunities.org/id/metropolitan-district-council/leeds,Leeds,http://id.esd.org.uk/subject/7539,Fleet Management,5028,18TN D/M  ,5262.88,14104K*,7.74,D
13/07/2016,http://opendatacommunities.org/id/metropolitan-district-council/leeds,Leeds,http://id.esd.org.uk/subject/7539,Fleet Management,5034,18TN D/M  ,6075.84,8940K,4.16,D
13/07/2016,http://opendatacommunities.org/id/metropolitan-district-council/leeds,Leeds,http://id.esd.org.uk/subject/7539,Fleet Management,5036,18TN D/M  ,4500.61,10320K,6.48,D
13/07/2016,http://opendatacommunities.org/id/metropolitan-district-council/leeds,Leeds,http://id.esd.org.uk/subject/7539,Fleet Management,5037,18TN D/M  ,5125.97,11624K,6.4,D
13/07/2016,http://opendatacommunities.org/id/metropolitan-district-council/leeds,Leeds,http://id.esd.org.uk/subject/7539,Fleet Management,5039,18TN D/M  ,5794.2,14878K,7.25,D
13/07/2016,http://opendatacommunities.org/id/metropolitan-district-council/leeds,Leeds,http://id.esd.org.uk/subject/7539,Fleet Management,5040,18TN D/M  ,5263.88,12861K,6.9,D
13/07/2016,http://opendatacommunities.org/id/metropolitan-district-council/leeds,Leeds,http://id.esd.org.uk/subject/7539,Fleet Management,5038,18TN D/M  ,5696.69,8893K,4.41,D
13/07/2016,http://opendatacommunities.org/id/metropolitan-district-council/leeds,Leeds,http://id.esd.org.uk/subject/7539,Fleet Management,5041,18TN D/M  ,5487.42,8120K,4.18,D
13/07/2016,http://opendatacommunities.org/id/metropolitan-district-council/leeds,Leeds,http://id.esd.org.uk/subject/7539,Fleet Management,5042,18TN D/M  ,3501.75,8989K,7.25,D
13/07/2016,http://opendatacommunities.org/id/metropolitan-district-council/leeds,Leeds,http://id.esd.org.uk/subject/7539,Fleet Management,5043,18TN D/M  ,3360.9,7809K,6.56,D
13/07/2016,http://opendatacommunities.org/id/metropolitan-district-council/leeds,Leeds,http://id.esd.org.uk/subject/7539,Fleet Management,5044,18TN D/M  ,2498.42,ERROR,,D
13/07/2016,http://opendatacommunities.org/id/metropolitan-district-council/leeds,Leeds,http://id.esd.org.uk/subject/7539,Fleet Management,4423,3 AXLE BIN,16528.84,14170K*,2.44,D
13/07/2016,http://opendatacommunities.org/id/metropolitan-district-council/leeds,Leeds,http://id.esd.org.uk/subject/7539,Fleet Management,4424,3 AXLE BIN,13815.45,10317K*,2.13,D
13/07/2016,http://opendatacommunities.org/id/metropolitan-district-council/leeds,Leeds,http://id.esd.org.uk/subject/7539,Fleet Management,4422,3 AXLE BIN,14876.96,10115K*,1.94,D
13/07/2016,http://opendatacommunities.org/id/metropolitan-district-council/leeds,Leeds,http://id.esd.org.uk/subject/7539,Fleet Management,4425,3 AXLE BIN,15746.84,14582K*,2.63,D
13/07/2016,http://opendatacommunities.org/id/metropolitan-district-council/leeds,Leeds,http://id.esd.org.uk/subject/7539,Fleet Management,4419,3 AXLE BIN,16105.42,18732K*,3.32,D
13/07/2016,http://opendatacommunities.org/id/metropolitan-district-council/leeds,Leeds,http://id.esd.org.uk/subject/7539,Fleet Management,4420,3 AXLE BIN,14204.96,10200K*,2.05,D
13/07/2016,http://opendatacommunities.org/id/metropolitan-district-council/leeds,Leeds,http://id.esd.org.uk/subject/7539,Fleet Management,4427,3 AXLE BIN,11960.67,8667K*,2.08,D
13/07/2016,http://opendatacommunities.org/id/metropolitan-district-council/leeds,Leeds,http://id.esd.org.uk/subject/7539,Fleet Management,4421,3 AXLE BIN,13266.99,9510K*,2.03,D
13/07/2016,http://opendatacommunities.org/id/metropolitan-district-council/leeds,Leeds,http://id.esd.org.uk/subject/7539,Fleet Management,4426,3 AXLE BIN,10543.93,6632K*,1.79,D
13/07/2016,http://opendatacommunities.org/id/metropolitan-district-council/leeds,Leeds,http://id.esd.org.uk/subject/7539,Fleet Management,4428,3 AXLE BIN,11837.12,14985K*,3.62,D
13/07/2016,http://opendatacommunities.org/id/metropolitan-district-council/leeds,Leeds,http://id.esd.org.uk/subject/7539,Fleet Management,4430,2 AXLE BIN,6238.84,12347K*,5.86,D
13/07/2016,http://opendatacommunities.org/id/metropolitan-district-council/leeds,Leeds,http://id.esd.org.uk/subject/7539,Fleet Management,4429,2 AXLE BIN,10215.25,13756K*,3.85,D
13/07/2016,http://opendatacommunities.org/id/metropolitan-district-council/leeds,Leeds,http://id.esd.org.uk/subject/7539,Fleet Management,1555,MED VAN   ,520.01,6117M*,61.11,D
13/07/2016,http://opendatacommunities.org/id/metropolitan-district-council/leeds,Leeds,http://id.esd.org.uk/subject/7539,Fleet Management,4432,2 AXLE BIN,5892.56,14326K*,6.96,D
13/07/2016,http://opendatacommunities.org/id/metropolitan-district-council/leeds,Leeds,http://id.esd.org.uk/subject/7539,Fleet Management,1844,LARGE VAN ,1545.56,8268M*,25.24,D
13/07/2016,http://opendatacommunities.org/id/metropolitan-district-council/leeds,Leeds,http://id.esd.org.uk/subject/7539,Fleet Management,1845,LARGE VAN ,122,591M,22.02,D
13/07/2016,http://opendatacommunities.org/id/metropolitan-district-council/leeds,Leeds,http://id.esd.org.uk/subject/7539,Fleet Management,78004,SMALL VAN ,324.3,2029M,28.44,D
13/07/2016,http://opendatacommunities.org/id/metropolitan-district-council/leeds,Leeds,http://id.esd.org.uk/subject/7539,Fleet Management,784500,3 AXLE BIN,2328.4,4201K,5.1,D
13/07/2016,http://opendatacommunities.org/id/metropolitan-district-council/leeds,Leeds,http://id.esd.org.uk/subject/7539,Fleet Management,1929,MED TIPPER,518.84,2502M*,24.54,D
13/07/2016,http://opendatacommunities.org/id/metropolitan-district-council/leeds,Leeds,http://id.esd.org.uk/subject/7539,Fleet Management,3401,LARGE TIPP,60.74,238K,11.07,D
13/07/2016,http://opendatacommunities.org/id/metropolitan-district-council/leeds,Leeds,http://id.esd.org.uk/subject/7539,Fleet Management,4100,FLATBACK  ,660.74,1294M,8.9,D
13/07/2016,http://opendatacommunities.org/id/metropolitan-district-council/leeds,Leeds,http://id.esd.org.uk/subject/7539,Fleet Management,784448,3 AXLE BIN,10487.55,10995K*,2.98,D
13/07/2016,http://opendatacommunities.org/id/metropolitan-district-council/leeds,Leeds,http://id.esd.org.uk/subject/7539,Fleet Management,784446,3 AXLE BIN,6850.19,7927K,3.27,D
13/07/2016,http://opendatacommunities.org/id/metropolitan-district-council/leeds,Leeds,http://id.esd.org.uk/subject/7539,Fleet Management,784447,3 AXLE BIN,9194.81,9962K,3.06,D
13/07/2016,http://opendatacommunities.org/id/metropolitan-district-council/leeds,Leeds,http://id.esd.org.uk/subject/7539,Fleet Management,784451,3 AXLE BIN,9750.02,11048K,3.2,D
13/07/2016,http://opendatacommunities.org/id/metropolitan-district-council/leeds,Leeds,http://id.esd.org.uk/subject/7539,Fleet Management,784454,3 AXLE BIN,11527.62,13935K,3.41,D
13/07/2016,http://opendatacommunities.org/id/metropolitan-district-council/leeds,Leeds,http://id.esd.org.uk/subject/7539,Fleet Management,784452,3 AXLE BIN,11583.63,13480K*,3.31,D
13/07/2016,http://opendatacommunities.org/id/metropolitan-district-council/leeds,Leeds,http://id.esd.org.uk/subject/7539,Fleet Management,784449,3 AXLE BIN,9900.09,11214K,3.2,D
13/07/2016,http://opendatacommunities.org/id/metropolitan-district-council/leeds,Leeds,http://id.esd.org.uk/subject/7539,Fleet Management,78074,MINIBUS   ,783.84,6171K,22.24,D
13/07/2016,http://opendatacommunities.org/id/metropolitan-district-council/leeds,Leeds,http://id.esd.org.uk/subject/7539,Fleet Management,1956,MED VAN   ,1091.51,5477M,22.81,D
13/07/2016,http://opendatacommunities.org/id/metropolitan-district-council/leeds,Leeds,http://id.esd.org.uk/subject/7539,Fleet Management,1957,MED VAN   ,1361.44,6156M*,20.55,D
13/07/2016,http://opendatacommunities.org/id/metropolitan-district-council/leeds,Leeds,http://id.esd.org.uk/subject/7539,Fleet Management,1958,FLATBACK  ,511.84,2731M,24.25,D
13/07/2016,http://opendatacommunities.org/id/metropolitan-district-council/leeds,Leeds,http://id.esd.org.uk/subject/7539,Fleet Management,776,SMALL VAN ,693.77,7346M,48.13,D
13/07/2016,http://opendatacommunities.org/id/metropolitan-district-council/leeds,Leeds,http://id.esd.org.uk/subject/7539,Fleet Management,791,SMALL VAN ,435.94,4789M,49.93,D
13/07/2016,http://opendatacommunities.org/id/metropolitan-district-council/leeds,Leeds,http://id.esd.org.uk/subject/7539,Fleet Management,1104,SMALL VAN ,1581.81,11760M,33.79,D
13/07/2016,http://opendatacommunities.org/id/metropolitan-district-council/leeds,Leeds,http://id.esd.org.uk/subject/7539,Fleet Management,1108,SMALL VAN ,1075.02,6747M,28.53,D
13/07/2016,http://opendatacommunities.org/id/metropolitan-district-council/leeds,Leeds,http://id.esd.org.uk/subject/7539,Fleet Management,1103,SMALL VAN ,531.4,6071M,51.93,D
13/07/2016,http://opendatacommunities.org/id/metropolitan-district-council/leeds,Leeds,http://id.esd.org.uk/subject/7539,Fleet Management,1106,SMALL VAN ,1031.1,7455M,32.86,D
13/07/2016,http://opendatacommunities.org/id/metropolitan-district-council/leeds,Leeds,http://id.esd.org.uk/subject/7539,Fleet Management,1107,SMALL VAN ,1545.48,9697M,28.52,D
13/07/2016,http://opendatacommunities.org/id/metropolitan-district-council/leeds,Leeds,http://id.esd.org.uk/subject/7539,Fleet Management,1105,SMALL VAN ,999.36,6850M,31.16,D
13/07/2016,http://opendatacommunities.org/id/metropolitan-district-council/leeds,Leeds,http://id.esd.org.uk/subject/7539,Fleet Management,770,SMALL VAN ,792.98,8685M,49.78,D
13/07/2016,http://opendatacommunities.org/id/metropolitan-district-council/leeds,Leeds,http://id.esd.org.uk/subject/7539,Fleet Management,784,SMALL VAN ,853.05,9509M,50.67,D
13/07/2016,http://opendatacommunities.org/id/metropolitan-district-council/leeds,Leeds,http://id.esd.org.uk/subject/7539,Fleet Management,771,SMALL VAN ,1324.37,16389M,56.25,D
13/07/2016,http://opendatacommunities.org/id/metropolitan-district-council/leeds,Leeds,http://id.esd.org.uk/subject/7539,Fleet Management,YK58YZE  ,MED VAN   ,430.33,1848M*,19.52,D
13/07/2016,http://opendatacommunities.org/id/metropolitan-district-council/leeds,Leeds,http://id.esd.org.uk/subject/7539,Fleet Management,4475,3 AXLE BIN,16562.34,18947K,3.23,D
13/07/2016,http://opendatacommunities.org/id/metropolitan-district-council/leeds,Leeds,http://id.esd.org.uk/subject/7539,Fleet Management,4477,3 AXLE BIN,14007.92,15960K,3.22,D
13/07/2016,http://opendatacommunities.org/id/metropolitan-district-council/leeds,Leeds,http://id.esd.org.uk/subject/7539,Fleet Management,4478,3 AXLE BIN,12636.78,12037K,2.69,D
13/07/2016,http://opendatacommunities.org/id/metropolitan-district-council/leeds,Leeds,http://id.esd.org.uk/subject/7539,Fleet Management,4476,3 AXLE BIN,12908,15640K,3.42,D
13/07/2016,http://opendatacommunities.org/id/metropolitan-district-council/leeds,Leeds,http://id.esd.org.uk/subject/7539,Fleet Management,4479,3 AXLE BIN,12466.67,12123K,2.75,D
13/07/2016,http://opendatacommunities.org/id/metropolitan-district-council/leeds,Leeds,http://id.esd.org.uk/subject/7539,Fleet Management,4474,3 AXLE BIN,17322.73,19990K,3.26,D
13/07/2016,http://opendatacommunities.org/id/metropolitan-district-council/leeds,Leeds,http://id.esd.org.uk/subject/7539,Fleet Management,4480,3 AXLE BIN,12929.64,14054K,3.07,D
13/07/2016,http://opendatacommunities.org/id/metropolitan-district-council/leeds,Leeds,http://id.esd.org.uk/subject/7539,Fleet Management,YK59VRL  ,MINIBUS   ,356.4,2500M*,39,D
13/07/2016,http://opendatacommunities.org/id/metropolitan-district-council/leeds,Leeds,http://id.esd.org.uk/subject/7539,Fleet Management,78058,LARGE VAN ,2889.06,14683M,23.1,D
13/07/2016,http://opendatacommunities.org/id/metropolitan-district-council/leeds,Leeds,http://id.esd.org.uk/subject/7539,Fleet Management,1954,FLATBACK  ,689.78,3033M*,20.08,D
13/07/2016,http://opendatacommunities.org/id/metropolitan-district-council/leeds,Leeds,http://id.esd.org.uk/subject/7539,Fleet Management,1953,FLATBACK  ,308,1354M,19.98,D
13/07/2016,http://opendatacommunities.org/id/metropolitan-district-council/leeds,Leeds,http://id.esd.org.uk/subject/7539,Fleet Management,1466,MED VAN   ,1094.35,7346M,30.51,D
13/07/2016,http://opendatacommunities.org/id/metropolitan-district-council/leeds,Leeds,http://id.esd.org.uk/subject/7539,Fleet Management,769,SMALL VAN ,406,4416M,49.44,D
13/07/2016,http://opendatacommunities.org/id/metropolitan-district-council/leeds,Leeds,http://id.esd.org.uk/subject/7539,Fleet Management,1464,MED VAN   ,1108.89,5475M,22.44,D
13/07/2016,http://opendatacommunities.org/id/metropolitan-district-council/leeds,Leeds,http://id.esd.org.uk/subject/7539,Fleet Management,1468,MED VAN   ,319.5,1678M,23.87,D
13/07/2016,http://opendatacommunities.org/id/metropolitan-district-council/leeds,Leeds,http://id.esd.org.uk/subject/7539,Fleet Management,1874,MED VAN   ,1513.85,7373M*,23.02,D
13/07/2016,http://opendatacommunities.org/id/metropolitan-district-council/leeds,Leeds,http://id.esd.org.uk/subject/7539,Fleet Management,1005,SMALL VAN ,253.44,1296M*,28.96,D
13/07/2016,http://opendatacommunities.org/id/metropolitan-district-council/leeds,Leeds,http://id.esd.org.uk/subject/7539,Fleet Management,1004,SMALL VAN ,742.61,5775M,35.35,D
13/07/2016,http://opendatacommunities.org/id/metropolitan-district-council/leeds,Leeds,http://id.esd.org.uk/subject/7539,Fleet Management,1003,SMALL VAN ,1563.5,11109M*,33.3,D
13/07/2016,http://opendatacommunities.org/id/metropolitan-district-council/leeds,Leeds,http://id.esd.org.uk/subject/7539,Fleet Management,1252,SMALL VAN ,72.46,563M,35.32,D
13/07/2016,http://opendatacommunities.org/id/metropolitan-district-council/leeds,Leeds,http://id.esd.org.uk/subject/7539,Fleet Management,1247,SMALL VAN ,1147.12,9024M,35.76,D
13/07/2016,http://opendatacommunities.org/id/metropolitan-district-council/leeds,Leeds,http://id.esd.org.uk/subject/7539,Fleet Management,1240,SMALL VAN ,591.77,4760M,36.56,D
13/07/2016,http://opendatacommunities.org/id/metropolitan-district-council/leeds,Leeds,http://id.esd.org.uk/subject/7539,Fleet Management,1250,SMALL VAN ,45.02,172M,17.37,D
13/07/2016,http://opendatacommunities.org/id/metropolitan-district-council/leeds,Leeds,http://id.esd.org.uk/subject/7539,Fleet Management,1231,SMALL VAN ,1049.11,8414M,36.46,D
13/07/2016,http://opendatacommunities.org/id/metropolitan-district-council/leeds,Leeds,http://id.esd.org.uk/subject/7539,Fleet Management,1245,SMALL VAN ,1042.8,7127M,31.07,D
13/07/2016,http://opendatacommunities.org/id/metropolitan-district-council/leeds,Leeds,http://id.esd.org.uk/subject/7539,Fleet Management,1253,SMALL VAN ,641.43,6139M,43.5,D
13/07/2016,http://opendatacommunities.org/id/metropolitan-district-council/leeds,Leeds,http://id.esd.org.uk/subject/7539,Fleet Management,1254,SMALL VAN ,889.31,7035M,35.96,D
13/07/2016,http://opendatacommunities.org/id/metropolitan-district-council/leeds,Leeds,http://id.esd.org.uk/subject/7539,Fleet Management,1177,SMALL VAN ,423.73,4069M,43.65,D
13/07/2016,http://opendatacommunities.org/id/metropolitan-district-council/leeds,Leeds,http://id.esd.org.uk/subject/7539,Fleet Management,1175,SMALL VAN ,616.27,4981M,36.74,D
13/07/2016,http://opendatacommunities.org/id/metropolitan-district-council/leeds,Leeds,http://id.esd.org.uk/subject/7539,Fleet Management,1176,SMALL VAN ,1355.64,11581M,38.83,D
13/07/2016,http://opendatacommunities.org/id/metropolitan-district-council/leeds,Leeds,http://id.esd.org.uk/subject/7539,Fleet Management,1178,SMALL VAN ,1002.59,9557M,43.33,D
13/07/2016,http://opendatacommunities.org/id/metropolitan-district-council/leeds,Leeds,http://id.esd.org.uk/subject/7539,Fleet Management,1483,MED VAN   ,1617.17,11712M,32.92,D
13/07/2016,http://opendatacommunities.org/id/metropolitan-district-council/leeds,Leeds,http://id.esd.org.uk/subject/7539,Fleet Management,1484,MED VAN   ,1037.57,7182M,31.46,D
13/07/2016,http://opendatacommunities.org/id/metropolitan-district-council/leeds,Leeds,http://id.esd.org.uk/subject/7539,Fleet Management,1501,MED VAN   ,1315.99,9074M,31.34,D
13/07/2016,http://opendatacommunities.org/id/metropolitan-district-council/leeds,Leeds,http://id.esd.org.uk/subject/7539,Fleet Management,1502,MED VAN   ,1112.21,7361M,30.08,D
13/07/2016,http://opendatacommunities.org/id/metropolitan-district-council/leeds,Leeds,http://id.esd.org.uk/subject/7539,Fleet Management,1503,MED VAN   ,1501.16,10755M,32.57,D
13/07/2016,http://opendatacommunities.org/id/metropolitan-district-council/leeds,Leeds,http://id.esd.org.uk/subject/7539,Fleet Management,1505,MED VAN   ,1456.28,10964M,34.22,D
13/07/2016,http://opendatacommunities.org/id/metropolitan-district-council/leeds,Leeds,http://id.esd.org.uk/subject/7539,Fleet Management,1482,MED VAN   ,2264.01,14930M,29.97,D
13/07/2016,http://opendatacommunities.org/id/metropolitan-district-council/leeds,Leeds,http://id.esd.org.uk/subject/7539,Fleet Management,1891,LARGE VAN ,3365.71,18615M,25.14,D
13/07/2016,http://opendatacommunities.org/id/metropolitan-district-council/leeds,Leeds,http://id.esd.org.uk/subject/7539,Fleet Management,1506,MED VAN   ,1680.71,12151M,32.86,D
13/07/2016,http://opendatacommunities.org/id/metropolitan-district-council/leeds,Leeds,http://id.esd.org.uk/subject/7539,Fleet Management,1507,MED VAN   ,1641.33,11834M,32.77,D
13/07/2016,http://opendatacommunities.org/id/metropolitan-district-council/leeds,Leeds,http://id.esd.org.uk/subject/7539,Fleet Management,1508,MED VAN   ,895.45,8815M,44.75,D
13/07/2016,http://opendatacommunities.org/id/metropolitan-district-council/leeds,Leeds,http://id.esd.org.uk/subject/7539,Fleet Management,1509,MED VAN   ,2698.15,19235M,32.4,D
13/07/2016,http://opendatacommunities.org/id/metropolitan-district-council/leeds,Leeds,http://id.esd.org.uk/subject/7539,Fleet Management,1510,MED VAN   ,924.81,5916M,29.08,D
13/07/2016,http://opendatacommunities.org/id/metropolitan-district-council/leeds,Leeds,http://id.esd.org.uk/subject/7539,Fleet Management,1511,MED VAN   ,1372.8,9190M,30.43,D
13/07/2016,http://opendatacommunities.org/id/metropolitan-district-council/leeds,Leeds,http://id.esd.org.uk/subject/7539,Fleet Management,1512,MED VAN   ,1486.75,10474M,32.02,D
13/07/2016,http://opendatacommunities.org/id/metropolitan-district-council/leeds,Leeds,http://id.esd.org.uk/subject/7539,Fleet Management,1513,MED VAN   ,954.71,7760M,36.95,D
13/07/2016,http://opendatacommunities.org/id/metropolitan-district-council/leeds,Leeds,http://id.esd.org.uk/subject/7539,Fleet Management,1514,MED VAN   ,1729.18,12066M,31.72,D
13/07/2016,http://opendatacommunities.org/id/metropolitan-district-council/leeds,Leeds,http://id.esd.org.uk/subject/7539,Fleet Management,1515,MED VAN   ,1008.57,7562M,34.08,D
13/07/2016,http://opendatacommunities.org/id/metropolitan-district-council/leeds,Leeds,http://id.esd.org.uk/subject/7539,Fleet Management,1516,MED VAN   ,1038.06,6650M,29.12,D
13/07/2016,http://opendatacommunities.org/id/metropolitan-district-council/leeds,Leeds,http://id.esd.org.uk/subject/7539,Fleet Management,1517,MED VAN   ,2303.26,13983M,27.6,D
13/07/2016,http://opendatacommunities.org/id/metropolitan-district-council/leeds,Leeds,http://id.esd.org.uk/subject/7539,Fleet Management,1518,MED VAN   ,1171.61,9038M,35.06,D
13/07/2016,http://opendatacommunities.org/id/metropolitan-district-council/leeds,Leeds,http://id.esd.org.uk/subject/7539,Fleet Management,95,MED VAN   ,786.55,4934M,28.51,D
13/07/2016,http://opendatacommunities.org/id/metropolitan-district-council/leeds,Leeds,http://id.esd.org.uk/subject/7539,Fleet Management,1750,MED VAN   ,2144.5,13780M,29.21,D
13/07/2016,http://opendatacommunities.org/id/metropolitan-district-council/leeds,Leeds,http://id.esd.org.uk/subject/7539,Fleet Management,917,SMALL VAN ,1148.75,9877M,39.08,D
13/07/2016,http://opendatacommunities.org/id/metropolitan-district-council/leeds,Leeds,http://id.esd.org.uk/subject/7539,Fleet Management,YN14ORH  ,MED TIPPER,6747.65,31302M,21.09,D
13/07/2016,http://opendatacommunities.org/id/metropolitan-district-council/leeds,Leeds,http://id.esd.org.uk/subject/7539,Fleet Management,YN15LND  ,MINIBUS   ,1009.18,8459M,38.1,D
13/07/2016,http://opendatacommunities.org/id/metropolitan-district-council/leeds,Leeds,http://id.esd.org.uk/subject/7539,Fleet Management,YN63XGF  ,MED VAN   ,130,756M,26.43,D
13/07/2016,http://opendatacommunities.org/id/metropolitan-district-council/leeds,Leeds,http://id.esd.org.uk/subject/7539,Fleet Management,YN63XGM  ,SMALL VAN ,194.58,1316M,30.74,D
13/07/2016,http://opendatacommunities.org/id/metropolitan-district-council/leeds,Leeds,http://id.esd.org.uk/subject/7539,Fleet Management,YN63XNF  ,MED VAN   ,737.56,5099M,31.42,D
13/07/2016,http://opendatacommunities.org/id/metropolitan-district-council/leeds,Leeds,http://id.esd.org.uk/subject/7539,Fleet Management,YN63XNK  ,MED VAN   ,125.58,382M*,26.78,D
13/07/2016,http://opendatacommunities.org/id/metropolitan-district-council/leeds,Leeds,http://id.esd.org.uk/subject/7539,Fleet Management,YN64LMU  ,MED TIPPER,386.17,3354M*,48.85,D
13/07/2016,http://opendatacommunities.org/id/metropolitan-district-council/leeds,Leeds,http://id.esd.org.uk/subject/7539,Fleet Management,YN64LUO  ,MED TIPPER,2287.62,10481M,20.83,D
13/07/2016,http://opendatacommunities.org/id/metropolitan-district-council/leeds,Leeds,http://id.esd.org.uk/subject/7539,Fleet Management,YN65NFM  ,MED VAN   ,813.57,5472M*,33.23,D
13/07/2016,http://opendatacommunities.org/id/metropolitan-district-council/leeds,Leeds,http://id.esd.org.uk/subject/7539,Fleet Management,78080,MINIBUS   ,333.02,1938M,26.45,D
13/07/2016,http://opendatacommunities.org/id/metropolitan-district-council/leeds,Leeds,http://id.esd.org.uk/subject/7539,Fleet Management,,        MASTER    ,90.29,14343M?,ERROR,D
13/07/2016,http://opendatacommunities.org/id/metropolitan-district-council/leeds,Leeds,http://id.esd.org.uk/subject/7539,Fleet Management,YOUTH MAS,MASTER    ,263.44,KEY,,D
13/07/2016,http://opendatacommunities.org/id/metropolitan-district-council/leeds,Leeds,http://id.esd.org.uk/subject/7539,Fleet Management,75,WELFARE   ,1907.34,12300M,29.31,D
13/07/2016,http://opendatacommunities.org/id/metropolitan-district-council/leeds,Leeds,http://id.esd.org.uk/subject/7539,Fleet Management,YP12VRE  ,MINIBUS   ,725.35,6332K,24.66,D
13/07/2016,http://opendatacommunities.org/id/metropolitan-district-council/leeds,Leeds,http://id.esd.org.uk/subject/7539,Fleet Management,1872,LARGE VAN ,2112.59,15380M,33.09,D
13/07/2016,http://opendatacommunities.org/id/metropolitan-district-council/leeds,Leeds,http://id.esd.org.uk/subject/7539,Fleet Management,86,CAR       ,591.74,4361M,33.5,D
13/07/2016,http://opendatacommunities.org/id/metropolitan-district-council/leeds,Leeds,http://id.esd.org.uk/subject/7539,Fleet Management,YP63YRF  ,MED TIPPER,1607.27,7551M,21.35,D
13/07/2016,http://opendatacommunities.org/id/metropolitan-district-council/leeds,Leeds,http://id.esd.org.uk/subject/7539,Fleet Management,YR14JXY  ,MED TIPPER,4229.6,19354M,20.8,D
13/07/2016,http://opendatacommunities.org/id/metropolitan-district-council/leeds,Leeds,http://id.esd.org.uk/subject/7539,Fleet Management,YR14KAJ  ,CAR       ,712.73,8424M,53.72,D
13/07/2016,http://opendatacommunities.org/id/metropolitan-district-council/leeds,Leeds,http://id.esd.org.uk/subject/7539,Fleet Management,YS11UEV  ,MED VAN   ,38.86,ONLY,ONE AUDIT,D
13/07/2016,http://opendatacommunities.org/id/metropolitan-district-council/leeds,Leeds,http://id.esd.org.uk/subject/7539,Fleet Management,YS15LOD  ,MINIBUS   ,256,1265M*,30.1,D
13/07/2016,http://opendatacommunities.org/id/metropolitan-district-council/leeds,Leeds,http://id.esd.org.uk/subject/7539,Fleet Management,78016,MINIBUS   ,161.71,513M*,22.67,D
13/07/2016,http://opendatacommunities.org/id/metropolitan-district-council/leeds,Leeds,http://id.esd.org.uk/subject/7539,Fleet Management,926,SMALL VAN ,771.29,5800M,34.18,D
13/07/2016,http://opendatacommunities.org/id/metropolitan-district-council/leeds,Leeds,http://id.esd.org.uk/subject/7539,Fleet Management,923,SMALL VAN ,628.45,5029M,36.37,D
13/07/2016,http://opendatacommunities.org/id/metropolitan-district-council/leeds,Leeds,http://id.esd.org.uk/subject/7539,Fleet Management,1870,LARGE VAN ,1868.56,13050M,31.75,D
13/07/2016,http://opendatacommunities.org/id/metropolitan-district-council/leeds,Leeds,http://id.esd.org.uk/subject/7539,Fleet Management,1873,LARGE VAN ,1624.02,10748M,30.08,D
13/07/2016,http://opendatacommunities.org/id/metropolitan-district-council/leeds,Leeds,http://id.esd.org.uk/subject/7539,Fleet Management,1864,LARGE VAN ,2461.05,10667M,19.7,D
13/07/2016,http://opendatacommunities.org/id/metropolitan-district-council/leeds,Leeds,http://id.esd.org.uk/subject/7539,Fleet Management,73,MPV       ,231.56,2651M,52.04,D
13/07/2016,http://opendatacommunities.org/id/metropolitan-district-council/leeds,Leeds,http://id.esd.org.uk/subject/7539,Fleet Management,YT13FNG  ,MED VAN   ,65,430M,30.07,D
13/07/2016,http://opendatacommunities.org/id/metropolitan-district-council/leeds,Leeds,http://id.esd.org.uk/subject/7539,Fleet Management,78003,4 X 4     ,378.54,1607M*,21.96,D
13/07/2016,http://opendatacommunities.org/id/metropolitan-district-council/leeds,Leeds,http://id.esd.org.uk/subject/7539,Fleet Management,517,4 X 4     ,625.66,3285M,23.87,D
13/07/2016,http://opendatacommunities.org/id/metropolitan-district-council/leeds,Leeds,http://id.esd.org.uk/subject/7539,Fleet Management,905,SMALL VAN ,936.56,7458M,36.2,D
13/07/2016,http://opendatacommunities.org/id/metropolitan-district-council/leeds,Leeds,http://id.esd.org.uk/subject/7539,Fleet Management,1869,LARGE VAN ,2029.37,11330M,25.38,D
13/07/2016,http://opendatacommunities.org/id/metropolitan-district-council/leeds,Leeds,http://id.esd.org.uk/subject/7539,Fleet Management,4400,4 AXLE BIN,16186.99,13377K,2.33,D
13/07/2016,http://opendatacommunities.org/id/metropolitan-district-council/leeds,Leeds,http://id.esd.org.uk/subject/7539,Fleet Management,YT64FVD  ,MED VAN   ,1216.04,7920M*,31.04,D
13/07/2016,http://opendatacommunities.org/id/metropolitan-district-council/leeds,Leeds,http://id.esd.org.uk/subject/7539,Fleet Management,YT64FZC  ,MED VAN   ,1906.48,12939M,30.85,D
13/07/2016,http://opendatacommunities.org/id/metropolitan-district-council/leeds,Leeds,http://id.esd.org.uk/subject/7539,Fleet Management,YT64GCU  ,LARGE VAN ,873.19,5852M*,32.45,D
13/07/2016,http://opendatacommunities.org/id/metropolitan-district-council/leeds,Leeds,http://id.esd.org.uk/subject/7539,Fleet Management,YT64GFO  ,MED VAN   ,650,3856M,26.97,D
13/07/2016,http://opendatacommunities.org/id/metropolitan-district-council/leeds,Leeds,http://id.esd.org.uk/subject/7539,Fleet Management,4431,2 AXLE BIN,9974.14,22116K*,6.31,D
13/07/2016,http://opendatacommunities.org/id/metropolitan-district-council/leeds,Leeds,http://id.esd.org.uk/subject/7539,Fleet Management,YX15RVE  ,CAR       ,547.32,4637M*,42.04,D
13/07/2016,http://opendatacommunities.org/id/metropolitan-district-council/leeds,Leeds,http://id.esd.org.uk/subject/7539,Fleet Management,YY15OBT  ,CAR       ,142.93,776M*,36.88,D
