fleet_id,vehicle,fuel_type,fuel_liters,dist_km,mpg,year,km_per_liter,litros_teoricos,co2_kg,vehicle_cat
86904,LOADING SH,D,594.37,5911.10582,28.09,2013,9.94516180157141,594.37,1592.9116000000001,Truck
1201,SMALL VAN,D,893.34,11268.59868,35.63,2013,12.614008865605479,893.34,2394.1512000000002,Van
AV11VGJ,SMALL VAN,D,682.74,8505.3619,36.61,2013,12.457687992500805,682.74,1829.7432000000001,Van
98052,MINIBUS,D,65.0,,,2013,,,174.20000000000002,Bus
BD60XCL,MED VAN,D,1261.01,15002.26748,33.6,2013,11.89702498790652,1261.01,3379.5068,Van
BG11ANP,MED VAN,D,65.0,571.3157,24.83,2013,8.789472307692307,65.0,174.20000000000002,Van
BG11APO,MED VAN,D,195.0,1485.42082,32.27,2013,7.617542666666667,195.0,522.6,Van
BG60KXK,MED TIPPER,D,2101.41,16212.49116,21.79,2013,7.71505377817751,2101.41,5631.7788,Truck
BG60KZY,MED TIPPER,D,1657.92,18758.46704,31.96,2013,11.314458502219647,1657.92,4443.225600000001,Truck
BJ10OGE,SMALL VAN,D,222.09,3567.90678,45.37,2013,16.065139267864378,222.09,595.2012000000001,Van
BJ11ZYE,MED VAN,D,841.41,8907.6969,29.9,2013,10.586630655685102,841.4099999999999,2254.9788,Van
BJ11ZZT,MED VAN,D,509.91,4239.00156,23.48,2013,8.31323480614226,509.90999999999997,1366.5588000000002,Van
BN63NSJ,LUTON,D,192.83,1047.68034,23.15,2013,5.433181247731161,192.83,516.7844000000001,Van
78033,MINIBUS,D,744.63,7517.22714,28.51,2013,10.095251520889569,744.63,1995.6084,Bus
3326,LIBRARY BU,D,1917.19,10148.49804,14.95,2013,5.293423207924097,1917.19,5138.069200000001,Bus
CE11JKZ,SMALL VAN,D,1070.13,,,2013,,,2867.9484000000007,Van
CE11JLO,SMALL VAN,D,1278.27,18843.76206,41.64,2013,14.74161332112934,1278.27,3425.7636,Van
CE11JLX,SMALL VAN,D,1793.51,21965.88166,34.59,2013,12.24742636506069,1793.51,4806.6068000000005,Van
CE11JMV,SMALL VAN,D,19.31,,,2013,,,51.7508,Van
CE11JMX,SMALL VAN,D,1309.12,17990.81186,38.82,2013,13.742675889146911,1309.12,3508.4416,Van
CK10TYO,SMALL VAN,D,971.38,21775.97954,63.32,2013,22.417570404990837,971.38,2603.2984,Van
CK11KUH,SMALL VAN,D,1078.24,17218.32866,45.1,2013,15.968920333135479,1078.24,2889.6832000000004,Van
CK11KUJ,SMALL VAN,D,1413.46,19939.7226,39.84,2013,14.107029983161887,1413.46,3788.0728000000004,Van
CK11KUO,SMALL VAN,D,1635.55,22133.25302,38.22,2013,13.532605557763445,1635.55,4383.274,Van
CK12EEH,SMALL VAN,D,151.21,1992.36292,37.21,2013,13.176132001851729,151.21,405.24280000000005,Van
CV12CUG,MED TIPPER,D,3260.69,28243.917,24.46,2013,8.661944864430534,3260.69,8738.6492,Truck
CV12CUW,MED TIPPER,D,2496.54,22224.9854,25.14,2013,8.902314963910053,2496.54,6690.7272,Truck
DG60WEC,SMALL VAN,D,38.0,568.09702,42.22,2013,14.94992157894737,38.0,101.84,Van
DG60WEK,SMALL VAN,D,306.12,3788.38636,41.08,2013,12.37549444662224,306.12,820.4016,Van
DOC MAST,MASTER,D,1351.58,14970.08068,31.28,2013,11.075985646428624,1351.58,3622.2344,Van
DP10XWA,LARGE VAN,D,534.87,6728.65054,35.53,2013,12.57997371323873,534.87,1433.4516,Van
DX11GMY,2 AXLE BIN,D,1261.51,2191.0,5.2,2013,1.7368074767540487,1261.51,3380.8468000000003,Truck
DX12RHY,2 AXLE BIN,D,1414.42,5898.2311,12.26,2013,4.170070488256671,1414.42,3790.6456000000003,Truck
DY62LYN,MED TIPPER,D,1328.35,10256.32382,21.81,2013,7.7211004780366626,1328.35,3559.978,Truck
DY63UGN,MED VAN,D,110.73,613.15854,30.59,2013,5.537420211324844,110.73,296.75640000000004,Van
FJ05CFK,3 AXLE BIN,D,878.39,598.0,1.92,2013,0.6807909926114823,878.39,2354.0852,Truck
FL60ADO,CAR,D,1529.31,20586.67728,38.02,2013,13.461415461874964,1529.31,4098.5508,Car
FN62HSU,MED TIPPER,D,1675.61,11654.84028,19.65,2013,6.955580522914044,1675.61,4490.6348,Truck
FN62HTP,MED TIPPER,D,2831.3,22630.53908,22.58,2013,7.992985229399921,2831.3,7587.884000000001,Truck
8529,SML SWEEPE,D,3370.17,,0.22,2013,,,9032.055600000002,Truck
GN11HGP,SMALL VAN,D,990.59,14896.05104,42.47,2013,15.037554427159572,990.59,2654.7812000000004,Van
GN11HGZ,SMALL VAN,D,1087.58,15346.66624,39.85,2013,14.110838963570497,1087.58,2914.7144,Van
GN11HHA,SMALL VAN,D,1418.65,18649.03192,37.13,2013,13.14561866563282,1418.65,3801.9820000000004,Van
GN11HHC,SMALL VAN,D,1035.59,13404.19286,36.56,2013,12.94353253700789,1035.59,2775.3812,Van
GN11HNX,SMALL VAN,D,1225.16,19740.16444,45.51,2013,16.112315485324366,1225.16,3283.4288000000006,Van
78043,MINIBUS,D,639.11,3582.39084,17.4,2013,5.6052805307380575,639.11,1712.8148,Bus
78034,MINIBUS,D,267.69,1736.47786,18.32,2013,6.4868985019985805,267.69,717.4092,Bus
GN58AFK,MINIBUS,D,455.34,2769.67414,17.18,2013,6.0826506346905616,455.34,1220.3112,Bus
GN58OZC,MINIBUS,D,654.68,4742.72498,20.46,2013,7.24434071607503,654.68,1754.5424,Bus
78060,MINIBUS,D,480.92,3637.1084,21.36,2013,7.562813773600599,480.92,1288.8656,Bus
78070,MINIBUS,D,613.68,4720.19422,21.72,2013,7.691621398774607,613.68,1644.6624,Bus
8512,SML SWEEPE,D,1856.06,3075.44874,4.68,2013,1.6569770050537158,1856.06,4974.2408000000005,Truck
8523,SML SWEEPE,D,3110.55,5137.01328,4.66,2013,1.6514806963398756,3110.55,8336.274000000001,Truck
8520,SML SWEEPE,D,2177.35,3435.9409,4.46,2013,1.5780379360231476,2177.35,5835.298,Truck
HWSMAST,MASTER,D,12099.83,,,2013,,,32427.544400000002,Van
HWHMAST,MASTER,D,6255.35,,,2013,,,16764.338000000003,Van
HG12KJV,MED TIPPER,D,1927.46,16595.51408,24.32,2013,8.61004331088583,1927.4599999999998,5165.5928,Truck
HG12KJX,MED TIPPER,D,3450.31,27104.50428,22.19,2013,7.855672180180911,3450.31,9246.8308,Truck
HG12KJY,MED TIPPER,D,2656.37,24790.27336,26.36,2013,9.332387190037533,2656.37,7119.0716,Truck
HG12KKE,MED TIPPER,D,2433.06,20958.43482,24.33,2013,8.614023008063919,2433.06,6520.6008,Truck
LIBMAST,MASTER,D,2198.94,,,2013,,,5893.1592,Van
HWSMAST1,MASTER,D,880.98,,,2013,,,2361.0264,Van
3305,LIBRARY BU,D,76.0,35.0,3.2,2013,0.4605263157894737,76.0,203.68,Bus
KM13WUA,LUTON,D,3259.54,26154.99368,22.88,2013,8.02413643642968,3259.54,8735.567200000001,Van
KM13WUE,LUTON,D,3338.66,25308.48084,21.7,2013,7.580430723703522,3338.66,8947.6088,Van
KM59YVT,LARGE VAN,D,2015.3,15626.6914,21.9,2013,7.754027390462959,2015.3,5401.004,Van
KM59ZBL,MED VAN,D,2136.6,17852.40862,23.6,2013,8.35552214733689,2136.6,5726.088,Van
KN60YKK,LARGE VAN,D,1687.51,13219.11876,22.13,2013,7.833505437004818,1687.51,4522.526800000001,Van
KN60YMZ,LARGE VAN,D,1556.07,12267.99882,22.27,2013,7.883963330698491,1556.07,4170.2676,Van
KP13GPU,LUTON,D,824.22,6350.45564,23.62,2013,7.704806532236539,824.22,2208.9096000000004,Van
KR12LHT,MED TIPPER,D,2202.61,15660.48754,20.08,2013,7.109968419284394,2202.61,5902.9948,Truck
KR12LLT,MED TIPPER,D,3836.28,24787.05468,18.25,2013,6.461221464543777,3836.28,10281.2304,Truck
KR12LOD,MED TIPPER,D,2843.55,21964.27232,21.82,2013,7.724243399975382,2843.55,7620.714000000001,Truck
KX12ZBR,LARGE VAN,D,866.85,6593.46598,23.02,2013,7.606236350002884,866.85,2323.1580000000004,Van
KX12ZFK,LARGE VAN,D,64.78,548.78494,23.93,2013,8.471518061129979,64.78,173.61040000000003,Van
KY10MWZ,MED TIPPER,D,1841.05,14981.34606,22.98,2013,8.137392281578448,1841.0499999999997,4934.014,Truck
KY10NKD,MED TIPPER,D,1957.13,17405.0121,25.12,2013,8.893130297936263,1957.13,5245.108400000001,Truck
2105,MED TIPPER,D,1454.9,8785.0,17.05,2013,6.038215684926799,1454.9,3899.1320000000005,Truck
KY59XEB,MED VAN,D,1016.04,10240.23042,28.47,2013,10.078570154718319,1016.0399999999998,2722.9872,Van
LMAST6,MASTER,D,841.67,,,2013,,,2255.6756,Van
LMAST4,MASTER,D,138.5,,,2013,,,371.18,Van
LMAST2,MASTER,D,1611.6,,,2013,,,4319.088,Van
LMAST7,MASTER,D,64.49,,,2013,,,172.8332,Van
LMAST5,MASTER,D,796.88,,,2013,,,2135.6384000000003,Van
LMAST3,MASTER,D,980.98,,,2013,,,2629.0264,Van
LMAST1,MASTER,D,1748.48,,,2013,,,4685.9264,Van
LB61OMD,CAR,D,1094.54,13544.20544,34.95,2013,12.374335739214647,1094.54,2933.3672,Car
LC10LNA,SMALL VAN,D,1715.99,15209.87234,25.03,2013,8.863613622457008,1715.99,4598.8532000000005,Van
LC10LND,SMALL VAN,D,1674.05,15496.334859999999,26.15,2013,9.256793321585377,1674.05,4486.454,Van
LC10LNF,SMALL VAN,D,1850.83,19669.35348,30.02,2013,10.627315031634458,1850.8299999999997,4960.2244,Van
LC10LNG,SMALL VAN,D,1630.52,16006.49564,27.73,2013,9.816804234232023,1630.52,4369.7936,Van
LD09BRZ,MED VAN,D,1475.69,13392.92748,25.63,2013,9.075705249747575,1475.6900000000003,3954.8492000000006,Van
LD09BSO,MED VAN,D,1459.84,14646.60334,28.34,2013,10.033019604888207,1459.84,3912.3712,Van
LD09BSU,MED VAN,D,1665.74,17150.73638,29.08,2013,10.296166496572093,1665.74,4464.1832,Van
LD09BSV,MED VAN,D,1505.56,14823.63074,27.81,2013,9.845924931586918,1505.56,4034.9008,Van
LD09CXG,MED VAN,D,1556.13,16824.04036,30.54,2013,10.811461998676203,1556.1299999999999,4170.428400000001,Van
LD58YLY,SMALL VAN,D,1338.72,13899.86958,29.33,2013,10.38295504661169,1338.72,3587.7696,Van
LD59ZMX,SMALL VAN,D,1607.86,17615.83564,30.94,2013,10.956075553841753,1607.86,4309.0648,Van
LD59ZMY,SMALL VAN,D,1880.21,21853.22786,32.83,2013,11.62275908542131,1880.2099999999998,5038.9628,Van
LD59ZMZ,SMALL VAN,D,1516.22,16848.18046,31.38,2013,11.111962947329543,1516.22,4063.4696000000004,Van
LD60RDU,SMALL VAN,D,776.33,8209.243339999999,31.28,2013,10.57442497391573,776.3299999999999,2080.5644,Van
LG59VNP,SMALL VAN,D,1784.46,17240.85942,27.29,2013,9.661667630543693,1784.4600000000003,4782.352800000001,Van
LG59VNR,SMALL VAN,D,1455.26,11720.82322,22.75,2013,8.05410938251584,1455.26,3900.0968000000003,Van
MASTER,MASTER,D,108.38,,,2013,,,290.4584,Van
4482NMS,2 AXLE BIN,D,450.99,1157.0,7.25,2013,2.5654670835273508,450.99,1208.6532000000002,Truck
SSE MASTE,MASTER,D,1407.52,43447.35198,87.18,2013,30.868017491758554,1407.52,3772.1536,Van
LR60GCV,FLATBACK,D,1224.35,10789.01536,24.89,2013,8.812035251357864,1224.35,3281.258,Truck
3324,LIBRARY BU,D,431.65,2690.81648,17.61,2013,6.233792378084096,431.65,1156.8220000000001,Bus
MAILMAST,MASTER,D,1169.0,,,2013,,,3132.92,Van
OUTOFSCHO,MASTER,D,1889.52,,,2013,,,5063.9136,Van
MASTER EN,MASTER,D,13824.06,,,2013,,,37048.4808,Van
MF11BVC,SMALL VAN,D,370.56,5679.36086,48.73,2013,15.326427191278064,370.56,993.1008,Van
MF11BVU,SMALL VAN,D,294.03,3543.76668,39.93,2013,12.05239832670136,294.03,788.0004,Van
MF11BWD,MED VAN,D,40.42,,,2013,,,108.32560000000001,Van
MF11 BXX,SMALL VAN,D,34.85,,,2013,,,93.39800000000001,Van
MF60HAD,SMALL VAN,D,291.65,3761.02758,42.23,2013,12.895688599348535,291.65,781.622,Van
MF60HBU,SMALL VAN,D,171.8,2071.22058,45.51,2013,12.055998719441211,171.8,460.42400000000004,Van
MF60HCZ,MED VAN,D,110.47,162.54334,6.4,2013,1.4713799221508101,110.47,296.0596,Van
MF60HDH,SMALL VAN,D,482.77,7567.11668,48.78,2013,15.674372226940365,482.77,1293.8236,Van
MF60HFC,SMALL VAN,D,359.51,4650.9926,41.02,2013,12.937032627743317,359.51,963.4868,Van
MF60HFE,SMALL VAN,D,390.66,6231.36448,48.48,2013,15.950863871397122,390.66,1046.9688,Van
MF60HFG,SMALL VAN,D,250.97,3318.45908,42.38,2013,13.222532892377576,250.97,672.5996,Van
MF60HFJ,SMALL VAN,D,106.26,925.3705,37.99,2013,8.708549783549783,106.26,284.77680000000004,Van
MF61YUB,SMALL VAN,D,210.88,2785.76754,44.91,2013,13.210202674506828,210.88,565.1584,Van
MF61YUC,SMALL VAN,D,633.76,8764.46564,41.79,2013,13.829313367836406,633.76,1698.4768000000001,Van
MJ10UEC,SMALL VAN,D,377.44,3756.19956,28.11,2013,9.951779249682069,377.44,1011.5392,Van
1115,SMALL VAN,D,852.53,14802.70932,49.04,2013,17.363270876098202,852.53,2284.7804,Van
92,CAR,D,1570.37,35477.9003,63.81,2013,22.592064481618984,1570.37,4208.5916,Car
91,CAR,D,2305.54,53261.1073,65.25,2013,23.101359030856113,2305.54,6178.8472,Car
MN60HCG,SMALL VAN,D,244.23,3802.87042,52.83,2013,15.570857060967123,244.23,654.5364,Van
NA11OTN,CAR,D,361.29,5722.81304,44.74,2013,15.839943092806331,361.29,968.2572000000001,Car
NA12KXS,CAR,D,375.99,5238.4017,41.03,2013,13.932289954520067,375.99,1007.6532000000001,Car
ND09BYN,MED VAN,D,1404.98,11542.18648,23.2,2013,8.215196287491636,1404.98,3765.3464000000004,Van
ND11PWZ,CAR,D,160.65,2105.01672,37.01,2013,13.103123062558357,160.65,430.54200000000003,Car
ND11PXV,CAR,D,380.61,3629.0617,26.93,2013,9.534856414702714,380.61,1020.0348000000001,Car
ND11PYP,CAR,D,1066.25,14607.97918,38.7,2013,13.700332173505275,1066.25,2857.55,Car
ND12KHL,SMALL VAN,D,1025.2,8011.29452,23.57,2013,7.814372337104955,1025.2,2747.5360000000005,Van
ND60NFK,CAR,D,1831.31,23866.5122,36.81,2013,13.032480683226762,1831.31,4907.910800000001,Car
NL06GXD,MINIBUS,D,34.5,1345.40824,110.14,2013,38.997340289855075,34.5,92.46000000000001,Bus
NL11PDU,CAR,D,219.0,2737.48734,35.31,2013,12.499942191780823,219.0,586.9200000000001,Car
NL13XLX,CAR,D,286.04,3221.89868,36.7,2013,11.263804642707312,286.04,766.5872,Car
NL62EYR,CAR,D,534.21,6947.52078,36.73,2013,13.005224125343965,534.21,1431.6828000000003,Car
NU11RHK,CAR,D,769.3,12211.67192,44.83,2013,15.873744858962695,769.3,2061.724,Car
NU61CZL,MED VAN,D,480.88,5590.84716,32.84,2013,11.626283397105308,480.88,1288.7584000000002,Van
NV60UFS,SMALL VAN,D,816.43,11279.86406,39.02,2013,13.816082285070369,816.43,2188.0324,Van
3303,LIBRARY BU,D,2680.45,5277.0,5.64,2013,1.968699285567722,2680.45,7183.606,Bus
3304,LIBRARY BU,D,3555.87,11015.0,8.79,2013,3.097694797616336,3555.87,9529.731600000001,Bus
OW04BKU,LARGE VAN,D,2518.01,22857.45602,25.64,2013,9.077587467881383,2518.01,6748.266800000001,Van
PARKING M,MASTER,D,1153.6,,,2013,,,3091.648,Van
PJ10XYD,SMALL VAN,D,453.58,5611.76858,38.77,2013,12.37216936372856,453.58,1215.5944,Van
PMCMAST,MASTER,D,2085.5,,,2013,,,5589.14,Van
PMGENMAST,MASTER,D,243.95,3.21868,0.11,2013,0.013194015167042427,243.95,653.7860000000001,Van
PN07FYF,3 AXLE BIN,D,718.05,796.0,3.13,2013,1.1085578998676973,718.05,1924.374,Truck
WS07/4,TRACTOR,D,3664.63,,0.14,2013,,,9821.208400000001,Truck
WS07/03,TRACTOR,D,2377.09,,0.19,2013,,,6370.601200000001,Truck
WS07/56,TRACTOR,D,267.26,,0.11,2013,,,716.2568,Truck
WS07/55,TRACTOR,D,196.03,,1.09,2013,,,525.3604,Truck
5015,18TN D/M,D,6548.93,15824.0,6.82,2013,2.4162725819332316,6548.93,17551.132400000002,Truck
5019,18TN D/M,D,6888.95,17723.0,7.27,2013,2.5726707263080733,6888.95,18462.386000000002,Truck
5016,18TN D/M,D,6469.4,17052.0,7.44,2013,2.635793118372647,6469.4,17337.992,Truck
5020,18TN D/M,D,6132.33,15661.0,7.21,2013,2.5538416882326946,6132.33,16434.6444,Truck
5017,18TN D/M,D,6967.62,18832.0,7.63,2013,2.7027880395314328,6967.619999999999,18673.2216,Truck
5018,18TN D/M,D,6280.35,17229.0,7.75,2013,2.74331844562803,6280.35,16831.338000000003,Truck
5013,18TN D/M,D,6019.89,16061.0,7.54,2013,2.6679889499642018,6019.89,16133.305200000003,Truck
5014,18TN D/M,D,5557.08,13613.0,6.92,2013,2.4496678111526196,5557.08,14892.974400000001,Truck
3107,MED TIPPER,D,5916.1,34964.0,16.69,2013,5.909974476428728,5916.1,15855.148000000001,Truck
3105,MED VAN,D,277.66,9274.0,94.34,2013,33.4005618382194,277.66,744.1288000000001,Van
3106,MED TIPPER,D,5167.22,35151.0,19.21,2013,6.802690808597273,5167.22,13848.1496,Truck
5025,18TN D/M,D,6902.91,19500.0,7.98,2013,2.8248955875130926,6902.909999999999,18499.7988,Truck
WS09/87,TRACTOR,D,385.5,,0.74,2013,,,1033.14,Truck
239,WELFARE,D,804.13,5582.80046,21.18,2013,6.942659097409623,804.13,2155.0684,Bus
PN59YNA,SMALL VAN,D,809.68,10702.111,39.48,2013,13.217704525244542,809.68,2169.9424,Van
PN62FBG,SMALL VAN,D,302.01,4161.75324,43.94,2013,13.780183570080462,302.01,809.3868,Van
PN62FBL,SMALL VAN,D,545.51,6503.3429399999995,37.64,2013,11.92158336235816,545.51,1461.9668000000001,Van
4610,HOOKLOADER,D,12510.04,23306.0,5.37,2013,1.86298365153109,12510.04,33526.9072,Truck
4611,HOOKLOADER,D,11288.6,21817.0,5.59,2013,1.932657725492975,11288.6,30253.448000000004,Truck
4613,HOOKLOADER,D,10731.56,20705.0,5.54,2013,1.929356030250961,10731.56,28760.5808,Truck
4612,HOOKLOADER,D,11916.0,23075.0,5.57,2013,1.9364719704598858,11916.0,31934.88,Truck
4614,HOOKLOADER,D,8566.02,16593.0,5.64,2013,1.937072292616641,8566.02,22956.933600000004,Truck
WS12/53,TRACTOR,D,587.04,,0.52,2013,,,1573.2672,Truck
WS06/21,TRACTOR,D,20.07,,0.5,2013,,,53.787600000000005,Truck
2214,MED VAN,D,130.0,833.63812,18.11,2013,6.412600923076923,130.0,348.40000000000003,Van
5022,18TN D/M,D,6532.47,17704.0,7.65,2013,2.7101540458662647,6532.47,17507.019600000003,Truck
5023,18TN D/M,D,6473.44,15958.0,6.96,2013,2.465149904841939,6473.44,17348.8192,Truck
5024,18TN D/M,D,5867.5,15642.0,7.53,2013,2.665871325095867,5867.5,15724.900000000001,Truck
5021,18TN D/M,D,7678.26,20464.0,7.53,2013,2.665187164800358,7678.26,20577.736800000002,Truck
3108,MED TIPPER,D,3685.08,22224.0,17.03,2013,6.0308053013774465,3685.08,9876.0144,Truck
430,WELFARE,D,3806.78,23449.69314,17.7,2013,6.159981175691792,3806.7799999999997,10202.1704,Bus
431,WELFARE,D,5158.12,30529.179799999998,16.92,2013,5.9186641256892045,5158.12,13823.7616,Bus
HWPMAST,MASTER,D,17366.36,,,2013,,,46541.844800000006,Van
4364,BULK GRITT,D,1661.07,5475.0,9.31,2013,3.2960681970055448,1661.07,4451.6676,Truck
85503,SWEEPER,D,6845.81,14336.0,5.91,2013,2.094127648883039,6845.81,18346.770800000002,Truck
85502,SWEEPER,D,7672.69,15440.0,5.68,2013,2.012332050428207,7672.69,20562.8092,Truck
85501,SWEEPER,D,7415.13,14695.0,5.6,2013,1.9817589172408305,7415.13,19872.5484,Truck
85504,SWEEPER,D,9366.74,19839.0,5.98,2013,2.1180261222154133,9366.74,25102.8632,Truck
85506,SWEEPER,D,5235.19,11510.0,6.21,2013,2.198583050471903,5235.19,14030.3092,Truck
85505,SWEEPER,D,11943.77,22898.0,5.41,2013,1.9171501125691468,11943.77,32009.303600000003,Truck
85509,SWEEPER,D,8881.08,19838.0,6.31,2013,2.233737338251654,8881.08,23801.294400000002,Truck
85507,SWEEPER,D,1206.54,2651.0,6.21,2013,2.197191970427835,1206.54,3233.5272,Truck
85510,SWEEPER,D,9529.92,23977.0,7.11,2013,2.5159707531647695,9529.92,25540.1856,Truck
85511,SWEEPER,D,7109.71,18302.0,7.27,2013,2.5742259529572937,7109.71,19054.022800000002,Truck
85512,SWEEPER,D,7232.05,16487.0,6.44,2013,2.279713221009257,7232.05,19381.894,Truck
SECMAST,MASTER,D,7946.84,,,2013,,,21297.5312,Van
SJ12RUK,MED TIPPER,D,2401.53,16838.52442,19.8,2013,7.0115819581683345,2401.53,6436.100400000001,Truck
SJ12RVL,MED TIPPER,D,2193.42,14905.70708,19.19,2013,6.795646561078134,2193.42,5878.365600000001,Truck
SJ12RYB,MED TIPPER,D,1849.47,13064.62212,19.95,2013,7.063981637982773,1849.47,4956.5796,Truck
SJ12SCZ,MED TIPPER,D,2625.49,20467.58612,22.02,2013,7.795720463608698,2625.49,7036.3132,Truck
SJ12SGV,MED TIPPER,D,2275.37,20206.87304,25.08,2013,8.880697662358209,2275.3700000000003,6097.9916,Truck
SJ12SKU,MED TIPPER,D,2096.15,19645.21338,26.47,2013,9.372045597881831,2096.15,5617.682000000001,Truck
78027,MINIBUS,D,246.12,2594.25608,29.77,2013,10.540614659515684,246.11999999999998,659.6016000000001,Bus
SPORTSMAS,MASTER,D,457.17,,,2013,,,1225.2156000000002,Van
TOPMAST,MASTER,D,1909.98,,,2013,,,5118.7464,Van
3308,LIBRARY BU,D,3186.17,9130.0,8.09,2013,2.8655093733228294,3186.17,8538.9356,Bus
78626,MINIBUS,D,145.31,796.6233,15.49,2013,5.48223315669947,145.31,389.43080000000003,Bus
TRANMAST,MASTER,D,9910.31,,,2013,,,26559.6308,Van
1,CAR,D,92.81,,,2013,,,248.73080000000002,Car
2338,LARGE TIPP,D,134.95,1342.0,28.09,2013,9.944423860689145,134.95,361.666,Truck
4472,3 AXLE BIN,D,18361.13,30226.0,4.65,2013,1.6461949781957863,18361.13,49207.828400000006,Truck
4473,3 AXLE BIN,D,14159.17,21539.0,4.3,2013,1.5212049858854721,14159.17,37946.575600000004,Truck
4471,3 AXLE BIN,D,15090.68,25697.0,4.81,2013,1.702839103340605,15090.68,40443.0224,Truck
VK60WML,MED VAN,D,3145.23,22476.04244,20.18,2013,7.146072764153973,3145.23,8429.216400000001,Van
4483,3 AXLE BIN,D,15758.37,26458.0,4.74,2013,1.6789807575275868,15758.37,42232.4316,Truck
VN61HFD,MED TIPPER,D,2081.84,15779.5787,21.41,2013,7.5796308553971485,2081.84,5579.3312000000005,Truck
4489,3 AXLE BIN,D,15986.48,15939.0,2.85,2013,0.9970299903418389,15986.48,42843.7664,Truck
VO10AZA,CAR,D,616.1,9853.98882,45.17,2013,15.994138646323648,616.1,1651.1480000000001,Car
4493,3 AXLE BIN,D,9789.26,12521.0,3.68,2013,1.2790548008736105,9789.26,26235.216800000002,Truck
VO56FXD,3 AXLE BIN,D,1445.3,1428.0,3.08,2013,0.9880301667473881,1445.3,3873.404,Truck
VU11HLC,3 AXLE BIN,D,9743.91,20329.0,5.92,2013,2.086328794087794,9743.910000000002,26113.6788,Truck
VU11HLD,2 AXLE BIN,D,9019.21,17278.0,5.45,2013,1.9156888463623756,9019.21,24171.482799999998,Truck
VU60UGV,SMALL VAN,D,556.95,9779.95918,49.6,2013,17.559851297243917,556.95,1492.6260000000002,Van
4484,3 AXLE BIN,D,15039.28,16603.0,3.12,2013,1.1039757222420221,15039.28,40305.2704,Truck
4485,3 AXLE BIN,D,18956.91,22261.0,3.32,2013,1.1742947558436476,18956.91,50804.518800000005,Truck
4488,3 AXLE BIN,D,20125.34,23638.0,3.32,2013,1.1745391630650712,20125.34,53935.9112,Truck
4486,3 AXLE BIN,D,17050.09,18878.0,3.13,2013,1.1072082317454042,17050.09,45694.241200000004,Truck
4487,3 AXLE BIN,D,15189.57,18352.0,3.41,2013,1.2081974670777382,15189.57,40708.0476,Truck
4490,3 AXLE BIN,D,13584.56,15168.0,3.2,2013,1.1165617436265878,13584.560000000001,36406.620800000004,Truck
4491,3 AXLE BIN,D,14518.44,11888.0,2.34,2013,0.8188207548469395,14518.439999999999,38909.419200000004,Truck
4492,3 AXLE BIN,D,11815.29,14888.0,3.61,2013,1.2600621736749584,11815.29,31664.977200000005,Truck
2345,LARGE TIPP,D,1832.1,7960.0,12.27,2013,4.344741007586922,1832.1,4910.028,Truck
2347,LARGE TIPP,D,1653.36,6654.0,11.76,2013,4.024531862389317,1653.3599999999997,4431.0048,Truck
2349,LARGE TIPP,D,2346.38,11023.0,13.27,2013,4.6978750245058345,2346.38,6288.298400000001,Truck
78638,WELFARE,D,395.41,3309.0,23.64,2013,8.368528868769125,395.41,1059.6988000000001,Bus
2651,MED TIPPER,D,5771.33,38833.3742,19.0,2013,6.728669855995065,5771.33,15467.164400000001,Truck
2652,MED TIPPER,D,5442.09,38892.91978,20.38,2013,7.1466880885836135,5442.09,14584.801200000002,Truck
2653,MED TIPPER,D,3188.9,23666.95404,20.96,2013,7.421667045062561,3188.9,8546.252,Truck
1426,MED VAN,D,1976.06,23266.22838,33.25,2013,11.77404956327237,1976.06,5295.8408,Van
2654,MED TIPPER,D,3994.16,26217.75794,18.54,2013,6.5640229585194385,3994.16,10704.3488,Truck
2655,MED TIPPER,D,3898.3,28316.3373,20.52,2013,7.263765564476823,3898.3,10447.444000000001,Truck
1452,MED VAN,D,1656.65,17731.70812,30.23,2013,10.703352017625932,1656.65,4439.822,Van
1439,MED VAN,D,2218.58,22419.71554,28.54,2013,10.105434800638246,2218.58,5945.7944,Van
1445,MED VAN,D,2191.17,20327.57354,26.2,2013,9.277040822939343,2191.17,5872.3356,Van
1443,MED VAN,D,1427.83,14762.47582,29.2,2013,10.33909906641547,1427.83,3826.5844,Van
1440,MED VAN,D,2977.33,27236.47016,25.84,2013,9.147951406125623,2977.33,7979.2444000000005,Van
1448,MED VAN,D,1600.2,17054.17598,30.1,2013,10.657527796525434,1600.2,4288.536,Van
1442,MED VAN,D,773.16,7534.92988,30.06,2013,9.745628175280666,773.16,2072.0688,Van
1432,MED VAN,D,1466.65,15803.7188,30.43,2013,10.775385265741656,1466.65,3930.6220000000003,Van
1434,MED VAN,D,1435.11,13194.97866,25.97,2013,9.194402282751845,1435.11,3846.0948,Van
1441,MED VAN,D,1690.6,16407.2213,27.41,2013,9.704969419141134,1690.6,4530.808,Van
1446,MED VAN,D,242.79,2103.40738,24.47,2013,8.663484410395816,242.79,650.6772,Van
1444,MED VAN,D,2190.01,21957.83496,28.32,2013,10.026362875055364,2190.01,5869.226800000001,Van
1447,MED VAN,D,1717.14,17113.721559999998,28.15,2013,9.966410170399616,1717.14,4601.935200000001,Van
1430,MED VAN,D,1328.18,14133.22388,30.05,2013,10.641045551054827,1328.18,3559.5224000000003,Van
1437,MED VAN,D,1080.38,12132.81426,31.72,2013,11.230135933652972,1080.38,2895.4184000000005,Van
949,SMALL VAN,D,900.52,10500.9435,32.94,2013,11.660977546306578,900.52,2413.3936,Van
1951,FLATBACK,D,2102.3,15560.70846,20.91,2013,7.401754487941777,2102.3,5634.164000000001,Truck
946,SMALL VAN,D,460.6,6168.60022,37.83,2013,13.39253195831524,460.6,1234.4080000000001,Van
947,SMALL VAN,D,1053.34,14438.99848,38.72,2013,13.707823190992464,1053.34,2822.9512,Van
948,SMALL VAN,D,643.57,8627.67174,37.86,2013,13.405956989915625,643.57,1724.7676000000001,Van
945,SMALL VAN,D,974.77,12630.10032,36.6,2013,12.957005570544846,974.77,2612.3836,Van
950,SMALL VAN,D,617.14,7209.8432,33.0,2013,11.682670382733255,617.14,1653.9352000000001,Van
1457,MED VAN,D,1293.61,12641.3657,27.6,2013,9.772161393310196,1293.61,3466.8748,Van
1456,MED VAN,D,1493.55,14912.14444,28.2,2013,9.98436238492183,1493.55,4002.714,Van
1460,MED VAN,D,1212.5,12354.90318,28.78,2013,10.189610870103092,1212.5,3249.5,Van
1458,MED VAN,D,1356.36,12976.10842,27.02,2013,9.566861614910497,1356.36,3635.0448,Van
1461,MED VAN,D,1275.17,14081.725,31.19,2013,11.043017793705937,1275.17,3417.4556000000002,Van
1462,MED VAN,D,975.0,8368.568,24.24,2013,8.583146666666666,975.0,2613.0,Van
101,SMALL VAN,D,613.88,9182.89404,42.25,2013,14.958777024825698,613.88,1645.1984,Van
105,SMALL VAN,D,736.68,13231.99348,50.73,2013,17.96165700168323,736.68,1974.3024,Van
1170,SMALL VAN,D,960.9,9733.28832,30.17,2013,10.129345738370278,960.9,2575.212,Van
1401,MED VAN,D,201.62,2177.43702,30.5,2013,10.799707469497072,201.62,540.3416000000001,Van
930,SMALL VAN,D,1191.55,15225.96574,36.09,2013,12.778285208342076,1191.55,3193.3540000000003,Van
1425,MED VAN,D,1103.3,8751.59092,22.4,2013,7.932195159974622,1103.3,2956.844,Van
315,MINIBUS,D,1553.88,15966.26214,29.02,2013,10.27509340489613,1553.88,4164.398400000001,Bus
2645,MED TIPPER,D,4233.44,30379.51118,20.27,2013,7.176081668808346,4233.44,11345.6192,Truck
2647,MED TIPPER,D,2502.79,12681.5992,14.31,2013,5.066984924823897,2502.79,6707.4772,Truck
2646,MED TIPPER,D,3888.27,30257.20134,21.98,2013,7.781661597574242,3888.27,10420.563600000001,Truck
974,SMALL VAN,D,2105.31,29236.87978,39.22,2013,13.887208905101861,2105.31,5642.2308,Van
970,SMALL VAN,D,1413.03,17789.64436,35.56,2013,12.589714556661924,1413.03,3786.9204,Van
981,SMALL VAN,D,1067.72,14799.49064,39.15,2013,13.860834900535721,1067.72,2861.4896000000003,Van
1431,MED VAN,D,1425.21,15319.30746,30.36,2013,10.748807165259857,1425.21,3819.5628,Van
1436,MED VAN,D,1846.66,17559.50874,26.86,2013,9.508793573261997,1846.6600000000003,4949.0488000000005,Van
1428,MED VAN,D,2028.0,19839.94352,27.63,2013,9.78300962524655,2027.9999999999998,5435.04,Van
1429,MED VAN,D,1546.69,14627.29126,26.71,2013,9.457157710982807,1546.6900000000003,4145.1292,Van
1450,MED VAN,D,1582.14,15948.5594,28.47,2013,10.080371774937742,1582.14,4240.135200000001,Van
982,SMALL VAN,D,862.81,9966.64262,32.63,2013,11.551375876496564,862.81,2312.3308,Van
1438,MED VAN,D,1626.26,15671.75292,27.22,2013,9.63668350694231,1626.26,4358.3768,Van
1451,MED VAN,D,1305.02,11197.78772,24.24,2013,8.580548742548007,1305.02,3497.4536000000003,Van
1435,MED VAN,D,1059.64,11970.27092,31.91,2013,11.296544977539542,1059.64,2839.8352000000004,Van
1449,MED VAN,D,2166.0,21470.20494,28.0,2013,9.912375318559556,2166.0,5804.88,Van
241,MINIBUS,D,1754.74,13619.84442,21.92,2013,7.761744999259149,1754.74,4702.7032,Bus
240,MINIBUS,D,1566.96,13170.83856,23.74,2013,8.405344463164344,1566.96,4199.4528,Bus
763,SMALL VAN,D,646.64,9425.90438,41.17,2013,14.576741896573054,646.64,1732.9952,Van
767,SMALL VAN,D,795.83,14464.74792,51.34,2013,18.1756756091125,795.8299999999999,2132.8244000000004,Van
YB08PZN,SMALL VAN,D,838.58,15328.9635,51.63,2013,18.279667413961697,838.58,2247.3944,Van
357,MINIBUS,D,680.63,6151.0,25.52,2013,9.037215520914447,680.63,1824.0884,Bus
997,MED VAN,D,988.88,13962.63384,39.88,2013,14.119644284443007,988.88,2650.1984,Van
1000,MED VAN,D,1324.53,16935.08482,36.11,2013,12.785731406612157,1324.53,3549.7404,Van
1455,MED VAN,D,1060.63,10418.86716,27.75,2013,9.823281596786813,1060.63,2842.4884000000006,Van
996,SMALL VAN,D,905.08,12230.984,38.17,2013,13.51370486586821,905.08,2425.6144000000004,Van
999,SMALL VAN,D,613.93,8210.85268,37.77,2013,13.374248986040755,613.93,1645.3324,Van
995,SMALL VAN,D,1271.52,15868.0924,35.25,2013,12.479624701145086,1271.52,3407.6736,Van
1002,SMALL VAN,D,624.38,6527.48304,29.53,2013,10.454343572824241,624.38,1673.3384,Van
1001,MED VAN,D,586.32,7308.01294,35.2,2013,12.464205450948286,586.32,1571.3376000000003,Van
768,SMALL VAN,D,1598.95,32536.02678,57.47,2013,20.348370355545825,1598.9500000000003,4285.186000000001,Van
742,SMALL VAN,D,1108.62,20211.70106,51.49,2013,18.23140576572676,1108.62,2971.1016,Van
745,SMALL VAN,D,1333.25,22382.70072,47.42,2013,16.788074794674667,1333.25,3573.11,Van
1477,MED VAN,D,699.38,6747.96262,30.04,2013,9.648492407560983,699.38,1874.3384,Van
1479,MED VAN,D,1244.05,11416.65796,27.35,2013,9.177008930509224,1244.05,3334.054,Van
1154,SMALL VAN,D,878.7,9503.1527,32.36,2013,10.815013884147035,878.7,2354.916,Van
1156,SMALL VAN,D,422.66,3886.5561,29.45,2013,9.195467042066909,422.66,1132.7288,Van
1155,SMALL VAN,D,578.05,5602.11254,29.97,2013,9.691397872156388,578.05,1549.174,Van
1157,SMALL VAN,D,803.72,8070.8401,30.14,2013,10.041855496939233,803.72,2153.9696000000004,Van
1480,MED VAN,D,322.98,2953.1389,32.33,2013,9.14341104712366,322.98,865.5864000000001,Van
1151,SMALL VAN,D,557.17,6012.49424,33.23,2013,10.791130606457635,557.17,1493.2156,Van
1478,MED VAN,D,966.02,7819.78306,26.29,2013,8.09484592451502,966.02,2588.9336000000003,Van
1153,SMALL VAN,D,564.34,6327.92488,34.91,2013,11.212965375482863,564.34,1512.4312000000002,Van
1152,SMALL VAN,D,356.31,3545.37602,32.98,2013,9.950256854985827,356.31,954.9108000000001,Van
1481,MED VAN,D,536.5,4313.0312,25.84,2013,8.03920074557316,536.5,1437.8200000000002,Van
1740ENE,MED VAN,D,455.0,3752.98088,27.18,2013,8.248309626373626,455.00000000000006,1219.4,Van
1147,SMALL VAN,D,848.49,8889.99416,31.52,2013,10.47742950417801,848.49,2273.9532000000004,Van
107,SMALL VAN,D,442.04,6347.23696,44.09,2013,14.358965161523845,442.04,1184.6672,Van
1379,MED VAN,D,615.25,8531.11134,43.59,2013,13.866089134498171,615.25,1648.8700000000001,Van
1377,MED VAN,D,778.67,8964.0238,32.51,2013,11.5119675857552,778.67,2086.8356,Van
1712,MED VAN,D,592.83,5149.888,24.54,2013,8.686955788337297,592.83,1588.7844000000002,Van
2196,MED TIPPER,D,965.59,7794.03362,23.58,2013,8.071783697014261,965.5899999999999,2587.7812000000004,Truck
1393,MED VAN,D,1469.91,14958.8153,28.74,2013,10.176687892456,1469.91,3939.3588000000004,Van
1394,MED VAN,D,1575.2,18391.53752,32.98,2013,11.67568405281869,1575.2,4221.536,Van
1397,MED VAN,D,1505.8,14530.73086,28.41,2013,9.649841187408686,1505.8,4035.5440000000003,Van
1396,MED VAN,D,142.55,7514.00846,148.88,2013,,,382.03400000000005,Van
1372,MED VAN,D,1906.07,20578.63058,30.49,2013,10.796366649703318,1906.07,5108.2676,Van
1354,MED VAN,D,998.94,10906.49718,30.84,2013,10.918070334554628,998.94,2677.1592000000005,Van
1356,MED VAN,D,980.94,10755.21922,30.97,2013,10.964196811221889,980.94,2628.9192000000003,Van
943,SMALL VAN,D,1155.05,14482.45066,35.41,2013,12.538375533526688,1155.05,3095.534,Van
1955,MED TIPPER,D,1103.61,6147.6788,15.73,2013,5.5705174835313205,1103.61,2957.6748,Truck
396,MINIBUS,D,491.89,7084.31468,40.68,2013,14.402233588810507,491.89,1318.2652,Bus
1718,MED VAN,D,2580.95,23724.89028,25.96,2013,9.192309141982603,2580.95,6916.946,Van
1883,MED VAN,D,1676.66,13024.38862,21.94,2013,7.768055908771008,1676.66,4493.4488,Van
1473,MED VAN,D,1628.85,15425.5239,26.75,2013,9.470193019615067,1628.85,4365.318,Van
1470,MED VAN,D,839.29,8481.2218,30.94,2013,10.105233947741542,839.2900000000001,2249.2972,Van
1472,MED VAN,D,874.14,7227.54594,23.35,2013,8.268178941588305,874.1399999999999,2342.6952,Van
1471,MED VAN,D,1686.13,13940.10308,23.35,2013,8.267513821591455,1686.13,4518.8284,Van
1474,MED VAN,D,878.4,8466.73774,27.22,2013,9.638818010018216,878.4,2354.112,Van
369,MINIBUS,D,743.24,6614.0,25.13,2013,8.89887519509176,743.24,1991.8832000000002,Bus
YB60LYK,MED VAN,D,1300.0,12789.42498,27.79,2013,9.838019215384616,1300.0,3484.0,Van
1338ENE,MED VAN,D,2193.46,22585.47756,29.97,2013,10.296735550226582,2193.46,5878.4728000000005,Van
YB62XNH,LUTON,D,794.08,6141.24144,23.54,2013,7.7337817852105575,794.08,2128.1344000000004,Van
1863,LARGE VAN,D,2506.56,20404.82186,23.17,2013,8.140567893846546,2506.5600000000004,6717.580800000001,Van
931,SMALL VAN,D,1088.03,15230.79376,39.54,2013,13.998505335330828,1088.03,2915.9204,Van
956,SMALL VAN,D,1101.7,14997.43946,38.45,2013,13.612997603703366,1101.7,2952.5560000000005,Van
959,SMALL VAN,D,605.43,7732.8787,36.08,2013,12.772539682539684,605.43,1622.5524,Van
962,SMALL VAN,D,1662.08,22179.92388,37.69,2013,13.344678884289564,1662.08,4454.3744,Van
1947,FLATBACK,D,2328.55,17258.56216,20.93,2013,7.411720667368105,2328.55,6240.514000000001,Truck
953,SMALL VAN,D,743.66,10098.6085,38.35,2013,13.579604254632494,743.66,1993.0088,Van
1459,MED VAN,D,2097.66,23823.06002,32.08,2013,11.356969203779451,2097.66,5621.7288,Van
356,MINIBUS,D,1080.06,13632.71914,35.65,2013,12.62218685998926,1080.06,2894.5608,Bus
762,SMALL VAN,D,499.24,8473.1751,47.94,2013,16.972147864754426,499.24000000000007,1337.9632000000001,Van
1882,MED VAN,D,2296.6,14171.84804,17.43,2013,6.170795105808587,2296.6,6154.888,Van
1731,MED VAN,D,1810.07,17252.1248,26.92,2013,9.531192053346004,1810.07,4850.9876,Van
1730,MED VAN,D,1196.57,11439.18872,27.0,2013,9.559982884411276,1196.57,3206.8076,Van
1723,MED VAN,D,2873.26,23023.21804,22.63,2013,8.012925401808397,2873.2600000000007,7700.336800000001,Van
1722,MED VAN,D,1748.62,15586.4579,25.18,2013,8.913576363074883,1748.6199999999997,4686.3016,Van
1729,MED VAN,D,1979.31,19297.59594,27.54,2013,9.749658183912576,1979.31,5304.5508,Van
1732,MED VAN,D,1037.55,8616.40636,23.46,2013,8.304569765312516,1037.55,2780.634,Van
1733,MED VAN,D,1358.39,10504.16218,21.84,2013,7.732802935828443,1358.39,3640.4852000000005,Van
1737,MED VAN,D,685.25,6477.5935,26.7,2013,9.452890915724188,685.25,1836.47,Van
1724,MED VAN,D,1893.98,16057.99452,23.95,2013,8.47843932882079,1893.9799999999998,5075.866400000001,Van
1961ENE,MED TIPPER,D,975.0,8164.18182,23.65,2013,8.373519815384615,975.0,2613.0,Truck
0529ENE,4 X 4,D,461.67,2887.15596,17.66,2013,6.253722269153291,461.67,1237.2756000000002,Car
1355ENE,MED VAN,D,635.28,4329.1246,21.44,2013,6.814514229945851,635.28,1702.5504,Van
1351ENE,MED VAN,D,65.0,,,2013,,,174.20000000000002,Van
1352ENE,MED VAN,D,646.33,6352.06498,30.84,2013,9.827897482710071,646.3299999999999,1732.1644000000001,Van
8540,SML SWEEPE,D,3523.36,6574.1539,5.29,2013,1.8658762942191545,3523.36,9442.604800000001,Truck
8541,SML SWEEPE,D,5117.77,9292.32916,5.15,2013,1.8156988610273612,5117.77,13715.623600000003,Truck
8542,SML SWEEPE,D,5224.69,9730.06964,5.29,2013,1.8623247771638127,5224.69,14002.1692,Truck
8543,SML SWEEPE,D,4636.13,9862.03552,6.08,2013,2.127212895238054,4636.13,12424.8284,Truck
8544,SML SWEEPE,D,6248.41,10314.26006,4.69,2013,1.65070154807383,6248.41,16745.7388,Truck
8545,SML SWEEPE,D,6399.17,14451.8732,6.41,2013,2.258398073500157,6399.169999999999,17149.7756,Truck
8547,SML SWEEPE,D,5157.83,11701.51114,6.45,2013,2.2686887974206207,5157.83,13822.984400000001,Truck
171,SMALL VAN,D,406.74,7634.70896,53.02,2013,18.770489649407484,406.74,1090.0632,Van
170,SMALL VAN,D,574.76,9730.06964,47.81,2013,16.92892623007864,574.76,1540.3568,Van
1422,MED VAN,D,1969.15,17224.76602,24.71,2013,8.74731027092908,1969.15,5277.322,Van
1292,SMALL VAN,D,323.75,3426.28486,29.89,2013,10.58311925868726,323.75,867.6500000000001,Van
921,SMALL VAN,D,944.02,10742.3445,32.14,2013,11.3793611364166,944.0200000000001,2529.9736000000003,Van
80,4 X 4,D,873.5,10640.95608,34.41,2013,12.181976050372066,873.5,2340.98,Car
2680,MED TIPPER,D,436.7,2463.0,18.72,2013,5.640027478818411,436.7,1170.356,Truck
2602,MED TIPPER,D,712.13,6644.96486,32.16,2013,9.331112100318762,712.13,1908.5084000000002,Truck
851,SMALL VAN,D,181.37,2323.88696,36.19,2013,12.812962231901636,181.37,486.07160000000005,Van
850,SMALL VAN,D,148.04,1432.3126,27.33,2013,9.675172926236153,148.04,396.7472,Van
844,SMALL VAN,D,91.18,1166.7715,36.14,2013,12.79635336696644,91.18,244.36240000000004,Van
841,SMALL VAN,D,96.15,1459.67138,42.88,2013,15.181189599583982,96.15,257.682,Van
840,SMALL VAN,D,85.65,692.0162,43.72,2013,8.07958201984822,85.65,229.54200000000003,Van
848,SMALL VAN,D,114.04,1810.5075,44.84,2013,15.876074184496666,114.04,305.6272,Van
845,SMALL VAN,D,43.1,630.86128,41.34,2013,14.637152668213457,43.1,115.50800000000001,Van
846,SMALL VAN,D,46.95,592.23712,35.63,2013,12.614209158679445,46.95,125.82600000000002,Van
847,SMALL VAN,D,25.97,436.13114,47.43,2013,16.79365190604544,25.969999999999995,69.5996,Van
842,SMALL VAN,D,119.22,1730.0405,40.99,2013,14.51132779734944,119.22,319.50960000000003,Van
843,SMALL VAN,D,79.13,1116.88196,39.87,2013,14.114519903955516,79.13,212.0684,Van
3429,LARGE TIPP,D,2862.75,15940.5127,15.73,2013,5.568251750938782,2862.75,7672.17,Truck
429,WELFARE,D,5268.34,21897.0,11.74,2013,4.156337669930187,5268.34,14119.151200000002,Bus
78,CAR,D,232.32,2383.43254,37.18,2013,10.259265409779614,232.32,622.6176,Car
1342ENE,LARGE VAN,D,1238.35,11106.05534,26.73,2013,8.968430039972546,1238.35,3318.778,Van
1340ENE,MED VAN,D,973.84,9561.08894,29.71,2013,9.81792588104822,973.8400000000001,2609.8912,Van
1350ENE,LARGE VAN,D,55.92,,,2013,,,149.8656,Van
1125,SMALL VAN,D,1030.58,13569.95488,38.62,2013,13.167298880242194,1030.58,2761.9544,Van
1215,SMALL VAN,D,1145.49,16508.60972,40.71,2013,14.411832246462213,1145.49,3069.9132000000004,Van
749,SMALL VAN,D,439.7,7370.7771999999995,47.35,2013,16.763195815328633,439.7,1178.396,Van
790,SMALL VAN,D,610.98,10758.4379,49.73,2013,17.608494386068283,610.98,1637.4264,Van
775,SMALL VAN,D,1207.49,19260.58112,45.05,2013,15.950923916554173,1207.49,3236.0732000000003,Van
772,SMALL VAN,D,700.62,12100.62746,48.78,2013,17.27131320830122,700.62,1877.6616000000001,Van
794,SMALL VAN,D,621.52,12053.9566,54.78,2013,19.394318123310594,621.52,1665.6736,Van
789,SMALL VAN,D,1084.03,20002.48686,52.12,2013,18.45196798981578,1084.03,2905.2004,Van
785,SMALL VAN,D,840.69,15108.48392,50.76,2013,17.971528054336318,840.69,2253.0492000000004,Van
777,SMALL VAN,D,770.41,12818.3931,49.37,2013,16.638404356122063,770.4100000000001,2064.6988,Van
781,SMALL VAN,D,522.52,9483.84062,51.26,2013,18.15019639439639,522.52,1400.3536000000001,Van
783,SMALL VAN,D,1057.81,19648.43206,52.46,2013,18.574632552159652,1057.81,2834.9308,Van
793,SMALL VAN,D,1120.97,22905.73622,57.71,2013,20.43385302015219,1120.97,3004.1996000000004,Van
786,SMALL VAN,D,370.72,6582.2006,50.15,2013,17.755180729391455,370.71999999999997,993.5296000000002,Van
787,SMALL VAN,D,600.79,10798.6714,50.81,2013,17.974119742339255,600.7899999999998,1610.1172,Van
788,SMALL VAN,D,311.4,5523.25488,50.1,2013,17.736849325626206,311.4,834.552,Van
779,SMALL VAN,D,699.61,13375.22474,54.0,2013,19.11811543574277,699.61,1874.9548000000002,Van
774,SMALL VAN,D,649.1,10397.94574,45.24,2013,16.019019781235556,649.1,1739.5880000000002,Van
782,SMALL VAN,D,1290.4,24412.07846,53.43,2013,18.91822571295722,1290.4000000000003,3458.2720000000004,Van
792,SMALL VAN,D,770.91,13927.22836,51.03,2013,18.06595887976547,770.91,2066.0388000000003,Van
780,SMALL VAN,D,954.35,18510.62868,54.78,2013,19.396058762508513,954.3500000000001,2557.6580000000004,Van
773,SMALL VAN,D,427.17,6018.9316,39.8,2013,14.09024884706323,427.17,1144.8156000000001,Van
YD62LDO,SMALL VAN,D,525.7,5793.624,31.13,2013,11.020779912497622,525.7,1408.8760000000002,Van
YD62LDV,SMALL VAN,D,141.36,1216.66104,37.01,2013,8.606826825127333,141.36,378.8448000000001,Van
311,MINIBUS,D,491.58,4047.4901,23.26,2013,8.233634606778145,491.58,1317.4344,Bus
957,SMALL VAN,D,939.57,12264.78014,36.87,2013,13.05360977894143,939.57,2518.0476000000003,Van
1948,MED TIPPER,D,2866.62,21302.83358,20.99,2013,7.431341991613817,2866.62,7682.5416000000005,Truck
1950,FLATBACK,D,1695.43,11564.71724,19.27,2013,6.821111600007078,1695.43,4543.7524,Truck
1427,MED VAN,D,2137.62,21824.25974,28.84,2013,10.209606824412198,2137.62,5728.8216,Van
69,MPV,D,130.26,1942.47338,42.12,2013,14.912278366344236,130.26,349.0968,Bus
977,SMALL VAN,D,790.31,8574.56352,30.64,2013,10.849620427427212,790.3100000000001,2118.0308,Van
78079,MINIBUS,D,487.69,2270.77874,14.94,2013,4.656192950439829,487.69,1307.0092,Bus
969,SMALL VAN,D,932.4,12684.81788,38.42,2013,13.604480780780781,932.4,2498.832,Van
759,SMALL VAN,D,634.56,9763.86578,43.46,2013,15.38682832198689,634.56,1700.6208,Van
952,SMALL VAN,D,758.99,9329.34398,34.72,2013,12.291787744239054,758.99,2034.0932000000003,Van
978,SMALL VAN,D,923.36,11516.43704,35.23,2013,12.472315283313117,923.3600000000001,2474.6048,Van
985,SMALL VAN,D,755.14,8894.82218,33.27,2013,11.779037238128028,755.14,2023.7752,Van
984,SMALL VAN,D,1635.52,21775.97954,37.61,2013,13.314407368910194,1635.52,4383.1936000000005,Van
963,SMALL VAN,D,1108.39,13397.7555,34.14,2013,12.087582439394074,1108.39,2970.4852000000005,Van
255,WELFARE,D,4906.66,32259.2203,18.57,2013,6.5745782874705,4906.66,13149.8488,Bus
256,WELFARE,D,3694.89,24624.51134,18.82,2013,6.66447751895185,3694.89,9902.3052,Bus
252,WELFARE,D,4768.67,33498.4121,19.84,2013,7.024686568791718,4768.67,12780.035600000001,Bus
253,WELFARE,D,4393.04,27247.73554,17.52,2013,6.20247836122594,4393.04,11773.3472,Bus
254,WELFARE,D,4018.12,27534.19806,19.35,2013,6.852507655321394,4018.12,10768.5616,Bus
251,WELFARE,D,4621.55,34066.50912,20.82,2013,7.371230240936483,4621.55,12385.754,Bus
YE09YBF,SMALL VAN,D,352.06,5923.98054,52.93,2013,16.826621996250637,352.06,943.5208,Van
1736,MED VAN,D,755.94,6878.31916,25.7,2013,9.099027912268168,755.9400000000002,2025.9192000000003,Van
1738,MED VAN,D,1790.05,15111.7026,23.84,2013,8.442056143683137,1790.05,4797.334,Van
4481,3 AXLE BIN,D,17669.54,19768.0,3.16,2013,1.1187614391772507,17669.54,47354.36720000001,Truck
1960ENE,MED TIPPER,D,711.58,6344.01828,25.18,2013,8.915397116276456,711.58,1907.0344000000002,Truck
1130,SMALL VAN,D,606.88,5449.22524,29.77,2013,8.979081927234379,606.88,1626.4384,Van
1128,SMALL VAN,D,1054.33,12916.56284,36.49,2013,12.250967761516794,1054.33,2825.6044,Van
1131,SMALL VAN,D,355.64,4008.86594,35.76,2013,11.272258294904962,355.64,953.1152000000001,Van
1129,SMALL VAN,D,303.76,4679.96072,51.94,2013,15.406770871740848,303.76,814.0768,Van
916,SMALL VAN,D,1048.19,13254.52424,35.72,2013,12.645154256384815,1048.19,2809.1492000000003,Van
915,SMALL VAN,D,736.14,9356.70276,35.9,2013,12.710493601760534,736.14,1972.8552,Van
312,MINIBUS,D,1205.63,11369.9871,26.64,2013,9.43074334580261,1205.63,3231.0884000000005,Bus
57,CAR,D,226.68,2685.98846,40.93,2013,11.849252073407447,226.68,607.5024000000001,Car
939,SMALL VAN,D,829.34,9929.6278,33.82,2013,11.972927629199122,829.34,2222.6312000000003,Van
941,SMALL VAN,D,897.88,12076.48736,37.99,2013,13.450001514679021,897.88,2406.3184,Van
1946,FLATBACK,D,498.17,2840.4851,18.63,2013,5.701838930485577,498.17,1335.0956,Truck
2662,MED TIPPER,D,3185.56,23901.91768,21.19,2013,7.503207498838509,3185.56,8537.3008,Truck
2663,MED TIPPER,D,1644.98,14131.61454,24.26,2013,8.59075158360588,1644.9800000000002,4408.5464,Truck
337,MINIBUS,D,1700.91,22963.67246,38.13,2013,13.500815716293044,1700.91,4558.438800000001,Bus
4457,3 AXLE BIN,D,19109.69,26318.0,3.89,2013,1.3772070609204023,19109.69,51213.9692,Truck
4460,3 AXLE BIN,D,18412.51,20356.0,3.12,2013,1.1055526921641863,18412.51,49345.5268,Truck
4458,3 AXLE BIN,D,16977.42,18563.0,3.09,2013,1.0933934602548563,16977.42,45499.4856,Truck
4462,3 AXLE BIN,D,16924.16,19965.0,3.33,2013,1.1796745008319467,16924.16,45356.7488,Truck
4459,3 AXLE BIN,D,15566.03,17945.0,3.26,2013,1.152830875952314,15566.03,41716.9604,Truck
4465,3 AXLE BIN,D,20495.18,23967.0,3.3,2013,1.169396902100884,20495.18,54927.08240000001,Truck
4467,3 AXLE BIN,D,17327.82,19016.0,3.1,2013,1.0974259889587958,17327.82,46438.5576,Truck
4464,3 AXLE BIN,D,16909.48,21143.0,3.53,2013,1.2503637013083786,16909.48,45317.4064,Truck
4466,3 AXLE BIN,D,16272.14,22972.0,3.99,2013,1.4117380995984548,16272.14,43609.3352,Truck
4468,3 AXLE BIN,D,16679.87,19415.0,3.29,2013,1.1639778967102263,16679.87,44702.0516,Truck
4463,3 AXLE BIN,D,18201.71,19655.0,3.05,2013,1.079843597112579,18201.71,48780.582800000004,Truck
4469,3 AXLE BIN,D,17693.62,17556.0,2.8,2013,0.9922220551814722,17693.62,47418.9016,Truck
4470,3 AXLE BIN,D,18711.81,21462.0,3.24,2013,1.146976161044816,18711.81,50147.6508,Truck
94,CAR,D,5682.39,95469.26748,47.86,2013,16.800900233880462,5682.389999999999,15228.805200000003,Car
93,CAR,D,4503.6,77576.62536,49.23,2013,17.22546970423661,4503.6,12069.648000000001,Car
374,MINIBUS,D,65.0,,,2013,,,174.20000000000002,Bus
1259,SMALL VAN,D,115.2,1108.83526,27.19,2013,9.62530607638889,115.19999999999999,308.73600000000005,Van
1264,SMALL VAN,D,800.28,12102.2368,42.71,2013,15.122503123906634,800.28,2144.7504,Van
1269,SMALL VAN,D,223.85,2647.3643,33.4,2013,11.82651016305562,223.84999999999997,599.918,Van
1256,SMALL VAN,D,128.44,1364.72032,30.01,2013,10.625352849579569,128.44,344.2192,Van
1261,SMALL VAN,D,78.29,793.40462,28.62,2013,10.134175756801634,78.29,209.81720000000004,Van
1263,SMALL VAN,D,1329.31,16479.6416,35.01,2013,12.397139568648397,1329.31,3562.5508,Van
1258,SMALL VAN,D,736.89,10668.31486,40.89,2013,14.47748627339223,736.89,1974.8652000000002,Van
1267,SMALL VAN,D,843.95,10454.27264,34.99,2013,12.387312802891165,843.95,2261.786,Van
1257,SMALL VAN,D,1728.01,24061.24234,39.33,2013,13.924249477722931,1728.01,4631.0668000000005,Van
1265,SMALL VAN,D,476.07,9448.43514,56.06,2013,19.846735017959542,476.07,1275.8676,Van
1262,SMALL VAN,D,961.3,12704.12996,37.33,2013,13.215572620409862,961.3,2576.284,Van
1266,SMALL VAN,D,587.91,8146.47908,39.14,2013,13.8566771784797,587.91,1575.5988,Van
1274,SMALL VAN,D,1406.14,16935.08482,34.02,2013,12.043669065669135,1406.14,3768.4552000000003,Van
1275,SMALL VAN,D,569.68,7702.30124,38.19,2013,13.520399592753828,569.68,1526.7423999999999,Van
1277,SMALL VAN,D,273.65,3752.98088,38.74,2013,13.714529069979903,273.65,733.382,Van
1276,SMALL VAN,D,352.35,4173.01862,33.45,2013,11.843390435646374,352.35,944.2980000000001,Van
1281,SMALL VAN,D,285.45,3643.54576,36.05,2013,12.764217060781222,285.45,765.006,Van
1279,SMALL VAN,D,128.31,1533.70102,33.76,2013,11.953090328111605,128.31,343.87080000000003,Van
1278,SMALL VAN,D,232.99,3464.90902,42.0,2013,14.871492424567577,232.99,624.4132000000001,Van
1280,SMALL VAN,D,43.04,,,2013,,,115.3472,Van
1942,FLATBACK,D,2605.55,20744.3926,22.49,2013,7.961617547158948,2605.55,6982.874000000001,Truck
973,SMALL VAN,D,967.98,12256.73344,35.76,2013,12.662176325957148,967.98,2594.1864,Van
965,SMALL VAN,D,990.38,13759.857,39.24,2013,13.893512591126639,990.38,2654.2184,Van
968,SMALL VAN,D,799.48,11080.3059,39.14,2013,13.859390979136437,799.48,2142.6064,Van
980,SMALL VAN,D,1405.21,18024.608,36.23,2013,12.826985290454807,1405.21,3765.9628000000002,Van
958,SMALL VAN,D,907.91,11035.24438,34.33,2013,12.154557588307211,907.91,2433.1988,Van
955,SMALL VAN,D,1155.02,14754.42912,36.08,2013,12.774176308635349,1155.02,3095.4536000000003,Van
976,SMALL VAN,D,929.0,12324.32572,37.47,2013,13.266227900968785,929.0,2489.7200000000003,Van
986,SMALL VAN,D,1027.34,10850.17028,29.83,2013,10.561421029065354,1027.34,2753.2712,Van
964,SMALL VAN,D,1279.15,14825.24008,32.73,2013,11.589915240589454,1279.15,3428.1220000000003,Van
954,SMALL VAN,D,1335.89,16944.74086,35.83,2013,12.68423362702019,1335.89,3580.1852000000003,Van
961,SMALL VAN,D,1634.99,23106.90372,39.92,2013,14.132749264521495,1634.99,4381.7732000000005,Van
979,SMALL VAN,D,1009.01,10496.11548,29.38,2013,10.402389946581303,1009.01,2704.1468,Van
972,SMALL VAN,D,1149.15,12567.33606,30.89,2013,10.936201592481398,1149.15,3079.722,Van
966,SMALL VAN,D,255.69,3485.83044,38.51,2013,13.63303390824827,255.69,685.2492000000001,Van
78967,SMALL VAN,D,396.97,9538.55818,67.87,2013,24.02841066075522,396.97,1063.8796000000002,Van
1952,FLATBACK,D,1684.29,12599.52286,21.13,2013,7.480613706665716,1684.29,4513.8972,Truck
971,SMALL VAN,D,1045.77,13291.53906,35.9,2013,12.709811010069135,1045.77,2802.6636000000003,Van
975,SMALL VAN,D,826.87,9487.0593,32.41,2013,11.473459310411553,826.87,2216.0116000000003,Van
853,SMALL VAN,D,730.95,9485.44996,36.65,2013,12.976879348792666,730.95,1958.9460000000001,Van
994,SMALL VAN,D,1331.64,17752.62954,37.65,2013,13.331403036856809,1331.64,3568.7952000000005,Van
765,SMALL VAN,D,651.95,11394.1272,49.36,2013,17.47699547511312,651.95,1747.226,Van
1884,LARGE VAN,D,1426.33,12336.0,24.43,2013,8.648769920004488,1426.3299999999997,3822.5644,Van
744,SMALL VAN,D,815.47,12509.39982,43.33,2013,15.34011039032705,815.47,2185.4596,Van
743,SMALL VAN,D,793.14,14672.35278,52.25,2013,18.499070504576746,793.14,2125.6152,Van
1169,SMALL VAN,D,773.23,8197.97796,29.95,2013,10.602250248955679,773.23,2072.2564,Van
1160,SMALL VAN,D,695.35,8048.30934,35.18,2013,11.574472337671676,695.35,1863.5380000000002,Van
1150,SMALL VAN,D,578.89,7037.64382,35.58,2013,12.15713489609425,578.89,1551.4252000000001,Van
1739ENE,MED VAN,D,520.0,4039.4434,25.07,2013,7.768160384615385,520.0,1393.6000000000001,Van
8546,SML SWEEPE,D,5884.85,10080.90576,4.86,2013,1.713026799323687,5884.85,15771.398000000001,Truck
,SMALL VAN,D,506.77,5128.96658,31.66,2013,10.120896225111984,506.77,1358.1436,Van
1158,SMALL VAN,D,623.26,6120.32002,30.38,2013,9.819850495780253,623.26,1670.3368,Van
1749,MED VAN,D,1038.64,8167.4005,23.69,2013,7.863552819071092,1038.64,2783.5552000000002,Van
1148,SMALL VAN,D,521.94,4894.00294,29.16,2013,9.376562325171475,521.94,1398.7992000000002,Van
1134,SMALL VAN,D,310.36,2916.12408,31.18,2013,9.395940456244361,310.36,831.7648,Van
106,SMALL VAN,D,388.39,6669.10496,49.2,2013,17.17115517907258,388.39,1040.8852,Van
1133,SMALL VAN,D,559.15,6009.27556,33.12,2013,10.747161870696594,559.15,1498.522,Van
1164,SMALL VAN,D,811.29,8223.7274,30.35,2013,10.136606392288824,811.29,2174.2572,Van
1132,SMALL VAN,D,380.8,4079.6769,34.61,2013,10.713437237394958,380.8,1020.5440000000001,Van
1163,SMALL VAN,D,397.83,3315.2404,26.77,2013,8.333309202423147,397.83,1066.1844,Van
1135,SMALL VAN,D,381.13,3695.04464,31.22,2013,9.694971899351927,381.13,1021.4284,Van
1161,SMALL VAN,D,582.96,6517.827,34.32,2013,11.180573281185673,582.96,1562.3328000000001,Van
1136,SMALL VAN,D,437.32,4432.12236,32.09,2013,10.134735113875424,437.32,1172.0176000000001,Van
1149,SMALL VAN,D,1036.35,10166.20078,29.1,2013,9.809621054663,1036.35,2777.418,Van
1166,SMALL VAN,D,510.28,5293.11926,32.06,2013,10.37297025162656,510.2799999999999,1367.5504,Van
,SMALL VAN,D,428.34,3923.57092,29.11,2013,9.15994518373255,428.34,1147.9512,Van
1142,SMALL VAN,D,564.09,5677.75152,31.02,2013,10.065329149603786,564.09,1511.7612000000001,Van
1165,SMALL VAN,D,810.87,8135.2137,30.05,2013,10.032697843057457,810.87,2173.1316,Van
1141,SMALL VAN,D,394.96,3958.9764,32.13,2013,10.023740125582338,394.96,1058.4928,Van
1168,SMALL VAN,D,520.48,4818.36396,28.85,2013,9.257539117737473,520.48,1394.8864,Van
1167,SMALL VAN,D,437.21,3543.76668,25.45,2013,8.105410855195444,437.21,1171.7228,Van
1143,SMALL VAN,D,521.45,5709.93832,34.07,2013,10.950116636302617,521.45,1397.486,Van
1159,SMALL VAN,D,526.72,5922.3712,34.85,2013,11.24386998784933,526.72,1411.6096000000002,Van
1146,SMALL VAN,D,809.29,8746.7629,32.44,2013,10.807946348033461,809.29,2168.8972,Van
1144,SMALL VAN,D,354.43,2800.2516,25.82,2013,7.900718336483932,354.43,949.8724000000001,Van
1162,SMALL VAN,D,561.9,5746.95314,28.89,2013,10.227715145043602,561.9,1505.892,Van
1139,SMALL VAN,D,592.84,6545.18578,33.99,2013,11.040391640240198,592.84,1588.8112,Van
1140,SMALL VAN,D,554.55,6014.10358,33.47,2013,10.845015922820306,554.55,1486.194,Van
1890,LARGE VAN,D,901.92,7522.05516,25.39,2013,8.340046966471528,901.92,2417.1456,Van
1137,SMALL VAN,D,652.04,7475.3843,34.14,2013,11.464609993251948,652.04,1747.4672,Van
1741ENE,MED VAN,D,560.46,4177.84664,23.82,2013,7.454317239410483,560.46,1502.0328000000002,Van
1742ENE,MED VAN,D,697.34,5634.29934,25.17,2013,8.079701924455788,697.34,1868.8712000000003,Van
1918,FLATBACK,D,60.0,,,2013,,,160.8,Truck
1915,FLATBACK,D,102.14,877.0903,24.25,2013,8.587138241629136,102.14,273.7352,Truck
920,SMALL VAN,D,1880.58,24621.29266,36.98,2013,13.0923931233981,1880.58,5039.9544000000005,Van
919,SMALL VAN,D,1523.87,21095.22872,39.1,2013,13.843194445720435,1523.87,4083.9716,Van
918,SMALL VAN,D,1935.24,25533.78844,37.27,2013,13.194119819763957,1935.24,5186.443200000001,Van
308,MINIBUS,D,579.76,5339.79012,26.01,2013,9.210345867255416,579.76,1553.7568,Bus
1295,SMALL VAN,D,249.72,3297.53766,37.3,2013,13.204940172993753,249.72,669.2496,Van
1297,SMALL VAN,D,399.18,5071.03034,35.88,2013,12.703618267448268,399.18,1069.8024,Van
942,SMALL VAN,D,944.23,13127.38638,39.27,2013,13.902742319138346,944.23,2530.5364000000004,Van
987,SMALL VAN,D,926.76,10338.40016,31.51,2013,11.155423367430618,926.76,2483.7168,Van
993,SMALL VAN,D,989.34,12105.45548,34.56,2013,12.235890068126226,989.34,2651.4312000000004,Van
988,SMALL VAN,D,859.18,10183.90352,33.48,2013,11.85305002444191,859.18,2302.6024,Van
989,SMALL VAN,D,1293.18,14397.155639999999,31.44,2013,11.133141279636245,1293.18,3465.7224000000006,Van
718,SMALL VAN,D,1002.31,17974.71846,50.65,2013,17.9332925541998,1002.31,2686.1908,Van
717,SMALL VAN,D,611.25,10288.51062,47.54,2013,16.831919214723925,611.25,1638.15,Van
719,SMALL VAN,D,586.41,10233.79306,49.29,2013,17.451600518408622,586.41,1571.5788,Van
1719,MED VAN,D,1620.46,13281.88302,23.15,2013,8.196365859077051,1620.46,4342.8328,Van
1717,MED VAN,D,2641.96,23761.9051,25.4,2013,8.994044232312374,2641.96,7080.452800000001,Van
1469,MED VAN,D,2451.45,30204.09312,34.8,2013,12.32090930673683,2451.45,6569.8859999999995,Van
741,SMALL VAN,D,275.06,4258.31364,43.73,2013,15.481399112920819,275.06,737.1608,Van
YF60FUH,SMALL VAN,D,816.79,11361.9404,39.29,2013,13.910479315368699,816.79,2188.9972000000002,Van
1303ENE,MED VAN,D,823.8,9136.22318,31.32,2013,11.090341320708912,823.8,2207.784,Van
1304ENE,MED VAN,D,1578.42,14271.62712,25.54,2013,9.041717109514577,1578.42,4230.1656,Van
1305ENE,MED VAN,D,1216.35,9187.72206,21.33,2013,7.553518362313479,1216.35,3259.8179999999998,Van
1307ENE,MED VAN,D,984.74,23216.33884,66.59,2013,23.57611028291732,984.74,2639.1032,Van
1306ENE,MED VAN,D,1207.98,11242.84924,26.29,2013,9.307148495836023,1207.98,3237.3864000000003,Van
1308ENE,MED VAN,D,1104.44,12165.00106,31.11,2013,11.014632809387562,1104.44,2959.8992000000003,Van
1309ENE,MED VAN,D,121.33,1052.50836,24.5,2013,8.674757768070553,121.32999999999998,325.1644,Van
1311ENE,MED VAN,D,1131.18,11073.86854,27.65,2013,9.789660832051485,1131.18,3031.5624000000003,Van
1310ENE,MED VAN,D,1594.1,29579.6692,52.41,2013,18.555717458126843,1594.1,4272.188,Van
1312ENE,MED VAN,D,1806.97,19318.51736,30.2,2013,10.691111285743538,1806.97,4842.6796,Van
1326ENE,MED VAN,D,65.0,,,2013,,,174.20000000000002,Van
1314ENE,MED VAN,D,913.87,10196.77824,31.51,2013,11.157799511965596,913.87,2449.1716,Van
1313ENE,MED VAN,D,577.42,5466.92798,26.74,2013,9.467853520834057,577.42,1547.4856,Van
1319ENE,MED VAN,D,932.4,19336.2201,58.57,2013,20.738116795366793,932.4000000000001,2498.832,Van
1315ENE,MED VAN,D,1038.79,11109.27402,30.21,2013,10.694436815910821,1038.79,2783.9572000000003,Van
1316ENE,MED VAN,D,805.38,8362.13064,29.33,2013,10.382838709677419,805.38,2158.4184,Van
1321ENE,MED VAN,D,529.36,8851.37,47.23,2013,16.720889375850085,529.36,1418.6848000000002,Van
1322ENE,MED VAN,D,1402.08,15174.46686,30.57,2013,10.82282527387881,1402.08,3757.5744,Van
1324ENE,MED VAN,D,588.1,13965.85252,67.07,2013,23.74741118857337,588.1,1576.1080000000002,Van
1325ENE,MED VAN,D,1512.32,16663.10636,31.12,2013,11.018241086542533,1512.32,4053.0176,Van
1317ENE,MED VAN,D,806.24,10396.3364,39.61,2013,12.894840742210755,806.24,2160.7232000000004,Van
1318ENE,MED VAN,D,1570.89,17858.84598,32.11,2013,11.368616504020013,1570.89,4209.9852,Van
1332ENE,MED VAN,D,2002.36,22545.24406,31.8,2013,11.259336013504067,2002.36,5366.3248,Van
1330ENE,MED VAN,D,496.04,4818.36396,27.44,2013,9.713660108055802,496.03999999999996,1329.3872000000001,Van
1327ENE,MED VAN,D,1437.43,16057.99452,31.55,2013,11.17132279137071,1437.43,3852.3124000000003,Van
1328ENE,MED VAN,D,974.71,10013.31348,29.02,2013,10.273120702567944,974.71,2612.2228000000005,Van
1329ENE,MED VAN,D,1556.65,17807.3471,32.31,2013,11.439531750875275,1556.65,4171.822,Van
1302ENE,MED VAN,D,1914.41,16434.58008,24.25,2013,8.584671037029684,1914.41,5130.6188,Van
1301ENE,MED VAN,D,1923.67,18978.94662,27.87,2013,9.866009565050138,1923.6699999999998,5155.435600000001,Van
4410,3 AXLE BIN,D,809.38,747.0,3.26,2013,0.9229286614445625,809.38,2169.1384000000003,Truck
4402,3 AXLE BIN,D,1257.07,1161.0,2.86,2013,0.923576252714646,1257.07,3368.9476,Truck
4401,3 AXLE BIN,D,1314.24,1337.0,3.13,2013,1.017317993669345,1314.24,3522.1632000000004,Truck
4408,3 AXLE BIN,D,661.31,514.0,2.73,2013,0.7772451648999713,661.31,1772.3108,Truck
4405,3 AXLE BIN,D,1051.18,832.0,2.61,2013,0.7914914667326243,1051.18,2817.1624,Truck
4406,3 AXLE BIN,D,1141.33,944.0,2.7,2013,0.8271052193493557,1141.33,3058.7644,Truck
4407,3 AXLE BIN,D,1147.79,1024.0,2.84,2013,0.8921492607532737,1147.79,3076.0772,Truck
4404,3 AXLE BIN,D,1124.37,950.0,2.76,2013,0.8449175982994922,1124.37,3013.3116,Truck
4411,3 AXLE BIN,D,708.87,564.0,2.9,2013,0.7956324855050997,708.87,1899.7716,Truck
4412,3 AXLE BIN,D,138.74,,,2013,,,371.82320000000004,Truck
4414,3 AXLE BIN,D,134.63,,,2013,,,360.8084,Truck
4403,3 AXLE BIN,D,1494.67,1258.0,2.66,2013,0.8416573558042912,1494.67,4005.7156000000004,Truck
4409,3 AXLE BIN,D,279.98,217.0,3.07,2013,0.7750553610972212,279.98,750.3464000000001,Truck
4413,3 AXLE BIN,D,149.59,,,2013,,,400.9012,Truck
1406,MED VAN,D,300.0,3402.14476,32.03,2013,11.340482533333335,300.0,804.0,Van
1405,MED VAN,D,1324.94,14097.8184,30.05,2013,10.640344770329222,1324.94,3550.8392000000003,Van
1404,MED VAN,D,95.09,764.4365,22.71,2013,8.039084025659902,95.09,254.84120000000001,Van
1862,LARGE VAN,D,1078.19,11872.10118,31.1,2013,11.011140133000676,1078.19,2889.5492000000004,Van
928,SMALL VAN,D,444.52,4829.62934,30.69,2013,10.86481899577072,444.52,1191.3136,Van
951,SMALL VAN,D,287.4,4404.76358,48.33,2013,15.32624766875435,287.4,770.232,Van
998,MED VAN,D,896.89,12818.3931,40.37,2013,14.292045958813231,896.89,2403.6652,Van
355,MINIBUS,D,493.17,8814.35518,50.48,2013,17.87285353934749,493.16999999999996,1321.6956,Bus
72,MPV,D,1415.51,19712.805659999998,41.07,2013,13.926292050215116,1415.51,3793.5668,Bus
2211,LARGE VAN,D,1840.57,16669.54372,25.58,2013,9.056729013294795,1840.57,4932.7276,Van
366,MED VAN,D,2273.51,20334.0,25.26,2013,8.943879727821738,2273.51,6093.006800000001,Van
1110,SMALL VAN,D,503.98,7219.49924,40.46,2013,14.324971705226398,503.98,1350.6664,Van
424,WELFARE,D,6704.08,27105.0,11.42,2013,4.043060345341941,6704.079999999999,17966.934400000002,Bus
428,WELFARE,D,6311.62,27565.0,12.34,2013,4.367341506617953,6311.62,16915.1416,Bus
426,WELFARE,D,6132.49,25819.0,11.89,2013,4.2101984675066735,6132.49,16435.0732,Bus
427,WELFARE,D,9201.9,41514.0,12.74,2013,4.51145958986731,9201.9,24661.092,Bus
425,WELFARE,D,8857.08,41024.0,13.08,2013,4.631774806143786,8857.08,23736.974400000003,Bus
85,MPV,D,1263.9,,,2013,,,3387.2520000000004,Bus
81,MPV,D,2289.34,26977.36642,33.28,2013,11.783905588510224,2289.34,6135.431200000001,Bus
1735,MED VAN,D,2109.87,18066.45084,24.19,2013,8.562826543815497,2109.87,5654.4516,Van
84,MPV,D,1235.86,15361.1503,35.11,2013,12.42952300422378,1235.86,3312.1048,Bus
82,MPV,D,2559.33,33321.3847,36.77,2013,13.019573364904097,2559.33,6859.0044,Bus
83,MPV,D,1274.77,14419.6864,31.95,2013,11.311598484432487,1274.77,3416.3836,Bus
1344EHE,LARGE VAN,D,260.0,1882.9278,27.27,2013,7.24203,260.0,696.8000000000001,Van
1341ENE,LARGE VAN,D,650.0,5793.624,27.97,2013,8.913267692307691,650.0,1742.0,Van
1349ENE,LARGE VAN,D,715.0,7716.7853,33.53,2013,10.792706713286712,715.0,1916.2,Van
1347ENE,LARGE VAN,D,65.0,,,2013,,,174.20000000000002,Van
78041,MINIBUS,D,356.9,2557.24126,22.58,2013,7.165147828523396,356.9,956.492,Bus
1291,SMALL VAN,D,627.21,7541.36724,33.96,2013,12.0236718802315,627.21,1680.9228000000003,Van
1413,MED VAN,D,1064.01,11138.24214,29.57,2013,10.468174302873093,1064.01,2851.5468,Van
1412,MED VAN,D,1282.81,15951.77808,35.12,2013,12.435027852916644,1282.81,3437.9308,Van
1290,SMALL VAN,D,449.95,5687.40756,35.7,2013,12.640087920880097,449.95,1205.866,Van
1418,MED VAN,D,777.72,6958.78616,25.27,2013,8.94767546160572,777.7199999999999,2084.2896,Van
1294,SMALL VAN,D,1823.61,24183.55218,37.46,2013,13.261361903038479,1823.61,4887.2748,Van
1411,MED VAN,D,1572.31,15814.98418,28.41,2013,10.058438971958456,1572.31,4213.7908,Van
1410,MED VAN,D,2084.8,20877.96782,28.28,2013,10.014374433998466,2084.8,5587.264000000001,Van
1416,MED VAN,D,909.04,11085.13392,34.44,2013,12.194330194490892,909.04,2436.2272000000003,Van
933,SMALL VAN,D,911.8,12292.13892,38.08,2013,13.481178898881334,911.8,2443.6240000000003,Van
934,SMALL VAN,D,1126.39,15222.74706,38.17,2013,13.514632640559663,1126.39,3018.7252000000003,Van
937,SMALL VAN,D,952.84,11324.92558,34.71,2013,11.885443075437637,952.8400000000001,2553.6112000000003,Van
757,SMALL VAN,D,470.75,8658.2492,51.95,2013,18.392457142857143,470.75,1261.6100000000001,Van
750,SMALL VAN,D,600.78,12113.50218,56.95,2013,20.162958454009786,600.78,1610.0904,Van
752,SMALL VAN,D,281.13,3957.36706,45.22,2013,14.076644470529649,281.13,753.4284,Van
754,SMALL VAN,D,394.86,6533.9204,46.74,2013,16.54743554677607,394.86,1058.2248000000002,Van
755,SMALL VAN,D,303.76,4377.4048,40.7,2013,14.410734790624177,303.76,814.0768,Van
751,SMALL VAN,D,128.52,1231.1451,36.77,2013,9.57940476190476,128.52,344.43360000000007,Van
936,SMALL VAN,D,639.9,8423.28556,37.18,2013,13.163440475074232,639.9,1714.932,Van
1453,MED VAN,D,768.67,9865.2542,36.25,2013,12.834186582018292,768.67,2060.0356,Van
1875,MED VAN,D,3830.52,35511.0,26.18,2013,9.270542902791266,3830.52,10265.7936,Van
2220,LARGE VAN,D,2125.87,16566.54596,22.01,2013,7.792831151481511,2125.87,5697.3316,Van
1876,LARGE VAN,D,2023.03,14614.0,20.4,2013,7.223817738738427,2023.03,5421.7204,Van
368,MINIBUS,D,1204.77,9796.0,24.6,2013,8.131012558413639,1204.77,3228.7836,Bus
79,CAR,D,481.96,12617.2256,84.45,2013,26.178989127728443,481.96,1291.6528,Car
YG60ZBX,SMALL VAN,D,820.8,11378.0338,39.15,2013,13.862126949317739,820.8,2199.744,Van
YG62LGL,LARGE VAN,D,1043.19,8584.21956,24.74,2013,8.228816955684007,1043.19,2795.7492,Van
1333ENE,MED VAN,D,899.85,8136.82304,27.26,2013,9.042421559148748,899.8499999999999,2411.5980000000004,Van
1336ENE,MED VAN,D,835.07,7744.14408,28.4,2013,9.273646616451314,835.0700000000002,2237.9876000000004,Van
1335ENE,MED VAN,D,413.75,2780.93952,25.56,2013,6.721303975830815,413.75,1108.8500000000001,Van
1337ENE,MED VAN,D,1365.03,13994.82064,30.4,2013,10.25239052621554,1365.03,3658.2804,Van
2606,MED TIPPER,D,520.54,5183.0,31.98,2013,9.956967764244823,520.54,1395.0472,Truck
2605,MED TIPPER,D,59.41,2108.2354,100.23,2013,35.48620434270325,59.41,159.2188,Truck
2604,MED TIPPER,D,549.95,4913.31502,31.49,2013,8.934112228384398,549.95,1473.8660000000002,Truck
2600,MED TIPPER,D,580.72,5299.0,25.77,2013,9.124879459980713,580.72,1556.3296000000003,Truck
2607,MED TIPPER,D,212.51,7880.93798,121.19,2013,37.08502178721001,212.51000000000002,569.5268,Truck
2601,MED TIPPER,D,651.05,6884.0,29.86,2013,10.573688656785194,651.05,1744.814,Truck
2603,MED TIPPER,D,280.2,7227.54594,88.72,2013,25.79423961456103,280.2,750.936,Truck
1407,MED VAN,D,1011.12,11310.44152,31.59,2013,11.186052614922067,1011.12,2709.8016000000002,Van
1937,FLATBACK,D,1582.02,11675.7617,20.85,2013,7.380287038090542,1582.02,4239.8136,Truck
1939,FLATBACK,D,438.33,3015.90316,19.43,2013,6.880439759998175,438.33,1174.7244,Truck
1936,FLATBACK,D,1678.27,11514.8277,19.38,2013,6.861129436860576,1678.27,4497.7636,Truck
522,4 X 4,D,1068.69,9422.6857,26.3,2013,8.81704301528039,1068.69,2864.0892000000003,Car
335,MINIBUS,D,793.76,8099.80822,28.82,2013,10.204354238056844,793.76,2127.2768,Bus
358,MINIBUS,D,802.11,9850.77014,37.75,2013,12.281071349316178,802.11,2149.6548000000003,Bus
1880,MED VAN,D,2598.63,25234.4512,27.43,2013,9.710674932560618,2598.63,6964.3284,Van
1879,MED VAN,D,65.0,,,2013,,,174.20000000000002,Van
1725,MED VAN,D,2456.67,20813.59422,23.93,2013,8.472279231642833,2456.67,6583.8756,Van
1721,MED VAN,D,2180.2,17726.8801,22.96,2013,8.13085042656637,2180.2,5842.936,Van
1728,MED VAN,D,2150.82,17564.33676,23.07,2013,8.166344352386531,2150.8199999999997,5764.1976,Van
1734,MED VAN,D,1361.53,12314.669679999999,25.55,2013,9.044728856507017,1361.53,3648.9004,Van
1726,MED VAN,D,1157.56,10496.11548,25.61,2013,9.067448322333185,1157.56,3102.2608,Van
1727,MED VAN,D,1045.05,9705.92954,26.23,2013,9.287526472417587,1045.05,2800.734,Van
YH13PLU,GULLY TANK,D,293.54,233.0,3.56,2013,0.793758942563194,293.54,786.6872000000001,Truck
1282,SMALL VAN,D,1118.24,15074.68778,38.08,2013,13.480726659751037,1118.24,2996.8832,Van
1454,MED VAN,D,1597.61,17771.94162,31.42,2013,11.124080107160072,1597.61,4281.5948,Van
1714,MED VAN,D,1228.91,12560.8987,28.87,2013,10.221170549511355,1228.91,3293.4788000000003,Van
1420,MED VAN,D,984.66,10761.65658,30.87,2013,10.929312229602097,984.66,2638.8888,Van
1421,MED VAN,D,1676.62,21199.83582,35.71,2013,12.644389199699397,1676.62,4493.3416,Van
1715,MED VAN,D,464.05,5692.23558,34.65,2013,12.266427281542937,464.05,1243.654,Van
1293,SMALL VAN,D,1170.62,10652.22146,25.7,2013,9.099640754471991,1170.6199999999997,3137.2616,Van
1417,MED VAN,D,622.45,10743.95384,53.98,2013,17.260750004016387,622.45,1668.1660000000002,Van
747,SMALL VAN,D,439.88,8000.02914,51.37,2013,18.18684445757934,439.87999999999994,1178.8784,Van
756,SMALL VAN,D,376.56,6244.2392,46.84,2013,16.58232207350754,376.56,1009.1808000000001,Van
938,SMALL VAN,D,366.34,4444.99708,34.27,2013,12.133529180542666,366.34,981.7912,Van
991,SMALL VAN,D,687.78,9255.31434,38.01,2013,13.456794818110444,687.78,1843.2504000000001,Van
992,SMALL VAN,D,825.15,10813.15546,37.01,2013,13.104472471671818,825.15,2211.402,Van
990,SMALL VAN,D,558.49,8226.94608,41.61,2013,14.730695410839942,558.49,1496.7532,Van
YH60AOR,MED TIPPER,D,1093.93,8012.90386,20.69,2013,7.324878063495836,1093.93,2931.7324000000003,Truck
103,SMALL VAN,D,856.53,15209.87234,50.15,2013,17.757547709945946,856.53,2295.5004,Van
1114,SMALL VAN,D,1459.45,16735.52666,32.39,2013,11.46700925691185,1459.45,3911.3260000000005,Van
104,SMALL VAN,D,578.15,10322.30676,50.43,2013,17.854028816051198,578.15,1549.442,Van
102,SMALL VAN,D,930.93,16915.77274,51.32,2013,18.170832114122437,930.9300000000001,2494.8924,Van
3801,HGV,D,2359.98,11282.0,13.5,2013,4.780548987703286,2359.98,6324.7464,Truck
5011,18TN D/M,D,4110.29,9319.0,6.4,2013,2.267236618340798,4110.29,11015.5772,Truck
5012,18TN D/M,D,5230.36,11808.0,6.38,2013,2.2575883877973983,5230.36,14017.3648,Truck
5009,18TN D/M,D,2090.14,5267.0,7.12,2013,2.519926894849149,2090.14,5601.5752,Truck
5008,18TN D/M,D,2641.22,6584.0,7.04,2013,2.4927874239934575,2641.2200000000003,7078.469599999999,Truck
5003,18TN D/M,D,3971.0,10846.0,7.71,2013,2.731301939058172,3971.0,10642.28,Truck
5000,18TN D/M,D,5487.3,15558.0,8.01,2013,2.8352741785577606,5487.3,14705.964000000002,Truck
5010,18TN D/M,D,3456.65,8705.0,7.11,2013,2.518334225333777,3456.65,9263.822,Truck
5001,18TN D/M,D,4992.14,13104.0,7.41,2013,2.624926384276082,4992.14,13378.935200000002,Truck
5004,18TN D/M,D,4524.4,11762.0,7.34,2013,2.5996817257536913,4524.4,12125.392,Truck
5006,18TN D/M,D,5628.84,15105.0,7.58,2013,2.683501396380071,5628.84,15085.291200000001,Truck
5002,18TN D/M,D,6306.03,16441.0,7.36,2013,2.607187089182893,6306.03,16900.1604,Truck
5007,18TN D/M,D,6191.09,15846.0,7.23,2013,2.5594846787883876,6191.09,16592.1212,Truck
5005,18TN D/M,D,4826.1,11476.0,6.72,2013,2.377903483143739,4826.1,12933.948000000002,Truck
0479D,WELFARE,D,4155.96,21406.0,14.55,2013,5.150675174929499,4155.96,11137.972800000001,Bus
0478D,WELFARE,D,5844.5,32753.0,15.83,2013,5.604072204636838,5844.5,15663.26,Bus
0480D,WELFARE,D,4438.34,23736.0,15.1,2013,5.347945403011035,4438.34,11894.7512,Bus
0477D,WELFARE,D,5268.57,28821.0,15.45,2013,5.470364823851634,5268.57,14119.7676,Bus
0481D,WELFARE,D,4396.55,24575.0,15.79,2013,5.58961003514119,4396.55,11782.754,Bus
3309,LIBRARY BU,D,3383.58,10321.0,8.62,2013,3.050319484096726,3383.58,9067.9944,Bus
78051,MED VAN,D,112.12,511.77012,25.99,2013,4.564485551195148,112.12000000000002,300.4816,Van
784412,3 AXLE BIN,D,14264.28,17778.0,3.52,2013,1.2463299935222807,14264.280000000002,38228.2704,Truck
4413D,3 AXLE BIN,D,7563.0,9325.0,3.48,2013,1.2329763321433294,7563.0,20268.84,Truck
784417,3 AXLE BIN,D,9689.88,11911.0,3.47,2013,1.2292205889030619,9689.88,25968.878399999998,Truck
4414D,3 AXLE BIN,D,901.06,1050.0,3.29,2013,1.1652942090426832,901.0599999999998,2414.8408,Truck
784415,3 AXLE BIN,D,9759.17,12878.0,3.73,2013,1.3195794314475513,9759.17,26154.5756,Truck
784418,3 AXLE BIN,D,11727.36,14368.0,3.48,2013,1.2251691770355817,11727.36,31429.324800000002,Truck
784419,3 AXLE BIN,D,11636.99,14537.0,3.53,2013,1.2492061950727809,11636.99,31187.1332,Truck
784420,3 AXLE BIN,D,13166.68,16415.0,3.52,2013,1.2467075982707865,13166.68,35286.7024,Truck
784421,3 AXLE BIN,D,7790.46,9467.0,3.43,2013,1.2152042369770206,7790.46,20878.432800000002,Truck
4423D,3 AXLE BIN,D,13647.94,18468.0,3.82,2013,1.3531712478220155,13647.940000000002,36576.4792,Truck
4422D,3 AXLE BIN,D,9310.77,10682.0,3.24,2013,1.1472735337678839,9310.77,24952.863600000004,Truck
784424,3 AXLE BIN,D,14705.84,16268.0,3.12,2013,1.1062271859342956,14705.839999999998,39411.6512,Truck
YJ06ZRR,SMALL VAN,D,439.43,1910.28658,12.28,2013,4.347191998725622,439.43,1177.6724000000002,Van
3418,LARGE TIPP,D,2698.02,10477.0,10.97,2013,3.883218063617023,2698.02,7230.6936000000005,Truck
3412,LARGE TIPP,D,856.99,3616.0,13.16,2013,4.2194191297448045,856.99,2296.7332,Truck
71,CAR,D,791.19,11326.53492,40.43,2013,14.315821635763848,791.19,2120.3892,Car
219,WELFARE,D,2332.38,19860.86494,24.05,2013,8.515278359444,2332.38,6250.778400000001,Bus
220,WELFARE,D,2117.91,17202.23526,22.94,2013,8.122269246568552,2117.91,5675.9988,Bus
221,WELFARE,D,2386.53,20379.07242,24.12,2013,8.539206471320284,2386.53,6395.900400000001,Bus
222,WELFARE,D,2334.76,19885.00504,24.06,2013,8.516937518203155,2334.76,6257.156800000001,Bus
223,WELFARE,D,2195.99,18808.35658,24.19,2013,8.564864402843366,2195.99,5885.2532,Bus
209,WELFARE,D,2263.88,17895.8608,22.33,2013,7.904951145820449,2263.88,6067.1984,Bus
210,WELFARE,D,5214.15,42417.37438,22.98,2013,8.135050656386948,5214.15,13973.922,Bus
211,WELFARE,D,2175.19,18035.87338,23.42,2013,8.291631250603396,2175.19,5829.5092,Bus
213,WELFARE,D,1911.34,15032.844939999999,22.21,2013,7.865081534420877,1911.34,5122.3912,Bus
215,WELFARE,D,243.81,1717.16578,19.89,2013,7.043049013576145,243.81,653.4108,Bus
218,WELFARE,D,2887.19,24544.04434,24.01,2013,8.501014598969933,2887.19,7737.6692,Bus
216,WELFARE,D,2546.21,21058.2139,23.36,2013,8.270415205344413,2546.21,6823.8428,Bus
217,WELFARE,D,4017.63,32949.62716,23.16,2013,8.20125973770606,4017.6299999999997,10767.2484,Bus
328,MINIBUS,D,2861.6,25310.09018,24.98,2013,8.844733778305843,2861.6,7669.088000000001,Bus
204,WELFARE,D,2257.22,17973.10912,22.49,2013,7.962497727292866,2257.22,6049.3496,Bus
207,WELFARE,D,3634.12,33574.05108,26.09,2013,9.23856424113678,3634.1200000000003,9739.4416,Bus
206,WELFARE,D,935.71,19807.75672,59.79,2013,21.168691923779804,935.71,2507.7028,Bus
205,WELFARE,D,1964.3,16123.97746,23.18,2013,8.20851064501349,1964.3000000000002,5264.3240000000005,Bus
208,WELFARE,D,1803.85,14635.33796,22.92,2013,8.113389672090252,1803.8500000000001,4834.318,Bus
320,MINIBUS,D,2542.96,22070.48876,24.51,2013,8.67905462925095,2542.9600000000005,6815.1328,Bus
325,MINIBUS,D,1915.64,15095.6092,22.26,2013,7.8801910588628346,1915.64,5133.9152,Bus
322,MINIBUS,D,2379.54,18776.16978,22.29,2013,7.8906720542625886,2379.54,6377.1672,Bus
323,MINIBUS,D,2045.91,14913.75378,21.22,2013,7.289545375896299,2045.91,5483.0388,Bus
324,MINIBUS,D,2279.54,18037.48272,22.35,2013,7.912773068250612,2279.54,6109.1672,Bus
326,MINIBUS,D,3216.18,29317.34678,26.18,2013,9.115580216281428,3216.18,8619.3624,Bus
327,MINIBUS,D,1948.99,16939.91284,24.55,2013,8.69163661178354,1948.9899999999998,5223.2932,Bus
3102,MED TIPPER,D,4539.02,29267.45724,18.21,2013,6.447968336777541,4539.02,12164.573600000002,Truck
3413,LARGE TIPP,D,1381.5,5903.0,12.07,2013,4.272891784292436,1381.5,3702.42,Truck
3415,LARGE TIPP,D,2141.65,13768.0,18.16,2013,6.428688160997361,2141.65,5739.622,Truck
8516,SML SWEEPE,D,3658.57,7008.6757,5.41,2013,1.9156871947236214,3658.57,9804.967600000002,Truck
3419,LARGE TIPP,D,3003.89,14237.0,14.17,2013,4.739521087656339,3003.89,8050.425200000001,Truck
3414,LARGE TIPP,D,1932.42,7530.0,11.01,2013,3.8966684261185454,1932.42,5178.8856000000005,Truck
3416,LARGE TIPP,D,2454.51,12199.0,14.04,2013,4.97003475235383,2454.51,6578.086800000001,Truck
3417,LARGE TIPP,D,1969.37,11520.0,16.52,2013,5.8495864159604345,1969.37,5277.9116,Truck
3420,LARGE TIPP,D,2700.0,14828.0,15.51,2013,5.491851851851852,2700.0,7236.0,Truck
3103,MED TIPPER,D,1437.82,4820.0,9.47,2013,3.3522972277475622,1437.82,3853.3576000000003,Truck
3421,LARGE TIPP,D,3610.06,18112.0,14.17,2013,5.017091128679302,3610.06,9674.9608,Truck
4438,3 AXLE BIN,D,17676.49,19373.0,3.1,2013,1.0959755019237416,17676.49,47372.993200000004,Truck
4437,3 AXLE BIN,D,20241.46,26428.0,3.69,2013,1.3056370439681724,20241.46,54247.1128,Truck
4453,3 AXLE BIN,D,18067.12,21159.0,3.31,2013,1.1711329752611375,18067.12,48419.8816,Truck
4455,3 AXLE BIN,D,14085.02,17080.0,3.42,2013,1.21263583580286,14085.020000000002,37747.8536,Truck
4439,3 AXLE BIN,D,17729.88,21878.0,3.49,2013,1.2339621023943759,17729.88,47516.078400000006,Truck
4440,3 AXLE BIN,D,20602.82,21614.0,2.96,2013,1.049079689091105,20602.82,55215.5576,Truck
4441,3 AXLE BIN,D,17320.75,18579.0,3.03,2013,1.0726440829640749,17320.75,46419.61,Truck
4443,3 AXLE BIN,D,15473.25,17646.0,3.22,2013,1.1404197566768455,15473.25,41468.310000000005,Truck
4442,3 AXLE BIN,D,21057.97,22803.0,3.06,2013,1.082867911769273,21057.97,56435.3596,Truck
4445,3 AXLE BIN,D,16031.56,18053.0,3.18,2013,1.126091284940455,16031.56,42964.5808,Truck
4444,3 AXLE BIN,D,18940.28,20929.0,3.12,2013,1.1049995037032188,18940.28,50759.9504,Truck
233,WELFARE,D,5207.86,42023.08608,22.79,2013,8.069165853152736,5207.859999999999,13957.0648,Bus
234,WELFARE,D,2350.46,19521.2942,23.46,2013,8.305307982267301,2350.46,6299.232800000001,Bus
232,WELFARE,D,2259.42,18536.37812,23.17,2013,8.20404268352055,2259.42,6055.2456,Bus
235,WELFARE,D,3198.21,27139.90976,23.97,2013,8.485968638707277,3198.2099999999996,8571.202800000001,Bus
363,MINIBUS,D,1574.15,12219.71862,21.93,2013,7.762740920496776,1574.15,4218.722000000001,Bus
359,WELFARE,D,1629.93,11812.5556,20.47,2013,7.247277858558342,1629.93,4368.2124,Bus
361,MINIBUS,D,2396.43,20715.42448,24.42,2013,8.6442852409626,2396.43,6422.4324,Bus
YJ08RWO,GULLY TANK,D,5551.36,11970.0,6.09,2013,2.156228383675352,5551.359999999999,14877.6448,Truck
244,WELFARE,D,3616.39,24700.15032,19.29,2013,6.830057134324561,3616.39,9691.9252,Bus
248,WELFARE,D,3569.71,24700.15032,19.54,2013,6.919371691257833,3569.71,9566.8228,Bus
3904,HGV,D,3589.22,12288.92024,9.67,2013,3.4238414585898886,3589.22,9619.1096,Truck
242,WELFARE,D,4787.96,32400.84222,19.11,2013,6.767149729738761,4787.96,12831.732800000002,Bus
243,WELFARE,D,5178.54,37516.93408,20.46,2013,7.244693307380072,5178.54,13878.487200000001,Bus
245,WELFARE,D,4817.95,35922.07814,21.06,2013,7.45588437821065,4817.95,12912.106,Bus
249,WELFARE,D,4724.14,35152.81362,21.02,2013,7.4411032738233835,4724.14,12660.695200000002,Bus
247,WELFARE,D,4627.85,34468.84412,21.04,2013,7.448133392396037,4627.85,12402.638,Bus
246,WELFARE,D,4706.8,34106.74262,20.47,2013,7.2462697841420916,4706.8,12614.224000000002,Bus
250,WELFARE,D,3570.69,22970.10982,18.17,2013,6.432961085952575,3570.69,9569.449200000001,Bus
3426,LARGE TIPP,D,5922.55,26889.0,12.82,2013,4.540105191176098,5922.55,15872.434000000001,Truck
3427,LARGE TIPP,D,5147.72,25383.0,13.93,2013,4.930920873707194,5147.72,13795.889600000002,Truck
3428,LARGE TIPP,D,6322.0,33352.0,14.9,2013,5.275545713381841,6322.0,16942.960000000003,Truck
3310,LIBRARY BU,D,3370.72,11923.0,10.17,2013,3.5372264679356342,3370.72,9033.5296,Bus
YJ09EHP,GULLY TANK,D,9189.82,14864.0,4.57,2013,1.617441908546631,9189.82,24628.7176,Truck
YJ09EHE,GULLY TANK,D,9564.23,21306.0,6.29,2013,2.2276754114026955,9564.23,25632.1364,Truck
YJ09EKL,GULLY TANK,D,10524.45,22642.0,6.08,2013,2.151371330568343,10524.45,28205.526000000005,Truck
3109,FLATBACK,D,2678.41,10168.0,10.72,2013,3.796282122602589,2678.41,7178.1388,Truck
3430,LARGE TIPP,D,7327.18,36542.0,14.09,2013,4.987184701344855,7327.180000000001,19636.8424,Truck
2666,MED TIPPER,D,1976.8,9351.87474,13.36,2013,4.730814821934439,1976.8,5297.8240000000005,Truck
3110,MED TIPPER,D,2826.47,19295.9866,19.28,2013,6.8268853375411735,2826.47,7574.9396,Truck
3111,MED TIPPER,D,1200.45,8465.1284,19.92,2013,7.051629305677038,1200.45,3217.206,Truck
3112,MED TIPPER,D,3557.18,25263.41932,20.06,2013,7.1020919155061035,3557.18,9533.242400000001,Truck
WS09/68,TRACTOR,D,3984.26,,0.15,2013,,,10677.8168,Truck
3431,LARGE TIPP,D,2250.82,10366.0,13.01,2013,4.605432686754161,2250.82,6032.1976,Truck
3301,LIBRARY BU,D,2692.65,12034.0,12.62,2013,4.469203201307262,2692.6500000000005,7216.302000000001,Bus
YJ10NUW,HOIST,D,1079.66,6971.0,19.24,2013,6.456662282570439,1079.66,2893.4888000000005,Truck
3302,LIBRARY BU,D,4081.1,16930.0,11.72,2013,4.1483913650731425,4081.0999999999995,10937.348,Bus
Oct-45,TRACTOR,D,928.01,,1.15,2013,,,2487.0668,Truck
WS10/49,TRACTOR,D,5029.92,,0.12,2013,,,13480.1856,Truck
WS10/52,TRACTOR,D,2164.26,,0.2,2013,,,5800.216800000001,Truck
WS10/50,TRACTOR,D,97.77,,,2013,,,262.0236,Truck
WS10/53,TRACTOR,D,2799.81,,0.22,2013,,,7503.4908000000005,Truck
WS10/47,TRACTOR,D,1121.28,,0.42,2013,,,3005.0304,Truck
WS10/56,TRACTOR,D,5469.03,,0.16,2013,,,14657.0004,Truck
78071,MINIBUS,D,598.17,11753.01002,61.8,2013,19.64827727903439,598.17,1603.0955999999999,Bus
269,WELFARE,D,866.7,6361.72102,20.73,2013,7.340165016730126,866.7,2322.7560000000003,Bus
258,WELFARE,D,5547.55,38888.09176,19.8,2013,7.009957866085029,5547.55,14867.434000000001,Bus
268,WELFARE,D,4610.67,31729.74744,19.44,2013,6.881808379259414,4610.67,12356.5956,Bus
265,WELFARE,D,4865.14,30305.48154,17.59,2013,6.22910780368088,4865.14,13038.575200000001,Bus
259,WELFARE,D,3763.59,22780.2077,17.1,2013,6.052786754136343,3763.59,10086.4212,Bus
260,WELFARE,D,4260.56,29840.38228,19.78,2013,7.003863877049026,4260.56,11418.3008,Bus
262,WELFARE,D,4988.7,29293.20668,16.58,2013,5.87191185679636,4988.7,13369.716,Bus
261,WELFARE,D,5167.0,30831.73572,16.85,2013,5.967047749177473,5167.0,13847.560000000001,Bus
257,WELFARE,D,6049.68,36956.88376,17.25,2013,6.108898943415188,6049.68,16213.142400000002,Bus
263,WELFARE,D,3750.07,23145.52788,17.43,2013,6.172025556856272,3750.07,10050.187600000001,Bus
264,WELFARE,D,4795.6,31956.66438,18.82,2013,6.6637468471098495,4795.6,12852.208000000002,Bus
266,WELFARE,D,5267.8,34216.17774,18.35,2013,6.495344876418998,5267.8,14117.704000000002,Bus
267,WELFARE,D,4091.54,25308.48084,17.47,2013,6.185563587304536,4091.54,10965.3272,Bus
13/19,TRACTOR,D,354.51,,0.21,2013,,,950.0868,Truck
13/18,TRACTOR,D,550.96,,0.26,2013,,,1476.5728000000001,Truck
13/17,TRACTOR,D,885.16,,0.26,2013,,,2372.2288,Truck
13/22,TRACTOR,D,1103.82,,0.17,2013,,,2958.2376,Truck
13/23,TRACTOR,D,255.91,,0.15,2013,,,685.8388,Truck
YJ13KTX,SML SWEEPE,D,5367.85,10372.1963,5.47,2013,1.932281323062306,5367.85,14385.838000000002,Truck
1339ENE,MED VAN,D,553.1,3123.72894,20.85,2013,5.647674814680889,553.1,1482.3080000000002,Van
1124,SMALL VAN,D,1218.83,14936.28454,35.95,2013,12.254608550823331,1218.83,3266.4644,Van
1346ENE,MED VAN,D,1429.63,13610.18838,28.17,2013,9.520077488580961,1429.63,3831.4084000000007,Van
1343ENE,LARGE VAN,D,1135.6,11138.24214,29.19,2013,9.80824422331807,1135.6,3043.408,Van
1122,SMALL VAN,D,418.27,3735.27814,28.21,2013,8.930303727257513,418.27,1120.9636,Van
1126,SMALL VAN,D,423.13,4276.01638,31.55,2013,10.105680003781345,423.13,1133.9884,Van
1123,SMALL VAN,D,1109.23,14218.5189,37.62,2013,12.818368507883847,1109.23,2972.7364000000002,Van
0467D,WELFARE,D,604.87,3266.0,15.25,2013,5.399507332154016,604.87,1621.0516,Bus
3704,LARGE TIPP,D,1014.02,2638.0,7.35,2013,2.6015265971085384,1014.02,2717.5736,Truck
0462D,WELFARE,D,761.62,5504.0,20.41,2013,7.226700979491085,761.62,2041.1416000000002,Bus
460,WELFARE,D,972.61,8495.0,24.67,2013,8.7342305754619,972.6100000000001,2606.5948000000003,Bus
0476D,WELFARE,D,1882.04,16960.83426,25.45,2013,9.011941435888717,1882.0399999999997,5043.867200000001,Bus
3903,HGV,D,3979.69,8400.0,5.96,2013,2.110717166412459,3979.6900000000005,10665.5692,Truck
4600,HOOKLOADER,D,9799.77,16298.0,4.7,2013,1.6631002564345898,9799.77,26263.3836,Truck
4601,HOOKLOADER,D,11986.89,20735.0,4.89,2013,1.7298064802463358,11986.89,32124.8652,Truck
0488D,WELFARE,D,3926.29,21055.0,15.15,2013,5.36256873537105,3926.29,10522.4572,Bus
0485D,WELFARE,D,4127.03,20468.0,14.01,2013,4.959498719418081,4127.03,11060.4404,Bus
0487D,WELFARE,D,4555.79,23752.0,14.73,2013,5.213585349632007,4555.79,12209.5172,Bus
0486D,WELFARE,D,6121.44,33426.0,15.42,2013,5.460479887085392,6121.44,16405.4592,Bus
0490D,WELFARE,D,4883.16,22351.0,13.03,2013,4.577159052744534,4883.16,13086.8688,Bus
0489D,WELFARE,D,4135.6,21821.0,15.05,2013,5.2763806944578775,4135.6,11083.408000000001,Bus
0491D,WELFARE,D,4995.66,25687.0,14.52,2013,5.141863137203092,4995.66,13388.3688,Bus
4411D,2 AXLE BIN,D,1141.62,1887.0,5.01,2013,1.6529142797077838,1141.62,3059.5416,Truck
3802,HGV,D,1754.61,5717.0,9.2,2013,3.2582739184206178,1754.61,4702.3548,Truck
4602,HOOKLOADER,D,12993.01,22264.0,4.84,2013,1.7135367401395059,12993.01,34821.266800000005,Truck
4603,HOOKLOADER,D,9597.79,15192.0,4.47,2013,1.5828643885727858,9597.79,25722.077200000003,Truck
4604,HOOKLOADER,D,5413.6,8322.0,4.34,2013,1.5372395448500074,5413.6,14508.448000000002,Truck
4605,HOOKLOADER,D,7815.7,11625.0,4.2,2013,1.4873907647427613,7815.7,20946.076,Truck
4606,HOOKLOADER,D,16612.11,28073.0,4.77,2013,1.689911757145841,16612.11,44520.45480000001,Truck
5323,HGV,D,10105.97,29459.0,8.23,2013,2.9150096428150887,10105.97,27083.9996,Truck
3407,LARGE TIPP,D,3853.74,23386.0,17.14,2013,6.068390706171148,3853.74,10328.0232,Truck
3411,LARGE TIPP,D,3070.7,14310.0,13.16,2013,4.6601752043508,3070.7,8229.476,Truck
3408,LARGE TIPP,D,3764.17,18322.0,13.75,2013,4.867474104517065,3764.17,10087.975600000002,Truck
78084,SMALL VAN,D,641.73,3604.9216,15.87,2013,5.61750518130678,641.73,1719.8364000000001,Van
8526,SML SWEEPE,D,1019.04,19133.44326,53.03,2013,18.775949187470562,1019.0399999999998,2731.0272,Truck
3410,LARGE TIPP,D,4464.14,22966.0,14.53,2013,5.144551918174609,4464.14,11963.8952,Truck
3409,LARGE TIPP,D,5067.65,24644.0,13.74,2013,4.863003561808728,5067.65,13581.302,Truck
0492D,WELFARE,D,6502.26,27181.0,11.81,2013,4.180238870792617,6502.26,17426.056800000002,Bus
0494D,WELFARE,D,5446.19,22820.0,11.83,2013,4.190085178813079,5446.19,14595.7892,Bus
0493D,WELFARE,D,6723.56,29680.0,12.47,2013,4.414328123791562,6723.560000000001,18019.1408,Bus
0498D,WELFARE,D,5324.32,26553.0,14.09,2013,4.987115725576224,5324.32,14269.1776,Bus
0497D,WELFARE,D,1226.25,5537.0,12.75,2013,4.51539245667686,1226.25,3286.3500000000004,Bus
0495D,WELFARE,D,5927.85,29368.0,13.99,2013,4.954241419739028,5927.85,15886.638000000003,Bus
0496D,WELFARE,D,5125.72,26322.0,14.5,2013,5.135278555988232,5125.72,13736.929600000001,Bus
348,MINIBUS,D,2128.93,14566.13634,19.32,2013,6.841998722362877,2128.93,5705.5324,Bus
345,MINIBUS,D,2943.96,23057.01418,22.12,2013,7.831972642291335,2943.96,7889.812800000001,Bus
342,MINIBUS,D,1552.59,11308.83218,20.57,2013,7.283849683432201,1552.59,4160.9412,Bus
338,MINIBUS,D,2343.82,18211.29144,21.95,2013,7.769918952820609,2343.82,6281.437600000001,Bus
353,MINIBUS,D,2941.12,21005.10568,20.17,2013,7.14187305516266,2941.12,7882.2016,Bus
339,MINIBUS,D,2614.36,24246.31644,26.19,2013,9.274283740571304,2614.3600000000006,7006.484800000001,Bus
349,MINIBUS,D,1845.8,12453.07292,19.06,2013,6.746707617293315,1845.8,4946.744000000001,Bus
354,MINIBUS,D,2084.11,15219.52838,20.63,2013,7.302651194034863,2084.11,5585.4148000000005,Bus
340,MINIBUS,D,2568.43,19061.02296,20.96,2013,7.421274070151805,2568.43,6883.3924,Bus
343,MINIBUS,D,2368.44,18158.18322,21.65,2013,7.6667271368495715,2368.44,6347.4192,Bus
238,WELFARE,D,2149.77,14205.64418,18.66,2013,6.607983263325844,2149.77,5761.3836,Bus
331,MINIBUS,D,2274.42,19464.9673,24.17,2013,8.558211456107491,2274.42,6095.445600000001,Bus
352,MINIBUS,D,3251.57,27067.48946,23.51,2013,8.324436951995498,3251.5699999999997,8714.207600000002,Bus
346,MINIBUS,D,3823.57,32716.27286,24.17,2013,8.556472840826766,3823.5700000000006,10247.1676,Bus
347,MINIBUS,D,2495.08,21690.68452,24.55,2013,8.693382384532761,2495.08,6686.8144,Bus
341,MINIBUS,D,3026.3,30571.02264,28.53,2013,10.101781925123086,3026.3,8110.484000000001,Bus
350,MINIBUS,D,2100.36,16804.72828,22.6,2013,8.000879982479193,2100.36,5628.964800000001,Bus
344,MINIBUS,D,2721.16,24172.2868,25.09,2013,8.883081773949346,2721.16,7292.7088,Bus
351,MINIBUS,D,2336.83,18256.35296,22.07,2013,7.812443763560037,2336.83,6262.7044000000005,Bus
230,WELFARE,D,2134.4,18061.62282,23.9,2013,8.462154619565217,2134.4,5720.192000000001,Bus
226,WELFARE,D,2593.19,21561.93732,23.48,2013,8.3148312773071,2593.1900000000005,6949.7492,Bus
228,WELFARE,D,3177.91,31485.12776,27.98,2013,9.90749510212687,3177.91,8516.7988,Bus
229,WELFARE,D,1932.02,18409.24026,26.91,2013,9.528493628430347,1932.02,5177.8136,Bus
333,MINIBUS,D,2573.46,20094.21924,22.05,2013,7.808250075773471,2573.46,6896.8728,Bus
334,MINIBUS,D,1233.75,7691.03586,17.61,2013,6.233868984802432,1233.75,3306.4500000000003,Bus
332,MINIBUS,D,2012.14,14583.83908,20.47,2013,7.247924637450674,2012.14,5392.5352,Bus
225,WELFARE,D,1713.11,14638.55664,24.13,2013,8.545018498520236,1713.11,4591.1348,Bus
YJ57FMM,GULLY TANK,D,9002.77,13092.0,4.19,2013,1.4542190903466377,9002.77,24127.423600000002,Truck
237,WELFARE,D,908.36,6458.28142,21.53,2013,7.109825861993043,908.36,2434.4048000000003,Bus
236,WELFARE,D,2929.09,20834.51564,20.09,2013,7.112965337357337,2929.09,7849.961200000001,Bus
407,WELFARE,D,5657.12,23357.0,11.66,2013,4.128779308199225,5657.12,15161.081600000001,Bus
402,WELFARE,D,5426.67,20671.0,10.76,2013,3.8091499943796103,5426.67,14543.475600000002,Bus
405,WELFARE,D,5575.82,21905.0,11.1,2013,3.92857014752987,5575.82,14943.1976,Bus
401,WELFARE,D,9616.6,41610.0,12.22,2013,4.326893080714598,9616.6,25772.488,Bus
409,WELFARE,D,5794.14,25250.0,12.31,2013,4.3578512082897545,5794.14,15528.295200000002,Bus
406,WELFARE,D,7428.35,26513.0,10.08,2013,3.56916408085241,7428.35,19907.978000000003,Bus
404,WELFARE,D,8202.92,34175.0,11.77,2013,4.166199353400984,8202.92,21983.8256,Bus
403,WELFARE,D,6148.7,22505.0,10.34,2013,3.6601232780913038,6148.7,16478.516,Bus
408,WELFARE,D,4553.13,29553.91976,18.33,2013,6.490901810402954,4553.13,12202.388400000002,Bus
400,WELFARE,D,7013.88,28795.0,11.6,2013,4.105430945496644,7013.88,18797.1984,Bus
8513,SML SWEEPE,D,1028.95,1768.66466,4.85,2013,1.7189024345206276,1028.95,2757.5860000000002,Truck
YJ57UZX,SMALL VAN,D,542.39,3500.3145,20.32,2013,6.453501170744299,542.39,1453.6052,Van
2221,LARGE VAN,D,498.55,2766.45546,15.67,2013,5.549003028783472,498.55,1336.114,Van
4607,HOOKLOADER,D,19741.4,33021.0,4.72,2013,1.672677722957845,19741.4,52906.952000000005,Truck
4608,LARGE VAN,D,17800.86,31139.0,4.94,2013,1.7492975058508409,17800.86,47706.304800000005,Van
4609,HOOKLOADER,D,17452.29,30049.0,4.86,2013,1.7217797778973418,17452.29,46772.137200000005,Truck
YJ58FLR,GULLY TANK,D,13317.12,34687.0,7.36,2013,2.604692305843906,13317.12,35689.88160000001,Truck
8511,SML SWEEPE,D,3707.8,5777.5306,4.4,2013,1.558209881870651,3707.8,9936.904,Truck
8515,SML SWEEPE,D,4793.66,9242.43962,5.45,2013,1.9280548933382842,4793.66,12847.0088,Truck
3104,MED TIPPER,D,3511.25,13503.0,10.86,2013,3.84563901744393,3511.25,9410.150000000001,Truck
2222,LARGE VAN,D,577.63,6398.73584,31.29,2013,11.077568408843032,577.63,1548.0484000000001,Van
2219,MED VAN,D,270.55,1815.33552,22.3,2013,6.70979678432822,270.55,725.0740000000001,Van
2218,MED VAN,D,549.09,3505.14252,18.03,2013,6.383548270775282,549.09,1471.5612,Van
2217,MED VAN,D,589.16,3616.18698,17.34,2013,6.137869135718651,589.16,1578.9488000000001,Van
1877,MED VAN,D,2373.64,33284.36988,39.61,2013,14.022501255455756,2373.64,6361.3552,Van
1878,MED VAN,D,1794.59,13425.11428,21.13,2013,7.480881025749614,1794.59,4809.5012,Van
8522,SML SWEEPE,D,5275.99,8531.11134,4.57,2013,1.616968822912856,5275.99,14139.6532,Truck
2223,LARGE VAN,D,735.85,5661.65812,21.73,2013,7.694038350207244,735.85,1972.0780000000002,Van
2224,LARGE VAN,D,259.84,2566.8973,27.9,2013,9.878761160714287,259.84,696.3711999999999,Van
YJ60MKD,SMALL VAN,D,152.67,2573.33466,47.61,2013,16.85553586166241,152.67,409.1556,Van
2225,LARGE VAN,D,387.6,2043.8618,14.89,2013,5.273121259029927,387.6,1038.768,Van
277,WELFARE,D,4256.82,28176.32472,18.7,2013,6.619101752012066,4256.82,11408.2776,Bus
281,WELFARE,D,4158.73,30260.42002,20.8,2013,7.276360816884002,4158.73,11145.3964,Bus
276,WELFARE,D,4496.26,31283.96026,20.12,2013,6.957773852045922,4496.26,12049.976800000002,Bus
275,WELFARE,D,3433.92,22918.61094,19.2,2013,6.674183131814369,3433.92,9202.9056,Bus
282,WELFARE,D,4560.22,30704.59786,19.22,2013,6.733139598528141,4560.22,12221.389600000002,Bus
280,WELFARE,D,5024.59,34718.29182,19.71,2013,6.909676574606086,5024.59,13465.901200000002,Bus
279,WELFARE,D,3750.6,27342.6866,20.88,2013,7.290216658667947,3750.6,10051.608,Bus
278,WELFARE,D,3243.77,20446.6647,18.11,2013,6.303364511047331,3243.77,8693.303600000001,Bus
283,WELFARE,D,4335.61,31134.29164,20.54,2013,7.181063711911357,4335.61,11619.434799999999,Bus
274,WELFARE,D,4737.62,32011.38194,19.35,2013,6.756848784832891,4737.62,12696.821600000001,Bus
272,WELFARE,D,5571.95,43790.1414,22.2,2013,7.859033444305854,5571.95,14932.826000000001,Bus
273,WELFARE,D,4625.18,31605.82826,19.3,2013,6.833426647179136,4625.18,12395.4824,Bus
270,WELFARE,D,3457.13,25218.3578,20.6,2013,7.294593434438393,3457.13,9265.108400000001,Bus
271,WELFARE,D,3849.05,30868.75054,22.65,2013,8.019836203738585,3849.05,10315.454000000002,Bus
YJ62KVY,GULLY TANK,D,5986.62,23404.63162,11.2,2013,3.9094900995887496,5986.62,16044.1416,Truck
1963,FLATBACK,D,565.24,3040.04326,19.73,2013,5.378322942466917,565.24,1514.8432,Truck
1962,FLATBACK,D,344.34,2447.80614,24.75,2013,7.108689492943022,344.34,922.8312,Truck
78534,MED TIPPER,D,725.96,5726.03172,22.28,2013,7.8875306077469824,725.96,1945.5728000000001,Truck
309,MPV,D,685.94,8666.2959,35.68,2013,12.634189433478145,685.94,1838.3192000000004,Bus
4434D,3 AXLE BIN,D,11048.59,17639.0,4.51,2013,1.5964933081958874,11048.59,29610.221200000004,Truck
784425,3 AXLE BIN,D,11917.36,14512.0,3.44,2013,1.217719360663771,11917.36,31938.524800000003,Truck
784431,3 AXLE BIN,D,14912.91,14901.0,2.82,2013,0.9992013631142413,14912.91,39966.5988,Truck
784428,3 AXLE BIN,D,10963.28,15367.0,3.96,2013,1.401679059551521,10963.28,29381.590400000005,Truck
784427,3 AXLE BIN,D,15969.82,19566.0,3.46,2013,1.2251860071059035,15969.82,42799.117600000005,Truck
4426D,3 AXLE BIN,D,12417.76,15714.0,3.57,2013,1.2654456198219324,12417.76,33279.5968,Truck
4429D,3 AXLE BIN,D,11071.25,14191.0,3.62,2013,1.2817884159421926,11071.25,29670.95,Truck
784433,3 AXLE BIN,D,14594.51,17537.0,3.39,2013,1.2016162241829291,14594.509999999998,39113.2868,Truck
4430D,3 AXLE BIN,D,12294.79,15950.0,3.66,2013,1.2972974731573292,12294.79,32950.037200000006,Truck
4432D,3 AXLE BIN,D,11737.02,14480.0,3.48,2013,1.2337032739145029,11737.020000000002,31455.213600000003,Truck
360,MINIBUS,D,2438.72,19289.54924,22.34,2013,7.909702319249443,2438.72,6535.7696,Bus
1111,SMALL VAN,D,841.84,12248.68674,41.1,2013,14.54989872184738,841.84,2256.1312000000003,Van
YK10WSF,MINIBUS,D,195.05,3477.78374,50.36,2013,17.830216559856446,195.05,522.734,Bus
8517,SML SWEEPE,D,10572.76,19069.06966,5.09,2013,1.8036037572024712,10572.76,28334.9968,Truck
8518,SML SWEEPE,D,2235.43,3514.79856,4.44,2013,1.5723143019463819,2235.43,5990.9524,Truck
YK1HHE,LARGE VAN,D,554.59,4290.50044,21.85,2013,7.736346562325321,554.59,1486.3012,Van
8530,SML SWEEPE,D,8476.96,,1.1,2013,,,22718.2528,Truck
8531,SML SWEEPE,D,7607.69,,1.14,2013,,,20388.6092,Truck
8532,SML SWEEPE,D,8933.31,,1.72,2013,,,23941.2708,Truck
8533,SML SWEEPE,D,8406.72,,1.14,2013,,,22530.0096,Truck
8534,SML SWEEPE,D,7122.91,,1.53,2013,,,19089.3988,Truck
8535,SML SWEEPE,D,7041.31,,1.22,2013,,,18870.7108,Truck
1127,SMALL VAN,D,619.48,7752.19078,38.18,2013,12.514029153483566,619.48,1660.2064000000003,Van
1844,LARGE VAN,D,1484.74,13333.3819,25.36,2013,8.98028065519889,1484.7400000000002,3979.1032000000005,Van
1845,LARGE VAN,D,1835.32,14596.7138,22.46,2013,7.953225486563651,1835.32,4918.6576000000005,Van
78004,SMALL VAN,D,235.84,1812.11684,26.41,2013,7.683670454545454,235.84,632.0512,Van
2106,MED TIPPER,D,826.06,5155.0,17.63,2013,6.2404667941796,826.06,2213.8408,Truck
4500,3 AXLE BIN,D,1916.65,4119.0,6.07,2013,2.149062165757963,1916.6499999999999,5136.622,Truck
1929,MED TIPPER,D,339.08,4826.41066,40.2,2013,14.23384056859738,339.08,908.7344,Truck
0463D,WELFARE,D,137.58,738.0,15.15,2013,5.364151766245094,137.58,368.71440000000007,Bus
0464D,WELFARE,D,121.01,583.0,13.61,2013,4.817783654243451,121.01,324.3068,Bus
0470D,WELFARE,D,422.32,2075.0,13.88,2013,4.913335859064217,422.32,1131.8176,Bus
0466D,WELFARE,D,140.3,754.0,15.18,2013,5.374198146828225,140.3,376.0040000000001,Bus
0469D,WELFARE,D,947.14,4601.0,13.72,2013,4.8577823764174255,947.1399999999999,2538.3352,Bus
0465D,WELFARE,D,88.77,441.0,14.03,2013,4.967894558972626,88.77,237.9036,Bus
0471D,WELFARE,D,179.56,968.0,15.23,2013,5.390955669414123,179.56,481.22080000000005,Bus
0473D,WELFARE,D,330.13,1605.0,13.73,2013,4.861721140156908,330.13,884.7484000000001,Bus
0474D,WELFARE,D,4532.81,25988.0,16.19,2013,5.733308918750179,4532.81,12147.930800000002,Bus
0472D,WELFARE,D,698.7,3428.0,13.86,2013,4.906254472591956,698.7,1872.5160000000003,Bus
0468D,WELFARE,D,1026.36,5176.0,14.24,2013,5.043064811567092,1026.36,2750.6448,Bus
3401,LARGE TIPP,D,1994.86,9609.0,13.6,2013,4.816879380006617,1994.86,5346.2248,Truck
179,SMALL VAN,D,388.67,7372.3865399999995,53.57,2013,18.96824179895541,388.67,1041.6356,Van
4100,FLATBACK,D,1309.37,6955.56748,15.0,2013,5.3121481934059895,1309.37,3509.1115999999997,Truck
732,SMALL VAN,D,777.02,13821.01192,50.24,2013,17.787202285655454,777.02,2082.4136,Van
4448,3 AXLE BIN,D,16168.42,17637.0,3.08,2013,1.0908301491425878,16168.42,43331.365600000005,Truck
4446,3 AXLE BIN,D,19755.88,21997.0,3.14,2013,1.1134406566551325,19755.88,52945.758400000006,Truck
4447,3 AXLE BIN,D,14821.19,16576.0,3.16,2013,1.1183987250686347,14821.190000000002,39720.78920000001,Truck
4451,3 AXLE BIN,D,19654.21,21206.0,3.05,2013,1.0789545853025893,19654.21,52673.2828,Truck
4454,3 AXLE BIN,D,15293.43,16493.0,3.05,2013,1.0784369497228548,15293.430000000002,40986.392400000004,Truck
4452,3 AXLE BIN,D,17888.32,19990.0,3.17,2013,1.1174889536859807,17888.32,47940.6976,Truck
4450,3 AXLE BIN,D,15618.1,16666.0,3.01,2013,1.0670952292532383,15618.099999999999,41856.508,Truck
4449,3 AXLE BIN,D,15407.02,20312.0,3.72,2013,1.318360072226816,15407.02,41290.8136,Truck
8519,SML SWEEPE,D,3164.75,5215.87094,4.65,2013,1.6481146820443953,3164.75,8481.53,Truck
1867,LARGE VAN,D,2142.87,18143.69916,23.91,2013,8.467008805947165,2142.87,5742.8916,Van
983,SMALL VAN,D,764.6,8627.67174,31.87,2013,11.283902354172115,764.6,2049.128,Van
78074,MINIBUS,D,801.9,6720.0,23.67,2013,8.380097268986159,801.8999999999999,2149.092,Bus
1956,MED VAN,D,1980.68,15386.89974,21.94,2013,7.768493517377871,1980.68,5308.222400000001,Van
1957,MED VAN,D,2231.68,18438.20838,23.34,2013,8.262030568898767,2231.68,5980.9024,Van
1958,FLATBACK,D,723.19,6009.27556,23.47,2013,8.309400793705665,723.19,1938.1492000000003,Truck
776,SMALL VAN,D,792.35,13301.1951,47.41,2013,16.7870197513725,792.35,2123.498,Van
791,SMALL VAN,D,400.08,6852.56972,48.38,2013,17.12799870025995,400.0799999999999,1072.2144,Van
1104,SMALL VAN,D,1275.46,14669.1341,32.48,2013,11.501053815878192,1275.46,3418.2328,Van
1108,SMALL VAN,D,898.57,8968.85182,28.19,2013,9.981250008346594,898.57,2408.1676,Van
1103,SMALL VAN,D,920.11,8263.9609,25.37,2013,8.981492321570247,920.11,2465.8948,Van
1106,SMALL VAN,D,1064.85,11392.51786,31.2,2013,10.698706728647227,1064.85,2853.798,Van
1107,SMALL VAN,D,1153.23,11598.51338,28.41,2013,10.057415589257998,1153.23,3090.6564000000003,Van
1105,SMALL VAN,D,1019.45,8423.28556,23.34,2013,8.26257840992692,1019.4500000000002,2732.126,Van
770,SMALL VAN,D,637.56,11104.446,49.19,2013,17.41709956709957,637.56,1708.6607999999999,Van
784,SMALL VAN,D,733.42,13117.73034,50.52,2013,17.885700335414906,733.42,1965.5656,Van
771,SMALL VAN,D,1300.74,25537.00712,55.45,2013,19.632676107446528,1300.74,3485.9832,Van
YK58YZE,MED VAN,D,895.81,7316.05964,23.07,2013,8.166976970562954,895.8100000000001,2400.7708,Van
4475,3 AXLE BIN,D,18053.94,20563.0,3.22,2013,1.1389757582001492,18053.94,48384.559199999996,Truck
4477,3 AXLE BIN,D,15391.93,17054.0,3.13,2013,1.1079832093830988,15391.93,41250.3724,Truck
4478,3 AXLE BIN,D,16610.71,18434.0,3.13,2013,1.109765928127094,16610.71,44516.7028,Truck
4476,3 AXLE BIN,D,17164.96,20643.0,3.4,2013,1.202624416252645,17164.96,46002.0928,Truck
4479,3 AXLE BIN,D,15019.7,16288.0,3.06,2013,1.0844424322722823,15019.7,40252.796,Truck
4474,3 AXLE BIN,D,19060.47,24447.0,3.62,2013,1.2826021603874405,19060.47,51082.05960000001,Truck
4480,3 AXLE BIN,D,15568.54,18238.0,3.31,2013,1.1714650185566533,15568.54,41723.68720000001,Truck
78058,LARGE VAN,D,7286.49,56492.662019999996,21.9,2013,7.7530693132084165,7286.49,19527.7932,Van
YK6JKKF,MED TIPPER,D,3013.07,20417.69658,19.14,2013,6.77637644661425,3013.07,8075.027600000001,Truck
1954,FLATBACK,D,1959.54,13357.522,19.77,2013,6.816662073752004,1959.54,5251.5672,Truck
1953,FLATBACK,D,2100.45,21758.2768,29.26,2013,10.358864433811803,2100.45,5629.206,Truck
1466,MED VAN,D,585.0,4744.33432,25.77,2013,8.109973196581196,585.0,1567.8000000000002,Van
1465,MED VAN,D,520.0,4993.78202,27.12,2013,9.60342696153846,520.0,1393.6000000000001,Van
769,SMALL VAN,D,557.48,9779.95918,49.55,2013,17.543157028054818,557.48,1494.0464000000002,Van
1463,MED VAN,D,1193.08,10895.2318,25.79,2013,9.132021155329065,1193.08,3197.4544,Van
1464,MED VAN,D,1819.95,20033.06432,31.09,2013,11.007480601115416,1819.95,4877.466,Van
1468,MED VAN,D,444.34,3484.2211,25.75,2013,7.8413401899446376,444.34,1190.8312,Van
1467,MED VAN,D,325.0,2600.69344,28.25,2013,8.002133661538462,325.0,871.0,Van
1005,SMALL VAN,D,349.1,4346.82734,39.87,2013,12.45152489258092,349.1,935.5880000000001,Van
1004,SMALL VAN,D,1044.33,14253.92438,38.55,2013,13.64886997405035,1044.33,2798.8044,Van
1003,SMALL VAN,D,535.15,5754.99984,30.37,2013,10.753993908250024,535.15,1434.202,Van
1239,SMALL VAN,D,93.77,885.137,26.66,2013,9.439447584515303,93.77,251.30360000000002,Van
1252,SMALL VAN,D,686.25,8112.68294,35.33,2013,11.821760204007285,686.25,1839.15,Van
1247,SMALL VAN,D,1021.45,13973.89922,38.64,2013,13.680453492584071,1021.4499999999999,2737.4860000000003,Van
1250,SMALL VAN,D,621.58,6883.14718,33.42,2013,11.073630393513303,621.58,1665.8344000000002,Van
1219,SMALL VAN,D,50.18,655.00138,36.87,2013,13.053036667995219,50.18,134.4824,Van
1221,SMALL VAN,D,118.97,1234.36378,29.3,2013,10.37542052618307,118.97,318.8396,Van
1231,SMALL VAN,D,137.23,1161.94348,36.41,2013,8.467124389710705,137.23,367.77639999999997,Van
1246,SMALL VAN,D,82.51,840.07548,28.76,2013,10.181498969821838,82.51,221.12680000000003,Van
1224,SMALL VAN,D,34.13,,,2013,,,91.46840000000002,Van
1217,SMALL VAN,D,38.61,434.5218,31.79,2013,11.254125874125874,38.61,103.4748,Van
1235,SMALL VAN,D,230.8,2328.71498,34.61,2013,10.08975294627383,230.80000000000004,618.5440000000001,Van
1245,SMALL VAN,D,993.52,12108.67416,34.42,2013,12.18765013286094,993.52,2662.6336,Van
1228,SMALL VAN,D,66.3,624.42392,26.6,2013,9.41815867269985,66.3,177.684,Van
1248,SMALL VAN,D,356.93,4634.8992,36.68,2013,12.985457092427087,356.93,956.5724000000001,Van
1253,SMALL VAN,D,492.08,8925.39964,56.99,2013,18.138106893188098,492.08000000000004,1318.7744,Van
1251,SMALL VAN,D,150.11,1796.02344,33.79,2013,11.964715475318098,150.11,402.29480000000007,Van
1216,SMALL VAN,D,89.3,1108.83526,35.07,2013,12.416968197088467,89.3,239.324,Van
1233,SMALL VAN,D,96.46,1226.31708,35.91,2013,12.713218743520631,96.46,258.5128,Van
1254,SMALL VAN,D,864.99,11889.80392,41.07,2013,13.745596966438919,864.99,2318.1732,Van
1220,SMALL VAN,D,220.83,2607.1308,33.35,2013,11.80605352533623,220.83,591.8244000000001,Van
YM11FCA,MED VAN,D,1372.36,14530.73086,29.91,2013,10.588133478096127,1372.36,3677.9248,Van
917,SMALL VAN,D,1269.23,16914.1634,37.64,2013,13.326318634132507,1269.23,3401.5364000000004,Van
YN63XGF,MED VAN,D,1092.34,11131.80478,30.52,2013,10.190787465441165,1092.34,2927.4712,Van
78080,MINIBUS,D,209.7,1678.54162,22.61,2013,8.004490319504054,209.7,561.996,Bus
YOUTH MAS,MASTER,D,831.84,,,2013,,,2229.3312,Van
75,WELFARE,D,1636.46,19271.8465,33.26,2013,11.776546020067707,1636.46,4385.7128,Bus
YP10BKE,MINIBUS,D,143.35,1398.51646,54.18,2013,9.75595716777119,143.35,384.178,Bus
YP10OSA,MINIBUS,D,98.14,1324.48682,116.36,2013,13.495891787242716,98.14,263.0152,Bus
1872,LARGE VAN,D,2252.63,29578.05986,37.09,2013,13.130456337703041,2252.63,6037.048400000001,Van
YP59EOR,SMALL VAN,D,573.11,10051.93764,49.54,2013,17.53928153408595,573.11,1535.9348000000002,Van
86,CAR,D,974.86,11646.79358,33.74,2013,11.947144800279014,974.86,2612.6248,Car
YP60UEG,MEDIUM VAN,D,1615.23,19052.97626,33.32,2013,11.795828618834468,1615.23,4328.816400000001,Van
YP61WRW,CAR,D,1265.79,16416.87734,36.63,2013,12.969669013027437,1265.79,3392.3172,Car
175,SMALL VAN,D,566.71,10941.90266,54.53,2013,19.307763512202005,566.71,1518.7828000000002,Van
YR10HLC,SMALL VAN,D,243.71,4284.06308,49.65,2013,17.578528086660373,243.71,653.1428000000001,Van
YR12LWW,MINIBUS,D,173.31,688.79752,17.72,2013,3.9743668570769137,173.31,464.47080000000005,Bus
907,SMALL VAN,D,391.03,4679.96072,33.8,2013,11.968290719382146,391.03,1047.9604,Van
76,SMALL VAN,D,950.43,15319.30746,45.52,2013,16.118291152425744,950.43,2547.1524,Van
YR60LRK,MED VAN,D,189.89,1874.8811,42.36,2013,9.873511506661753,189.89,508.9052,Van
YR60MZX,MEDIUM VAN,D,2803.53,30762.5341,30.99,2013,10.972785773649647,2803.53,7513.460400000001,Van
YR61TFF,LARGE VAN,D,761.7,5957.77668,22.09,2013,7.821683970066955,761.7,2041.3560000000002,Van
926,SMALL VAN,D,856.08,12913.34416,42.6,2013,15.084272684795813,856.08,2294.2944,Van
924,SMALL VAN,D,570.87,7658.84906,37.89,2013,13.41610009284075,570.87,1529.9316000000001,Van
923,SMALL VAN,D,543.95,6702.9011,34.8,2013,12.322641970769372,543.95,1457.7860000000003,Van
925,SMALL VAN,D,1394.19,19925.23854,40.37,2013,14.291623480300387,1394.19,3736.4292000000005,Van
1870,LARGE VAN,D,1867.5,20948.77878,31.68,2013,11.217552224899599,1867.5,5004.900000000001,Van
1873,LARGE VAN,D,1984.6,19704.75896,28.04,2013,9.928831482414592,1984.6,5318.728,Van
1871,LARGE VAN,D,1934.05,17705.95868,25.86,2013,9.154860877433364,1934.0500000000002,5183.254,Van
YS60NMJ,MED TIPPER,D,2106.22,16017.76102,21.48,2013,7.6049800210804195,2106.22,5644.6696,Truck
174,SMALL VAN,D,557.14,8172.22852,41.43,2013,14.66817769321894,557.14,1493.1352,Van
1864,LARGE VAN,D,3261.88,23951.80722,20.74,2013,7.342945546739916,3261.88,8741.8384,Van
73,MPV,D,564.17,6199.17768,31.04,2013,10.988137759895068,564.17,1511.9756,Bus
78003,4 X 4,D,192.87,996.18146,22.2,2013,5.1650410120806765,192.86999999999998,516.8916,Car
517,4 X 4,D,153.26,1041.24298,28.63,2013,6.793964374265953,153.26,410.7368,Car
901,SMALL VAN,D,487.69,6113.88266,35.41,2013,12.536411777973713,487.69,1307.0092,Van
911,SMALL VAN,D,565.66,7377.21456,36.84,2013,13.041782272036206,565.66,1515.9688,Van
902,SMALL VAN,D,562.62,7016.7224,35.22,2013,12.471512566208098,562.62,1507.8216,Van
908,SMALL VAN,D,693.18,7473.77496,30.45,2013,10.781867566865749,693.18,1857.7223999999999,Van
913,SMALL VAN,D,443.37,5650.39274,35.99,2013,12.744192750975484,443.37,1188.2316,Van
910,SMALL VAN,D,651.65,8683.99864,37.64,2013,13.326169937850073,651.65,1746.422,Van
912,SMALL VAN,D,425.51,5402.55438,35.86,2013,12.696656670818546,425.51,1140.3668,Van
909,SMALL VAN,D,499.66,5915.93384,33.44,2013,11.839918824800863,499.66,1339.0888000000002,Van
904,SMALL VAN,D,625.49,7571.9447,34.19,2013,12.105620713360725,625.49,1676.3132,Van
900,SMALL VAN,D,1146.38,13211.07206,32.55,2013,11.524164814459429,1146.38,3072.2984000000006,Van
914,SMALL VAN,D,835.25,10132.40464,34.26,2013,12.13098430410057,835.25,2238.4700000000003,Van
906,SMALL VAN,D,280.6,3456.86232,34.8,2013,12.319537847469707,280.6,752.0080000000002,Van
1869,LARGE VAN,D,2666.22,21676.20046,23.54,2013,8.129936936936938,2666.22,7145.469599999999,Van
1868,LARGE VAN,D,3761.93,26563.76604,19.94,2013,7.061206891143642,3761.93,10081.9724,Van
4400,4 AXLE BIN,D,3799.47,3075.0,2.36,2013,0.809323405632891,3799.47,10182.579600000001,Truck
960,SMALL VAN,D,1095.49,13373.6154,34.48,2013,12.207884508302222,1095.49,2935.9132000000004,Van
85201,PLANT,G,314.75,,,2013,,,594.8774999999999,Truck
86904,LOADING SH,G,3860.75,1400.1258,1.05,2013,0.36265642686006605,3860.75,7296.817499999999,Truck
86905,LOADING SH,G,3089.86,,0.23,2013,,,5839.8354,Truck
86906,LOADING SH,G,2316.0,,0.21,2013,,,4377.24,Truck
4383,BULK GRITT,G,2632.2,4530.0,4.86,2013,1.7209938454524734,2632.2,4974.857999999999,Truck
HWSMAST,MASTER,G,218.55,,,2013,,,413.0595,Van
HWHMAST,MASTER,G,6229.11,,,2013,,,11773.017899999999,Van
HWSMAST1,MASTER,G,6412.52,,,2013,,,12119.6628,Van
SSE MASTE,MASTER,G,87.6,5262.5418,199.78,2013,,,165.564,Van
4384,BULK GRITT,G,2271.42,5524.0,7.71,2013,2.431958862737847,2271.42,4292.9838,Truck
PM ELEC M,MASTER,G,77.93,,,2013,,,147.2877,Van
4363,BULK GRITT,G,2893.73,9044.0,8.83,2013,3.1253779723747552,2893.73,5469.1497,Truck
PMGASMAST,MASTER,G,553.5,,,2013,,,1046.115,Van
HWPMAST,MASTER,G,7904.85,,,2013,,,14940.1665,Van
RCAGASMAS,MASTER,G,47.6,,,2013,,,89.964,Van
85503,SWEEPER,G,8072.18,14336.0,5.02,2013,1.7759762542460649,8072.18,15256.4202,Truck
85502,SWEEPER,G,5508.34,15329.0,7.86,2013,2.7828710646038552,5508.34,10410.7626,Truck
85501,SWEEPER,G,4676.19,14643.0,8.88,2013,3.1313954308956653,4676.19,8837.999099999999,Truck
85504,SWEEPER,G,9641.0,19839.0,5.81,2013,2.057774089824707,9641.0,18221.489999999998,Truck
85506,SWEEPER,G,3837.42,11314.0,8.33,2013,2.94833507929807,3837.42,7252.7238,Truck
85505,SWEEPER,G,11269.33,22898.0,5.74,2013,2.0318865451628447,11269.33,21299.0337,Truck
85509,SWEEPER,G,8569.83,19478.0,6.48,2013,2.272857221205088,8569.83,16196.9787,Truck
85507,SWEEPER,G,1035.54,2651.0,7.23,2013,2.560016995963459,1035.54,1957.1706,Truck
85510,SWEEPER,G,9866.99,23768.0,6.8,2013,2.4088399805817176,9866.99,18648.6111,Truck
85511,SWEEPER,G,4531.45,18302.0,11.41,2013,4.038883800990853,4531.449999999999,8564.440499999999,Truck
85512,SWEEPER,G,6110.85,16374.0,7.57,2013,2.6794963057512455,6110.85,11549.5065,Truck
4375,BULK GRITT,G,2839.57,8178.0,8.13,2013,2.8800135231742834,2839.57,5366.7873,Truck
4376,BULK GRITT,G,1665.24,3977.0,6.75,2013,2.3882443371526025,1665.24,3147.3035999999997,Truck
4377,BULK GRITT,G,2856.38,8460.0,8.37,2013,2.961790798143104,2856.38,5398.5581999999995,Truck
4378,BULK GRITT,G,3432.24,9161.0,7.54,2013,2.6691023937719973,3432.24,6486.933599999999,Truck
4379,BULK GRITT,G,3383.26,9899.0,8.26,2013,2.92587622588864,3383.26,6394.3614,Truck
4380,BULK GRITT,G,2493.62,7643.0,8.66,2013,3.0650219359806226,2493.62,4712.9418,Truck
4382,BULK GRITT,G,2406.67,6708.0,7.87,2013,2.787253757266264,2406.67,4548.6062999999995,Truck
1875,MED VAN,G,1391.96,35693.0,72.42,2013,25.64225983505273,1391.96,2630.8044,Van
1937,FLATBACK,G,1067.09,11675.7617,30.9,2013,10.941684112867705,1067.09,2016.8000999999997,Truck
1939,FLATBACK,G,275.61,2407.57264,24.67,2013,8.735432821740865,275.61,520.9029,Truck
1936,FLATBACK,G,140.36,,,2013,,,265.2804,Truck
4100,FLATBACK,G,2019.64,7217.8899,10.09,2013,3.573849745499198,2019.6399999999999,3817.1196,Truck
84600,GULLY TANK,D,865.55,1216.0,5.05,2014,1.4048870660273816,865.55,2319.674,Truck
86904,LOADING SH,D,292.87,2721.39394,30.42,2014,9.292156724826715,292.87,784.8916,Truck
AY61ESG,SMALL VAN,D,864.35,14329.56336,47.9,2014,16.578426979811418,864.35,2316.458,Van
AY61ESN,SMALL VAN,D,482.71,24107.9132,153.5,2014,49.94285015848025,482.71,1293.6628,Van
98052,MINIBUS,D,65.0,,,2014,,,174.20000000000002,Bus
BG60KXK,MED TIPPER,D,2712.35,21878.9773,22.78,2014,8.06642848452449,2712.35,7269.098,Truck
BG60KZY,MED TIPPER,D,1575.94,13487.87854,24.17,2014,8.558624401944236,1575.94,4223.519200000001,Truck
BN63NSJ,LUTON,D,2840.43,23898.699,23.76,2014,8.413760944645706,2840.43,7612.3524,Van
3326,LIBRARY BU,D,1852.95,10256.32382,15.63,2014,5.535132529210178,1852.95,4965.906000000001,Bus
CA60OWB,SMALL VAN,D,80.72,653.39204,45.53,2014,8.094549554013875,80.71999999999998,216.3296,Van
CE11JKZ,SMALL VAN,D,1144.31,14913.75378,36.81,2014,13.032966398965316,1144.31,3066.7508000000003,Van
CE11JLO,SMALL VAN,D,1111.53,17030.03588,43.27,2014,15.321256178420736,1111.53,2978.9004,Van
CE11JLU,SMALL VAN,D,310.85,3804.47976,37.56,2014,12.238956924561686,310.85,833.0780000000001,Van
CE11JLX,SMALL VAN,D,1699.58,21043.72984,34.97,2014,12.381723625836973,1699.58,4554.8744,Van
CE11JMV,SMALL VAN,D,1064.72,15473.8041,41.05,2014,14.533214460139755,1064.72,2853.4496000000004,Van
CE11JMX,SMALL VAN,D,950.1,12834.486499999999,38.15,2014,13.508563835385747,950.1,2546.268,Van
CK11KUH,SMALL VAN,D,841.43,13959.41516,46.86,2014,16.590108695910533,841.4300000000001,2255.0324,Van
CK11KUJ,SMALL VAN,D,1214.5,17245.68744,40.11,2014,14.199824981473858,1214.5,3254.86,Van
CK11KUO,SMALL VAN,D,974.57,13021.16994,38.48,2014,13.360938608822352,974.57,2611.8476000000005,Van
CV12CUG,MED TIPPER,D,2201.57,21223.97592,27.23,2014,9.640382054624654,2201.57,5900.207600000001,Truck
CV12CUW,MED TIPPER,D,1403.35,11992.80168,24.14,2014,8.545837944917519,1403.35,3760.978,Truck
DK08KKU,2 AXLE BIN,D,515.45,1132.0,7.48,2014,2.1961392957609855,515.45,1381.4060000000002,Truck
DL12MXT,LARGE VAN,D,1597.67,11728.86992,21.61,2014,7.341234372555032,1597.67,4281.7556,Van
DOC MAST,MASTER,D,1276.47,13022.77928,28.82,2014,10.2021820175954,1276.47,3420.9396,Van
DP10XWA,LARGE VAN,D,373.48,3902.6495,34.21,2014,10.449420317018314,373.48,1000.9264000000001,Van
DX11GMY,2 AXLE BIN,D,8726.41,15098.0,4.92,2014,1.730150199222819,8726.41,23386.7788,Truck
DX12RHY,2 AXLE BIN,D,9318.25,40886.89204,12.39,2014,4.387829478711131,9318.25,24972.91,Truck
DY63UGN,MED VAN,D,1005.1,10983.745499999999,30.87,2014,10.92801263555865,1005.1,2693.668,Van
EO63DXC,CAR,D,328.52,5869.26298,59.73,2014,17.865770668452456,328.52,880.4336,Car
FL60ADO,CAR,D,983.64,13418.67692,38.53,2014,13.64185771217112,983.64,2636.1552,Car
FN62HTP,MED TIPPER,D,2557.48,19155.97402,21.16,2014,7.490175493063485,2557.48,6854.0464,Truck
GN11HGP,SMALL VAN,D,1031.33,16091.79066,44.07,2014,15.602950229315546,1031.33,2763.9644,Van
GN11HGZ,SMALL VAN,D,922.95,12877.93868,39.41,2014,13.953018776748468,922.95,2473.5060000000003,Van
GN11HHA,SMALL VAN,D,1385.69,18259.57164,37.22,2014,13.177241403199847,1385.69,3713.6492000000003,Van
GN11HHC,SMALL VAN,D,733.29,9139.44186,35.2,2014,12.463611749785215,733.29,1965.2172,Van
GN11HNX,SMALL VAN,D,1138.22,16461.93886,40.85,2014,14.462879636625606,1138.22,3050.4296000000004,Van
78043,MINIBUS,D,574.96,3500.3145,17.19,2014,6.087926986225129,574.96,1540.8928,Bus
GN58AFK,MINIBUS,D,463.36,3048.08996,18.58,2014,6.578232821132596,463.36,1241.8048000000001,Bus
GN58OZC,MINIBUS,D,467.19,2975.66966,17.99,2014,6.369292279372418,467.19,1252.0692000000001,Bus
78060,MINIBUS,D,61.06,497.28606,23.0,2014,8.144219783819194,61.06,163.6408,Bus
78070,MINIBUS,D,699.61,5384.85164,21.74,2014,7.696933491516702,699.61,1874.9548000000002,Bus
GX63HLW,MINIBUS,D,281.95,2238.59194,29.14,2014,7.939677034935272,281.95,755.626,Bus
HWSMAST,MASTER,D,8352.67,,,2014,,,22385.155600000002,Van
HWHMAST,MASTER,D,3382.07,,,2014,,,9063.947600000001,Van
HG12KJV,MED TIPPER,D,900.67,7235.59264,22.69,2014,8.033566833579446,900.6700000000001,2413.7956,Truck
HG12KJX,MED TIPPER,D,2839.7,23254.963,23.13,2014,8.189232313272528,2839.7000000000003,7610.396,Truck
HG12KJY,MED TIPPER,D,2276.17,21941.74156,27.23,2014,9.639763971935311,2276.17,6100.1356000000005,Truck
HG12KKE,MED TIPPER,D,2013.08,20332.40156,28.53,2014,10.100145826296023,2013.08,5395.0544,Truck
LIBMAST,MASTER,D,1682.26,,,2014,,,4508.4568,Van
HWSMAST1,MASTER,D,144.99,,,2014,,,388.57320000000004,Van
HX09JDK,HOIST,D,437.03,2544.0,19.01,2014,5.821110678900762,437.03,1171.2404,Truck
3305,LIBRARY BU,D,701.7,2238.0,9.01,2014,3.1893971782813164,701.7,1880.5560000000003,Bus
KM13WUA,LUTON,D,2954.75,22265.2189,21.28,2014,7.535398561638041,2954.75,7918.7300000000005,Van
KM13WUE,LUTON,D,2947.89,22628.92974,21.68,2014,7.676314156905447,2947.89,7900.3452,Van
KM59YVT,LARGE VAN,D,1928.97,14485.66934,21.21,2014,7.509535835186654,1928.97,5169.6396,Van
KM59ZBL,MED VAN,D,2095.92,17134.64298,23.09,2014,8.175237117828924,2095.92,5617.065600000001,Van
KR12LHT,MED TIPPER,D,2207.64,16648.6223,21.3,2014,7.541366481853926,2207.64,5916.4752,Truck
KR12LLT,MED TIPPER,D,3761.77,24571.40312,18.45,2014,6.531872793924136,3761.7700000000004,10081.5436,Truck
KR12LOD,MED TIPPER,D,3081.74,25572.4126,23.44,2014,8.298043507888401,3081.74,8259.0632,Truck
KX63OBK,LARGE VAN,D,909.54,7081.096,23.37,2014,7.785359632341623,909.54,2437.5672,Van
KY10MWZ,MED TIPPER,D,1407.74,12317.88836,24.71,2014,8.750116044155881,1407.74,3772.7432000000003,Truck
KY10NKD,MED TIPPER,D,1964.87,18140.48048,26.08,2014,9.232407477339468,1964.87,5265.8516,Truck
2105,MED TIPPER,D,49.65,297.0,16.9,2014,5.981873111782478,49.65,133.062,Truck
LMAST6,MASTER,D,1753.25,,,2014,,,4698.71,Van
LMAST2,MASTER,D,1363.87,,,2014,,,3655.1716,Van
LMAST5,MASTER,D,192.93,,,2014,,,517.0524,Van
LMAST3,MASTER,D,1114.49,,,2014,,,2986.8332,Van
LMAST1,MASTER,D,740.22,,,2014,,,1983.7896000000003,Van
LB61OMD,CAR,D,172.81,2056.73652,33.62,2014,11.901721659626178,172.81,463.1308,Car
LC10LNA,SMALL VAN,D,1977.72,16753.2294,23.93,2014,8.470981433165463,1977.7200000000003,5300.2896,Van
LC10LND,SMALL VAN,D,1600.27,14862.2549,26.23,2014,9.287342073525092,1600.27,4288.7236,Van
LC10LNF,SMALL VAN,D,1762.29,17924.82892,28.73,2014,10.171327602154015,1762.29,4722.9372,Van
LC10LNG,SMALL VAN,D,1533.88,13811.35588,25.43,2014,9.004195817143453,1533.88,4110.798400000001,Van
LD09BRZ,MED VAN,D,794.93,6797.85216,24.15,2014,8.551510397141888,794.93,2130.4124,Van
LD09BSO,MED VAN,D,709.78,7097.1894,28.24,2014,9.99913973343853,709.78,1902.2104,Van
LD09BSU,MED VAN,D,761.24,7192.14046,26.68,2014,9.447927670642635,761.24,2040.1232000000002,Van
LD09BSV,MED VAN,D,775.84,7713.56662,28.08,2014,9.94221311095071,775.84,2079.2512,Van
LD09CXG,MED VAN,D,761.62,7327.32502,27.17,2014,9.620709829048607,761.62,2041.1416000000002,Van
LD12RCO,CAR,D,97.24,659.8294,37.27,2014,6.785575894693542,97.24,260.6032,Car
LD58YLY,SMALL VAN,D,186.37,2035.8151,30.85,2014,10.923512904437409,186.37,499.4716,Van
LD59ZMX,SMALL VAN,D,1398.31,15256.5432,30.82,2014,10.91070163268517,1398.31,3747.4708,Van
LD59ZMY,SMALL VAN,D,1649.59,19508.41948,33.4,2014,11.82622317060603,1649.59,4420.9012,Van
LD59ZMZ,SMALL VAN,D,1643.9,16288.13014,27.99,2014,9.908224429709835,1643.9000000000003,4405.652000000001,Van
LD60RDU,SMALL VAN,D,1464.53,15444.83598,29.79,2014,10.545933494021973,1464.53,3924.9404,Van
LG10UYU,SMALL VAN,D,1158.29,11633.91886,29.72,2014,10.044046706783275,1158.29,3104.2172,Van
LG59VNP,SMALL VAN,D,994.23,11180.08498,31.76,2014,11.24496844794464,994.23,2664.5364000000004,Van
LG59VNR,SMALL VAN,D,1471.57,11178.47564,21.46,2014,7.596292150560287,1471.57,3943.8076,Van
LO63HVP,SWEEPER,D,3261.24,4647.0,4.1,2014,1.4249181293005115,3261.24,8740.1232,Truck
LO63HVU,SWEEPER,D,2534.17,2798.0,3.29,2014,1.1041090376730842,2534.17,6791.575600000001,Truck
LO63HWN,SWEEPER,D,7644.16,11638.0,4.32,2014,1.5224694407233759,7644.16,20486.3488,Truck
LO63HWP,SWEEPER,D,790.84,587.0,2.24,2014,0.7422487481665064,790.84,2119.4512000000004,Truck
LO63HWR,SWEEPER,D,5278.5,12780.0,6.95,2014,2.421142369991475,5278.5,14146.380000000001,Truck
LO63HWS,SWEEPER,D,16919.45,20383.0,3.42,2014,1.2047081908690884,16919.45,45344.126000000004,Truck
LO63HWV,SWEEPER,D,3685.86,8942.0,6.95,2014,2.426028118268192,3685.8600000000006,9878.104800000001,Truck
LO63HWW,SWEEPER,D,3866.28,6139.0,4.56,2014,1.5878311969127947,3866.28,10361.630400000002,Truck
SSE MASTE,MASTER,D,3898.91,9696.2735,7.32,2014,2.486919036346056,3898.9099999999994,10449.078800000001,Van
LR60GCV,FLATBACK,D,1430.64,12924.60954,25.52,2014,9.034145235698707,1430.64,3834.1152000000006,Truck
3324,LIBRARY BU,D,329.08,2286.87214,19.63,2014,6.94928935213322,329.08,881.9344,Bus
MAILMAST,MASTER,D,754.08,,,2014,,,2020.9344000000003,Van
OUTOFSCHO,MASTER,D,121.43,,,2014,,,325.43240000000003,Van
MOWMAST1,MASTER,D,619.17,,,2014,,,1659.3756,Van
MF11BVY,SMALL VAN,D,708.62,11482.6409,48.8,2014,16.20422920606249,708.6199999999999,1899.1016000000002,Van
MF60HDH,SMALL VAN,D,195.73,2663.4577,38.43,2014,13.607815357890972,195.73,524.5564,Van
MF60HFK,MED VAN,D,141.05,606.72118,15.46,2014,4.301461751152074,141.05,378.01400000000007,Van
MF61YUB,SMALL VAN,D,182.32,2753.58074,42.66,2014,15.10300976305397,182.32,488.61760000000004,Van
MJ11RDZ,MINIBUS,D,287.2,3769.07428,43.81,2014,13.123517688022284,287.2,769.696,Bus
1115,SMALL VAN,D,647.28,11102.83666,48.45,2014,17.153066153751084,647.28,1734.7104,Van
92,CAR,D,189.87,3247.64812,48.31,2014,17.10458798125033,189.86999999999998,508.8516,Car
ML60UWN,SMALL VAN,D,3048.93,53133.96944,49.48,2014,17.42708735195626,3048.9300000000003,8171.1324,Van
WS13/61,TRACTOR,D,189.47,,1.19,2014,,,507.7796,Truck
MV14SOJ,MPV,D,831.24,11437.57938,41.43,2014,13.759659520716038,831.24,2227.7232000000004,Bus
NA12KXS,CAR,D,563.01,7610.56886,38.18,2014,13.517644198149235,563.01,1508.8668,Car
ND11PYP,CAR,D,626.98,8400.7548,37.84,2014,13.398760407030528,626.98,1680.3064000000002,Car
ND12KHL,SMALL VAN,D,128.72,1099.17922,24.12,2014,8.539304070851461,128.72,344.9696,Van
ND60NFK,CAR,D,1864.85,25044.54908,37.93,2014,13.42979278762367,1864.85,4997.798,Car
NJ62XRG,SMALL VAN,D,89.73,1137.80338,53.76,2014,12.680300679817229,89.73,240.4764,Van
NJ63BYW,CAR,D,560.35,5980.30744,32.33,2014,10.672450147229409,560.35,1501.738,Car
NK14OBU,MINIBUS,D,771.56,5563.48838,20.51,2014,7.210700891699933,771.56,2067.7808,Bus
NL13XLX,CAR,D,840.05,11139.85148,37.45,2014,13.260938610796977,840.05,2251.334,Car
NL62EYR,CAR,D,708.18,10491.28746,41.84,2014,14.814436245022453,708.18,1897.9224,Car
NU11DDK,SMALL VAN,D,290.49,4007.2566,43.04,2014,13.79481772178044,290.49,778.5132000000001,Van
NU11RHK,CAR,D,658.74,9292.32916,43.34,2014,14.106216656040319,658.74,1765.4232000000002,Car
NU63YGJ,SMALL VAN,D,215.21,2356.0737599999998,38.19,2014,10.947789414990009,215.21,576.7628000000001,Van
NV60UFS,SMALL VAN,D,553.85,7279.04482,37.12,2014,13.1426285456351,553.85,1484.3180000000002,Van
3303,LIBRARY BU,D,2421.17,5215.0,6.08,2014,2.1539173209646574,2421.17,6488.735600000001,Bus
3304,LIBRARY BU,D,3019.4,11449.0,10.71,2014,3.7918129429688014,3019.4,8091.992000000001,Bus
OW04BKU,LARGE VAN,D,2566.07,21640.79498,23.82,2014,8.43343906440588,2566.07,6877.067600000001,Van
PARKING M,MASTER,D,1406.06,,,2014,,,3768.2408,Van
3501,LARGE TIPP,D,2530.27,11401.0,13.07,2014,4.50584324992985,2530.27,6781.123600000001,Truck
3503,LARGE TIPP,D,1528.38,5126.0,9.77,2014,3.3538779622868655,1528.38,4096.058400000001,Truck
3502,LARGE TIPP,D,2463.13,8412.0,9.95,2014,3.4151668811633975,2463.13,6601.188400000001,Truck
PMCMAST,MASTER,D,7332.49,,,2014,,,19651.0732,Van
5015,18TN D/M,D,4426.82,9973.0,6.52,2014,2.2528587112193406,4426.82,11863.8776,Truck
5019,18TN D/M,D,3455.91,9240.0,7.55,2014,2.673680738213669,3455.91,9261.8388,Truck
5016,18TN D/M,D,3613.42,8977.0,7.02,2014,2.484350006365161,3613.42,9683.965600000001,Truck
5020,18TN D/M,D,4121.69,10560.0,7.24,2014,2.5620558557290822,4121.69,11046.1292,Truck
5017,18TN D/M,D,3948.25,10382.0,7.43,2014,2.6295194073323622,3948.2500000000005,10581.310000000001,Truck
5018,18TN D/M,D,3376.53,9005.0,7.53,2014,2.6669391357399457,3376.5300000000007,9049.100400000001,Truck
5013,18TN D/M,D,3433.31,8858.0,7.29,2014,2.5800175340997464,3433.31,9201.2708,Truck
5014,18TN D/M,D,3096.55,7027.0,6.41,2014,2.2692997045098577,3096.55,8298.754,Truck
3107,MED TIPPER,D,4877.3,28144.0,16.3,2014,5.770405757283743,4877.3,13071.164,Truck
3105,MED VAN,D,1941.11,9162.0,13.33,2014,4.719979805369094,1941.1099999999997,5202.1748,Van
3106,MED TIPPER,D,5116.09,29814.0,16.46,2014,5.827497170690899,5116.09,13711.121200000001,Truck
5025,18TN D/M,D,4277.76,11242.0,7.42,2014,2.62801092160383,4277.76,11464.3968,Truck
WS09/87,TRACTOR,D,443.12,,0.76,2014,,,1187.5616,Truck
PN12LUA,MED VAN,D,171.32,1179.64622,28.12,2014,6.885630515993463,171.32,459.1376,Van
239,WELFARE,D,384.75,3537.32932,25.97,2014,9.193838388564002,384.75,1031.13,Bus
PN62FBL,SMALL VAN,D,1306.82,17799.3004,38.47,2014,13.620315269126582,1306.82,3502.2776,Van
4610,HOOKLOADER,D,15549.2,31836.0,5.78,2014,2.0474365240655468,15549.2,41671.85600000001,Truck
4611,HOOKLOADER,D,18994.92,39859.0,5.99,2014,2.0984031520006403,18994.92,50906.3856,Truck
4613,HOOKLOADER,D,16625.94,35128.0,5.97,2014,2.112842943015553,16625.94,44557.5192,Truck
4614,HOOKLOADER,D,14385.3,34018.0,6.68,2014,2.364775152412532,14385.3,38552.604,Truck
WS 12/54,TRACTOR,D,1203.19,,0.25,2014,,,3224.5492000000004,Truck
WS12/53,TRACTOR,D,696.1,,0.39,2014,,,1865.5480000000002,Truck
3312,LIBRARY,D,343.22,1292.0,12.19,2014,3.764349396888293,343.22,919.8296000000001,Bus
3905,26TN D/M,D,3955.56,7791.0,5.81,2014,1.9696326183903163,3955.56,10600.900800000001,Truck
3803,HGV,D,456.19,737.0,6.82,2014,1.6155549222911507,456.19,1222.5892000000001,Truck
2214,MED VAN,D,325.0,1548.18508,16.82,2014,4.7636464,325.0,871.0,Van
5022,18TN D/M,D,4322.27,12128.0,7.93,2014,2.805932993542745,4322.27,11583.683600000002,Truck
5023,18TN D/M,D,3607.29,8780.0,7.05,2014,2.4339601196466045,3607.29,9667.5372,Truck
5024,18TN D/M,D,4105.45,11012.0,7.58,2014,2.6822881779098515,4105.45,11002.606,Truck
5021,18TN D/M,D,5128.7,13805.0,7.6,2014,2.6917152494784253,5128.7,13744.916000000001,Truck
3108,MED TIPPER,D,2812.53,15752.0,15.82,2014,5.600651370829822,2812.53,7537.580400000001,Truck
PO59ZZM,SMALL VAN,D,133.79,1734.86852,52.78,2014,12.967101577098438,133.79,358.5572,Van
430,WELFARE,D,4142.87,26858.27526,18.31,2014,6.483011839618428,4142.87,11102.8916,Bus
431,WELFARE,D,4667.03,28250.35436,17.1,2014,6.053176079862354,4667.03,12507.6404,Bus
PO64CFD,MED TIPPER,D,592.34,4119.9104,21.86,2014,6.955313502380389,592.34,1587.4712000000002,Truck
PO64CFE,MED TIPP,D,290.01,1417.82854,17.8,2014,4.888895348436261,290.01,777.2268,Truck
4364,BULK GRITT,D,523.64,1519.0,8.19,2014,2.9008479107783973,523.64,1403.3552,Truck
78804,HGV,D,440.84,889.0,7.48,2014,2.0166046638236095,440.84,1181.4512,Truck
85503,SWEEPER,D,2228.9,4655.0,5.9,2014,2.088474135223653,2228.9,5973.452,Truck
85502,SWEEPER,D,2000.3,3709.0,5.24,2014,1.8542218667199921,2000.3,5360.804,Truck
85501,SWEEPER,D,144.49,296.0,5.79,2014,2.0485846771402865,144.49,387.23320000000007,Truck
85504,SWEEPER,D,1855.3,3781.0,5.76,2014,2.0379453457661834,1855.3,4972.204,Truck
85506,SWEEPER,D,247.16,553.0,6.32,2014,2.237417057776339,247.16000000000003,662.3888000000001,Truck
85505,SWEEPER,D,5721.77,10878.0,5.37,2014,1.901159955747959,5721.77,15334.343600000002,Truck
85509,SWEEPER,D,2816.3,6361.0,6.38,2014,2.2586372190462662,2816.3,7547.684000000001,Truck
85510,SWEEPER,D,4216.21,9976.0,6.68,2014,2.366106052592257,4216.21,11299.4428,Truck
85511,SWEEPER,D,3579.89,7972.0,6.29,2014,2.2268840662701925,3579.8900000000003,9594.1052,Truck
85512,SWEEPER,D,2212.77,4764.0,6.08,2014,2.152957605173606,2212.77,5930.2236,Truck
SECMAST,MASTER,D,4145.46,,,2014,,,11109.8328,Van
SJ12RUK,MED TIPPER,D,2336.7,16642.18494,20.52,2014,7.12208881756323,2336.7,6262.356,Truck
SJ12RVL,MED TIPPER,D,2298.28,17123.3776,21.04,2014,7.450518474685416,2298.28,6159.390400000001,Truck
SJ12RYB,MED TIPPER,D,1803.03,13991.60196,21.92,2014,7.760049450092344,1803.03,4832.1204,Truck
SJ12SCZ,MED TIPPER,D,1798.36,13746.98228,21.59,2014,7.6441770724437825,1798.36,4819.6048,Truck
SJ12SGV,MED TIPPER,D,1929.42,16629.31022,24.34,2014,8.618813021529785,1929.42,5170.845600000001,Truck
SJ12SKU,MED TIPPER,D,2254.98,21083.96334,26.41,2014,9.34995580448607,2254.98,6043.3464,Truck
SPORTSMAS,MASTER,D,1053.66,,,2014,,,2823.8088000000002,Van
,MASTER,D,689.53,,,2014,,,1847.9404,Van
TOPMAST,MASTER,D,931.71,,,2014,,,2496.9828,Van
3308,LIBRARY BU,D,1154.51,3263.0,7.98,2014,2.8263072645537934,1154.51,3094.0868,Bus
78626,MINIBUS,D,295.52,2777.72084,26.55,2014,9.399434353004873,295.52,791.9936,Bus
TRANMAST,MASTER,D,8919.43,,,2014,,,23904.0724,Van
4472,3 AXLE BIN,D,13014.86,20701.0,4.49,2014,1.5905664755517923,13014.86,34879.8248,Truck
4473,3 AXLE BIN,D,11997.83,17830.0,4.23,2014,1.4861020701243475,11997.83,32154.184400000002,Truck
4471,3 AXLE BIN,D,13880.62,20895.0,4.25,2014,1.5053362169701352,13880.62,37200.0616,Truck
VK57UMJ,3 AXLE BIN,D,1121.46,1066.0,2.95,2014,0.9505466088848465,1121.46,3005.5128000000004,Truck
VK60WML,MED VAN,D,1125.66,8373.39602,21.01,2014,7.438654673702539,1125.66,3016.7688000000003,Van
4483,3 AXLE BIN,D,14213.07,23531.0,4.68,2014,1.6555888347837588,14213.07,38091.0276,Truck
VN61HFD,MED TIPPER,D,1828.68,14768.91318,22.81,2014,8.07626986678916,1828.6799999999998,4900.862400000001,Truck
4489,3 AXLE BIN,D,16283.4,15630.0,2.71,2014,0.9598732451453628,16283.4,43639.512,Truck
VO10AZA,CAR,D,321.5,5235.18302,45.99,2014,16.283617480559876,321.5,861.62,Car
4493,3 AXLE BIN,D,14557.09,16002.0,3.1,2014,1.099258162173896,14557.090000000002,39013.001200000006,Truck
VO56FXD,3 AXLE BIN,D,626.48,1042.0,4.7,2014,1.663261397011876,626.48,1678.9664000000002,Truck
VU06KKA,2 AXLE BIN,D,2683.53,5323.0,5.69,2014,1.9835813275797176,2683.53,7191.860400000001,Truck
VU11HLC,3 AXLE BIN,D,9718.27,20745.0,6.03,2014,2.134639189896967,9718.27,26044.963600000003,Truck
VU11HLD,2 AXLE BIN,D,14431.35,27399.0,5.36,2014,1.8985749773929674,14431.35,38676.018000000004,Truck
VU60UGV,SMALL VAN,D,506.3,6957.17682,38.81,2014,13.741214339324511,506.3,1356.884,Van
4484,3 AXLE BIN,D,12377.96,12939.0,2.99,2014,1.0453257241096272,12377.96,33172.9328,Truck
4485,3 AXLE BIN,D,14021.57,16792.0,3.38,2014,1.1975834375180525,14021.57,37577.8076,Truck
4488,3 AXLE BIN,D,9667.32,12001.0,3.51,2014,1.241398857180687,9667.32,25908.4176,Truck
4486,3 AXLE BIN,D,16720.06,18545.0,3.13,2014,1.1091467375117074,16720.06,44809.760800000004,Truck
4487,3 AXLE BIN,D,14947.35,14257.0,2.69,2014,0.9538145557573751,14947.35,40058.898,Truck
4490,3 AXLE BIN,D,15706.92,16400.0,2.95,2014,1.0441257738627305,15706.92,42094.545600000005,Truck
4491,3 AXLE BIN,D,16171.75,11232.0,1.96,2014,0.6945444988946774,16171.750000000002,43340.29,Truck
4492,3 AXLE BIN,D,15918.43,19644.0,3.49,2014,1.234041296786178,15918.43,42661.392400000004,Truck
4417,3 AXLE BIN,D,8325.38,9362.0,3.2,2014,1.1245132354318963,8325.38,22312.0184,Truck
4418,3 AXLE BIN,D,9541.06,15115.0,4.5,2014,1.5842055285261807,9541.06,25570.0408,Truck
2345,LARGE TIPP,D,337.03,1753.0,14.69,2014,5.201317390143311,337.03,903.2404,Truck
2347,LARGE TIPP,D,874.57,4131.0,13.34,2014,4.723464102358873,874.57,2343.8476,Truck
2349,LARGE TIPP,D,1591.55,7058.0,12.91,2014,4.434670604128051,1591.55,4265.354,Truck
WNW LOCAL,MASTER,D,20859.28,82361.19318,11.23,2014,3.9484197527431437,20859.28,55902.8704,Van
78638,WELFARE,D,155.38,1235.0,22.45,2014,7.948255888788776,155.38,416.4184,Bus
2651,MED TIPPER,D,1040.06,6537.13908,17.75,2014,6.285348037613215,1040.06,2787.3608,Truck
2652,MED TIPPER,D,2984.09,21534.57854,20.38,2014,7.216464161603704,2984.09,7997.361200000001,Truck
2653,MED TIPPER,D,3159.57,22649.85116,20.25,2014,7.168649898562145,3159.57,8467.6476,Truck
1426,MED VAN,D,629.81,7365.94918,33.03,2014,11.695510042711295,629.81,1687.8908,Van
2654,MED TIPPER,D,4602.62,30426.18204,18.67,2014,6.610622219518448,4602.62,12335.0216,Truck
2655,MED TIPPER,D,1219.43,7718.3946399999995,17.88,2014,6.329510213788408,1219.43,3268.0724000000005,Truck
1452,MED VAN,D,222.61,2346.41772,29.77,2014,10.54048659089888,222.61000000000004,596.5948000000001,Van
1439,MED VAN,D,347.68,4089.33294,33.22,2014,11.761772146801656,347.68,931.7824,Van
1445,MED VAN,D,354.95,3081.8861,24.52,2014,8.682592196083956,354.95,951.2660000000001,Van
1443,MED VAN,D,201.34,2039.03378,28.6,2014,10.127315883580014,201.34,539.5912000000001,Van
1440,MED VAN,D,356.57,3159.13442,25.02,2014,8.859787475110076,356.57,955.6076,Van
1448,MED VAN,D,241.24,2504.13304,29.32,2014,10.380256342231803,241.24,646.5232000000001,Van
1442,MED VAN,D,135.62,1433.92194,29.86,2014,10.57308612299071,135.62,363.46160000000003,Van
1432,MED VAN,D,1197.42,12062.0033,28.45,2014,10.07332706986688,1197.42,3209.0856000000003,Van
1434,MED VAN,D,215.08,1963.3948,25.78,2014,9.128672122001115,215.08,576.4144000000001,Van
1441,MED VAN,D,202.49,2109.84474,29.43,2014,10.419500913625363,202.49,542.6732000000001,Van
1444,MED VAN,D,333.07,3118.90092,26.45,2014,9.36410039931546,333.07,892.6276,Van
1447,MED VAN,D,87.39,815.93538,26.37,2014,9.336713353930655,87.39,234.20520000000002,Van
1430,MED VAN,D,1504.91,16220.53786,30.44,2014,10.778410576047737,1504.91,4033.1588000000006,Van
1437,MED VAN,D,193.49,2344.80838,34.23,2014,12.118499043878236,193.49,518.5532000000001,Van
949,SMALL VAN,D,250.06,2711.7379,30.63,2014,10.8443489562505,250.06000000000003,670.1608,Van
1951,FLATBACK,D,1411.07,6614.3874,13.24,2014,4.687497714500344,1411.07,3781.6676,Truck
946,SMALL VAN,D,575.59,6873.49114,33.73,2014,11.94164446915339,575.59,1542.5812,Van
947,SMALL VAN,D,228.55,3091.54214,38.21,2014,13.526764996718441,228.55,612.5140000000001,Van
948,SMALL VAN,D,1353.5,17017.16116,35.51,2014,12.572708651643886,1353.5,3627.38,Van
945,SMALL VAN,D,525.36,5986.7448,32.19,2014,11.395509365006854,525.36,1407.9648000000002,Van
950,SMALL VAN,D,193.34,2317.4496,33.85,2014,11.986394951898209,193.34,518.1512,Van
1457,MED VAN,D,1593.72,16051.55716,28.45,2014,10.071754862836634,1593.72,4271.1696,Van
1456,MED VAN,D,1540.92,16494.12566,30.23,2014,10.704076564649691,1540.9199999999998,4129.6656,Van
1460,MED VAN,D,1092.0,11255.72396,29.11,2014,10.307439523809522,1092.0,2926.5600000000004,Van
1458,MED VAN,D,1156.35,11946.13082,29.18,2014,10.330895334457562,1156.35,3099.018,Van
1461,MED VAN,D,1141.11,12029.8165,29.78,2014,10.542205834669753,1141.11,3058.1748,Van
1462,MED VAN,D,845.0,7520.44582,25.14,2014,8.899935881656805,844.9999999999999,2264.6,Van
101,SMALL VAN,D,541.64,7629.88094,39.79,2014,14.086627538586516,541.64,1451.5952,Van
105,SMALL VAN,D,587.79,10225.74636,49.14,2014,17.396938294288777,587.79,1575.2772,Van
1170,SMALL VAN,D,1970.86,19815.80342,28.4,2014,10.054394233989223,1970.8600000000001,5281.9048,Van
YA14JYR,HOIST,D,352.31,2035.0,18.91,2014,5.776163038233374,352.31,944.1908000000001,Truck
1519,MED VAN,D,60.11,,,2014,,,161.09480000000002,Van
1401,MED VAN,D,284.58,2240.2012799999998,28.88,2014,7.87195614589922,284.58,762.6744,Van
930,SMALL VAN,D,128.37,1646.35482,36.22,2014,12.825074550128534,128.37,344.0316,Van
1174,SMALL VAN,D,1297.32,19616.24526,44.38,2014,15.12059111090556,1297.32,3476.8176,Van
1425,MED VAN,D,176.08,1548.18508,24.83,2014,8.792509541117672,176.08,471.8944000000001,Van
315,MINIBUS,D,1426.94,14699.71156,29.1,2014,10.30156247634799,1426.94,3824.1992000000005,Bus
2647,MED TIPPER,D,1932.83,8094.9802,12.08,2014,4.188149087089915,1932.83,5179.9844,Truck
974,SMALL VAN,D,212.84,2922.56144,38.78,2014,13.731260289419282,212.84,570.4112,Van
970,SMALL VAN,D,114.19,1441.96864,35.67,2014,12.627801383658815,114.19,306.0292,Van
981,SMALL VAN,D,136.6,1842.6942999999999,38.1,2014,13.489709370424597,136.6,366.088,Van
1431,MED VAN,D,1325.41,16249.50598,34.63,2014,12.259984442549852,1325.41,3552.0988,Van
1436,MED VAN,D,322.83,3162.3531,27.67,2014,9.795722516494749,322.83,865.1844,Van
1428,MED VAN,D,206.43,1971.4415,26.97,2014,9.55016954899966,206.43,553.2324000000001,Van
1429,MED VAN,D,202.93,2055.12718,28.6,2014,10.127271374365543,202.93000000000004,543.8524000000001,Van
1450,MED VAN,D,250.23,2401.13528,27.1,2014,9.595713063981137,250.23000000000002,670.6164,Van
982,SMALL VAN,D,64.03,643.736,28.4,2014,10.053662345775418,64.03,171.6004,Van
1438,MED VAN,D,241.93,2161.34362,25.23,2014,8.933756127805564,241.93,648.3724000000001,Van
1451,MED VAN,D,189.69,1544.9664,23.0,2014,8.14469081132374,189.69,508.36920000000003,Van
1435,MED VAN,D,1542.91,14049.538199999999,25.72,2014,9.105870206298487,1542.91,4134.9988,Van
1449,MED VAN,D,376.54,3386.05136,25.4,2014,8.992540925266903,376.54,1009.1272000000001,Van
241,MINIBUS,D,1924.38,14224.95626,20.88,2014,7.391968457373284,1924.38,5157.338400000001,Bus
240,MINIBUS,D,1385.28,12155.34502,24.78,2014,8.774648460960961,1385.28,3712.5504,Bus
763,SMALL VAN,D,571.59,8062.7934,39.84,2014,14.105903532252137,571.59,1531.8612000000003,Van
767,SMALL VAN,D,1153.32,20200.43568,51.18,2014,17.515031110186246,1153.32,3090.8976000000002,Van
YB08PZN,SMALL VAN,D,872.11,16856.22716,54.59,2014,19.328097556500897,872.1100000000001,2337.2548,Van
357,MINIBUS,D,413.89,4594.0,31.35,2014,11.09956751793955,413.89,1109.2252,Bus
997,MED VAN,D,1080.31,15382.07172,40.22,2014,14.23857200248077,1080.31,2895.2308,Van
1000,MED VAN,D,1340.93,16901.28868,35.6,2014,12.60415434064418,1340.93,3593.6924000000004,Van
1455,MED VAN,D,918.66,8957.58644,27.54,2014,9.750709119804933,918.66,2462.0088,Van
996,SMALL VAN,D,1009.12,13924.00968,38.97,2014,13.798170366259711,1009.12,2704.4416,Van
999,SMALL VAN,D,939.17,13116.121,39.44,2014,13.96565158597485,939.17,2516.9756,Van
995,SMALL VAN,D,1445.13,17963.45308,35.11,2014,12.43033711845993,1445.13,3872.9484000000007,Van
1002,SMALL VAN,D,803.77,8796.65244,30.91,2014,10.944240815158565,803.77,2154.1036,Van
1001,MED VAN,D,744.09,9348.65606,35.49,2014,12.563878106143072,744.09,1994.1612000000002,Van
768,SMALL VAN,D,1451.75,29219.17704,56.85,2014,20.1268655346995,1451.75,3890.69,Van
742,SMALL VAN,D,1114.53,19629.11998,49.74,2014,17.612015809354617,1114.53,2986.9404,Van
745,SMALL VAN,D,1517.69,25585.28732,47.61,2014,16.858045661498725,1517.69,4067.4092000000005,Van
1477,MED VAN,D,757.2,7720.00398,28.8,2014,10.195462202852616,757.1999999999999,2029.2960000000003,Van
1479,MED VAN,D,2589.4,24939.94198,27.2,2014,9.631552475476944,2589.4,6939.592000000001,Van
1154,SMALL VAN,D,1519.58,18249.9156,33.92,2014,12.009841930006976,1519.58,4072.4744,Van
1156,SMALL VAN,D,719.63,7810.12702,30.65,2014,10.852975862596056,719.63,1928.6084,Van
1155,SMALL VAN,D,1284.85,12741.14478,28.01,2014,9.916445328248434,1284.85,3443.398,Van
1157,SMALL VAN,D,1451.37,15773.14134,30.7,2014,10.867760350565328,1451.37,3889.6716,Van
1480,MED VAN,D,1472.67,17620.66366,33.79,2014,11.96511347416597,1472.67,3946.7556000000004,Van
1151,SMALL VAN,D,1395.0,16352.50374,33.11,2014,11.722224903225806,1395.0,3738.6000000000004,Van
1478,MED VAN,D,2004.11,19218.73828,27.09,2014,9.58966238380129,2004.11,5371.0148,Van
1153,SMALL VAN,D,1228.23,14902.4884,34.27,2014,12.13330434853407,1228.23,3291.6564000000003,Van
1152,SMALL VAN,D,1029.59,12126.3769,34.83,2014,11.777869734554532,1029.59,2759.3012,Van
1481,MED VAN,D,1850.39,19471.40466,29.72,2014,10.52286526624117,1850.39,4959.0452000000005,Van
1740ENE,MED VAN,D,2127.02,18818.01262,24.99,2014,8.847125377288414,2127.02,5700.4136,Van
1147,SMALL VAN,D,898.38,10224.13702,32.14,2014,11.380637391749595,898.3799999999999,2407.6584000000003,Van
107,SMALL VAN,D,945.6,15507.60024,46.32,2014,16.399746446700508,945.5999999999999,2534.208,Van
1712,MED VAN,D,675.89,6249.06722,26.11,2014,9.245686753761706,675.89,1811.3852000000002,Van
2196,MED TIPPER,D,2219.35,18290.1491,23.92,2014,8.241218870389979,2219.35,5947.858,Truck
1393,MED VAN,D,1203.36,12305.01364,28.88,2014,10.225546503124585,1203.36,3225.0047999999997,Van
1394,MED VAN,D,530.96,5751.7811599999995,30.6,2014,10.832795615488925,530.96,1422.9728000000002,Van
1397,MED VAN,D,738.38,7576.77272,28.98,2014,10.261346081963216,738.38,1978.8584,Van
1372,MED VAN,D,1369.71,14084.94368,29.04,2014,10.283157515094436,1369.71,3670.8228000000004,Van
1354,MED VAN,D,1044.74,9994.0014,27.02,2014,9.566017765185595,1044.74,2799.9032,Van
1357,MED VAN,D,198.54,1369.54834,19.49,2014,6.898097814042511,198.54,532.0872,Van
1356,MED VAN,D,1062.57,11239.63056,29.88,2014,10.577778932211524,1062.57,2847.6876,Van
1955,MED TIPPER,D,1031.7,9218.29952,25.24,2014,8.935058175826306,1031.7,2764.956,Truck
396,MINIBUS,D,492.11,7126.15752,40.9,2014,14.480822417752128,492.11,1318.8548,Bus
1718,MED VAN,D,2273.33,20536.78774,25.52,2014,9.0337908442681,2273.33,6092.5244,Van
1883,MED VAN,D,2179.82,16793.4629,21.76,2014,7.704059463625436,2179.82,5841.917600000001,Van
1473,MED VAN,D,773.54,7539.7579,27.53,2014,9.747082115986245,773.54,2073.0872,Van
1470,MED VAN,D,1257.18,14673.96212,32.97,2014,11.672125009942887,1257.18,3369.2424000000005,Van
1472,MED VAN,D,1091.38,9038.05344,23.39,2014,8.281307555571845,1091.38,2924.8984000000005,Van
1471,MED VAN,D,1442.51,12943.92162,25.34,2014,8.973193683232697,1442.5100000000002,3865.9268,Van
1474,MED VAN,D,767.45,6810.72688,25.07,2014,8.874489386930744,767.45,2056.766,Van
369,MINIBUS,D,771.86,7167.0,26.23,2014,9.285362630528851,771.8600000000001,2068.5848,Bus
YB60LYK,MED VAN,D,1430.0,14252.31504,28.15,2014,9.966653874125873,1430.0,3832.4,Van
1338ENE,MED VAN,D,2532.48,28036.312139999998,31.27,2014,11.070694394427596,2532.48,6787.0464,Van
YB62XNH,LUTON,D,454.0,3464.90902,21.56,2014,7.631958193832599,454.0,1216.72,Van
284,WELFARE,D,2963.9,21784.02624,21.16,2014,7.349784486656095,2963.9,7943.252,Bus
531,4 X 4,D,1204.31,11489.07826,28.48,2014,9.539967500062277,1204.31,3227.5508,Car
1009,SMALL VAN,D,1778.48,22984.59388,37.53,2014,12.923729184472133,1778.48,4766.3264,Van
1010,SMALL VAN,D,1115.17,14466.35726,38.29,2014,12.972333599361532,1115.17,2988.6556000000005,Van
1011,SMALL VAN,D,882.8,10385.07102,35.18,2014,11.76378683733575,882.7999999999998,2365.904,Van
1012,SMALL VAN,D,747.44,9533.73016,38.46,2014,12.755177887188268,747.44,2003.1392000000003,Van
1013,SMALL VAN,D,769.47,9610.97848,37.93,2014,12.490387513483306,769.47,2062.1796000000004,Van
1014,SMALL VAN,D,583.12,6936.2554,36.67,2014,11.895073741253944,583.12,1562.7616,Van
1015,SMALL VAN,D,1060.1,12935.87492,36.11,2014,12.20250440524479,1060.1,2841.0679999999998,Van
1016,SMALL VAN,D,1382.78,22046.34866,46.74,2014,15.94349691201782,1382.78,3705.8504000000003,Van
1017,SMALL VAN,D,738.66,9490.27798,38.88,2014,12.847965207267215,738.66,1979.6088,Van
1018,SMALL VAN,D,1014.97,12316.27902,35.87,2014,12.13462370316364,1014.97,2720.1196000000004,Van
1019,SMALL VAN,D,1099.45,13800.0905,37.29,2014,12.55181272454409,1099.45,2946.5260000000003,Van
1020,SMALL VAN,D,995.58,13890.21354,41.39,2014,13.951880853371904,995.58,2668.1544000000004,Van
1021,SMALL VAN,D,748.76,8729.060159999999,35.23,2014,11.65802147550617,748.76,2006.6768000000002,Van
1022,SMALL VAN,D,1408.34,16552.0619,34.42,2014,11.752887725975263,1408.34,3774.3512,Van
1023,SMALL VAN,D,1099.75,15214.70036,40.89,2014,13.834690029552172,1099.75,2947.3300000000004,Van
1024,SMALL VAN,D,1029.91,13637.54716,39.2,2014,13.241494072297579,1029.91,2760.1588000000006,Van
1025,SMALL VAN,D,735.85,8667.90524,35.69,2014,11.779445865325814,735.85,1972.0780000000002,Van
1037,SMALL VAN,D,803.75,11241.2399,42.3,2014,13.985990544323485,803.75,2154.05,Van
1038,SMALL VAN,D,935.78,11996.02036,38.1,2014,12.819274145632521,935.78,2507.8904,Van
1039,SMALL VAN,D,1042.05,12937.48426,36.79,2014,12.415416016505926,1042.05,2792.694,Van
1040,SMALL VAN,D,1066.25,14410.03036,39.96,2014,13.514682635404455,1066.25,2857.55,Van
1041,SMALL VAN,D,1898.76,27680.648,42.2,2014,14.57827634877499,1898.76,5088.6768,Van
1194,SMALL VAN,D,995.24,14802.70932,43.72,2014,14.87350721434026,995.24,2667.2432000000003,Van
1195,SMALL VAN,D,708.0,11582.41998,48.73,2014,16.359350254237288,708.0,1897.44,Van
1196,SMALL VAN,D,459.17,7092.36138,47.35,2014,15.446046954287084,459.17,1230.5756000000001,Van
10,CAR,D,5980.83,95206.94506,45.26,2014,15.918684373239167,5980.83,16028.6244,Car
11,CAR,D,6465.86,104624.80274,45.98,2014,16.18111167578636,6465.86,17328.5048,Car
1863,LARGE VAN,D,574.95,3788.38636,18.61,2014,6.589070980085224,574.95,1540.8660000000002,Van
931,SMALL VAN,D,333.32,4486.83992,38.02,2014,13.461058202328095,333.32,893.2976,Van
956,SMALL VAN,D,46.38,587.4091,35.77,2014,12.66513799051315,46.38,124.29840000000002,Van
959,SMALL VAN,D,672.78,10143.67002,42.58,2014,15.077246677963078,672.78,1803.0504,Van
962,SMALL VAN,D,99.47,1269.76926,36.05,2014,12.76534894943199,99.47,266.5796,Van
1947,FLATBACK,D,1430.89,12274.43618,24.23,2014,8.578182935096338,1430.89,3834.7852000000007,Truck
953,SMALL VAN,D,793.43,10005.26678,35.62,2014,12.610144284940072,793.43,2126.3924,Van
1459,MED VAN,D,1098.2,12539.97728,32.25,2014,11.418664432708066,1098.2,2943.1760000000004,Van
356,MINIBUS,D,1217.31,15060.20372,34.94,2014,12.37170788049059,1217.31,3262.3908,Bus
762,SMALL VAN,D,419.93,7071.43996,47.56,2014,16.83956840425785,419.93000000000006,1125.4124000000002,Van
1882,MED VAN,D,2438.31,15237.23112,17.65,2014,6.249095119160402,2438.31,6534.6708,Van
1731,MED VAN,D,1748.03,16750.01072,27.06,2014,9.582221540820237,1748.03,4684.7204,Van
1730,MED VAN,D,1524.56,14305.42326,26.5,2014,9.383312732854069,1524.56,4085.8208,Van
1723,MED VAN,D,1793.62,14231.39362,22.41,2014,7.934453016804007,1793.62,4806.9016,Van
1722,MED VAN,D,1761.75,15534.95902,24.91,2014,8.817913449694906,1761.75,4721.490000000001,Van
1729,MED VAN,D,2198.75,20377.46308,26.18,2014,9.26774898465037,2198.75,5892.650000000001,Van
1732,MED VAN,D,1144.61,9105.64572,22.47,2014,7.95523865770874,1144.61,3067.5548,Van
1733,MED VAN,D,1234.71,9836.28608,22.5,2014,7.966474783552413,1234.71,3309.0228,Van
1737,MED VAN,D,637.66,5481.41204,24.28,2014,8.596135934510555,637.66,1708.9288,Van
1724,MED VAN,D,1486.7,12414.44876,23.58,2014,8.350338844420527,1486.7000000000003,3984.356,Van
1961ENE,MED TIPPER,D,973.83,7835.87646,22.73,2014,8.046452111764888,973.83,2609.8644000000004,Truck
0529ENE,4 X 4,D,804.01,6978.09824,26.67,2014,8.679118717428889,804.01,2154.7468,Car
1355ENE,MED VAN,D,1845.38,23559.12826,36.06,2014,12.766545784608049,1845.38,4945.6184,Van
,MED VAN,D,1391.39,13256.13358,27.65,2014,9.527259488712724,1391.3900000000003,3728.9252000000006,Van
1351ENE,MED VAN,D,762.52,8712.96676,32.27,2014,11.426541939883544,762.52,2043.5536,Van
1352ENE,MED VAN,D,1410.62,15192.1696,30.42,2014,10.769852688888575,1410.62,3780.4616,Van
YC13JZK,SMALL VAN,D,987.01,9120.12978,26.81,2014,9.240159451272023,987.01,2645.1868,Van
8540,SML SWEEPE,D,4976.62,9755.81908,5.54,2014,1.9603303205790275,4976.62,13337.3416,Truck
8541,SML SWEEPE,D,7597.43,13635.93782,5.07,2014,1.7948092736622778,7597.43,20361.1124,Truck
8542,SML SWEEPE,D,8128.08,14550.04294,5.06,2014,1.790095931634531,8128.08,21783.2544,Truck
8543,SML SWEEPE,D,8871.31,18705.35882,5.96,2014,2.108522734522861,8871.31,23775.1108,Truck
8544,SML SWEEPE,D,10321.73,16954.3969,4.64,2014,1.642592559580613,10321.73,27662.2364,Truck
8545,SML SWEEPE,D,7927.41,19238.05036,6.85,2014,2.4267762560533646,7927.409999999999,21245.4588,Truck
8547,SML SWEEPE,D,7686.0,19043.32022,7.0,2014,2.4776633125162637,7685.999999999999,20598.48,Truck
1050,SMALL VAN,D,674.41,9310.0319,42.56,2014,13.80470618763067,674.41,1807.4188,Van
1171,SMALL VAN,D,601.35,7280.65416,36.71,2014,12.1071824395111,601.35,1611.6180000000002,Van
1172,SMALL VAN,D,1070.56,13426.72362,36.89,2014,12.541775911672397,1070.56,2869.1008,Van
293,WELFARE,D,734.25,4493.27728,18.82,2014,6.119546857337419,734.25,1967.7900000000002,Bus
1422,MED VAN,D,508.4,4201.98674,23.34,2014,8.26511947285602,508.4,1362.512,Van
921,SMALL VAN,D,85.66,1152.28744,37.99,2014,13.45187298622461,85.66,229.5688,Van
80,4 X 4,D,876.14,10426.91386,33.61,2014,11.900967722053554,876.14,2348.0552000000002,Car
721,SMALL VAN,D,165.54,2188.7024,46.77,2014,13.221592364383232,165.54,443.6472,Van
2680,MED TIPPER,D,2677.52,18228.0,19.23,2014,6.8077922853984285,2677.52,7175.7536,Truck
1026,SMALL VAN,D,887.8,10990.18286,36.99,2014,12.379120139671098,887.8,2379.304,Van
3433,LARGE TIPP,D,1712.78,10242.0,17.45,2014,5.97975221569612,1712.78,4590.2504,Truck
3434,LARGE TIPP,D,1035.96,3672.0,10.55,2014,3.5445383991659907,1035.96,2776.3728,Truck
3432,LARGE TIPP,D,1856.1,6349.0,10.01,2014,3.420613113517591,1856.1,4974.348,Truck
2602,MED TIPPER,D,685.31,4720.19422,19.45,2014,6.887677430651823,685.31,1836.6308,Truck
3429,LARGE TIPP,D,2321.18,12720.22336,15.48,2014,5.480067620779087,2321.18,6220.7624,Truck
429,WELFARE,D,6049.35,24788.0,11.57,2014,4.097630323919098,6049.35,16212.258000000002,Bus
78,CAR,D,447.54,3635.49906,30.81,2014,8.123294141305806,447.53999999999996,1199.4072,Car
1342ENE,LARGE VAN,D,1757.07,16975.31832,27.29,2014,9.661150847718076,1757.0699999999997,4708.9476,Van
1340ENE,MED VAN,D,1420.42,15164.81082,30.15,2014,10.676286464566818,1420.42,3806.7256,Van
YD13MRV,SMALL VAN,D,665.64,6030.19698,27.12,2014,9.059246709933298,665.6399999999999,1783.9152000000001,Van
YD13MXR,SMALL VAN,D,612.32,5550.61366,26.98,2014,9.064890351450222,612.32,1641.0176000000001,Van
1125,SMALL VAN,D,1156.75,16756.44808,40.91,2014,14.485799074994596,1156.75,3100.09,Van
1894,LARGE VAN,D,585.0,4506.152,24.48,2014,7.702823931623931,585.0,1567.8000000000002,Van
98,MPV,D,1591.76,20403.21252,37.62,2014,12.818020631250944,1591.76,4265.9168,Bus
1044,SMALL VAN,D,648.15,9516.02742,44.39,2014,14.681828928488777,648.15,1737.0420000000001,Van
1045,SMALL VAN,D,487.62,8297.75704,52.63,2014,17.01685131864977,487.61999999999995,1306.8216,Van
1051,SMALL VAN,D,706.9,10639.346739999999,45.27,2014,15.050709775074267,706.9,1894.492,Van
1179,SMALL VAN,D,755.52,8944.71172,36.01,2014,11.839146177467175,755.52,2024.7936,Van
1057,SMALL VAN,D,762.22,11532.53044,46.22,2014,15.130186088006088,762.22,2042.7496,Van
1182,SMALL VAN,D,994.1,13922.40034,41.64,2014,14.005030017100895,994.1,2664.188,Van
1183,SMALL VAN,D,590.25,7069.83062,36.9,2014,11.97768847098687,590.25,1581.8700000000001,Van
1184,SMALL VAN,D,660.15,9649.60264,45.05,2014,14.617287949708398,660.15,1769.202,Van
1215,SMALL VAN,D,526.64,7589.64744,40.7,2014,14.411452681148413,526.64,1411.3952000000002,Van
749,SMALL VAN,D,282.88,4208.4241,42.02,2014,14.877064833144797,282.88,758.1184000000001,Van
790,SMALL VAN,D,886.16,17009.11446,54.21,2014,19.194179899792363,886.16,2374.9088,Van
775,SMALL VAN,D,1398.3,21685.8565,43.8,2014,15.50872952871344,1398.3,3747.444,Van
772,SMALL VAN,D,525.66,9219.90886,49.54,2014,17.539681276870983,525.66,1408.7688,Van
794,SMALL VAN,D,697.08,13383.27144,54.23,2014,19.199046651747288,697.08,1868.1744000000003,Van
789,SMALL VAN,D,1053.82,19699.93094,52.8,2014,18.69382905999127,1053.82,2824.2376,Van
785,SMALL VAN,D,893.11,15855.21768,50.14,2014,17.752816204051012,893.11,2393.5348000000004,Van
777,SMALL VAN,D,1052.68,18055.18546,48.44,2014,17.15163721168826,1052.68,2821.1824,Van
781,SMALL VAN,D,196.15,3855.97864,55.52,2014,19.658315778740757,196.15,525.682,Van
783,SMALL VAN,D,1111.11,20160.20218,51.25,2014,18.14420010620011,1111.11,2977.7747999999997,Van
793,SMALL VAN,D,1013.22,20147.32746,56.16,2014,19.884454965357968,1013.22,2715.4296000000004,Van
786,SMALL VAN,D,459.49,8159.3538,50.15,2014,17.757413219003677,459.49,1231.4332000000002,Van
787,SMALL VAN,D,664.49,12406.40206,52.73,2014,18.670562476485728,664.49,1780.8332,Van
788,SMALL VAN,D,311.82,5616.5966,50.87,2014,18.01230389327176,311.82,835.6776,Van
779,SMALL VAN,D,594.09,10974.08946,52.17,2014,18.472099277887185,594.09,1592.1612000000002,Van
774,SMALL VAN,D,515.18,8627.67174,47.3,2014,16.746907372180598,515.18,1380.6824,Van
782,SMALL VAN,D,661.47,12287.3109,52.47,2014,18.57576443376117,661.47,1772.7396,Van
792,SMALL VAN,D,819.55,15028.01692,51.79,2014,18.336912842413522,819.55,2196.3940000000002,Van
780,SMALL VAN,D,931.4,18653.85994,56.57,2014,20.02776459093837,931.4,2496.152,Van
773,SMALL VAN,D,425.78,5867.6536399999995,38.92,2014,13.78095175912443,425.78,1141.0904,Van
1067,SMALL VAN,D,255.98,3178.4465,36.5,2014,12.41677670130479,255.97999999999996,686.0264,Van
311,MINIBUS,D,50.03,,,2014,,,134.0804,Bus
957,SMALL VAN,D,546.09,9958.59592,51.51,2014,18.236180702814554,546.09,1463.5212000000001,Van
1948,MED TIPPER,D,2358.39,17076.70674,20.45,2014,7.240832406853829,2358.39,6320.4852,Truck
1950,FLATBACK,D,121.9,754.78046,17.49,2014,6.191800328137817,121.9,326.692,Truck
1427,MED VAN,D,364.57,3577.56282,27.72,2014,9.813102614038456,364.57,977.0476,Van
977,SMALL VAN,D,42.64,442.5685,29.32,2014,10.379186210131332,42.64,114.27520000000001,Van
78079,MINIBUS,D,572.74,3818.96382,18.83,2014,6.667883891469078,572.74,1534.9432000000002,Bus
969,SMALL VAN,D,66.99,869.0436,36.64,2014,12.972736229287953,66.99,179.5332,Van
759,SMALL VAN,D,458.96,7953.35828,48.94,2014,17.329088112253793,458.96,1230.0128,Van
952,SMALL VAN,D,1372.52,14884.78566,30.63,2014,10.844858843586978,1372.52,3678.3536000000004,Van
978,SMALL VAN,D,46.03,675.9228,41.47,2014,14.684397132305019,46.03,123.36040000000001,Van
985,SMALL VAN,D,1057.01,12768.50356,34.12,2014,12.079832319467176,1057.01,2832.7868000000003,Van
984,SMALL VAN,D,96.33,1142.6314,33.5,2014,11.861636042769646,96.33,258.1644,Van
963,SMALL VAN,D,914.82,12704.12996,39.22,2014,13.887026912398067,914.82,2451.7176000000004,Van
255,WELFARE,D,5086.3,32423.37298,18.0,2014,6.374648168609795,5086.3,13631.284000000001,Bus
256,WELFARE,D,3464.76,22875.15876,18.65,2014,6.602234717556193,3464.76,9285.5568,Bus
252,WELFARE,D,4156.49,28475.66196,19.35,2014,6.850891487769729,4156.49,11139.3932,Bus
253,WELFARE,D,4420.41,27725.70952,17.72,2014,6.2722031485767165,4420.41,11846.6988,Bus
254,WELFARE,D,3430.06,23757.07708,19.56,2014,6.9261403823839816,3430.06,9192.560800000001,Bus
251,WELFARE,D,3410.92,24595.54322,20.37,2014,7.2108238305207975,3410.92,9141.2656,Bus
YE09YBF,SMALL VAN,D,34.92,590.62778,47.77,2014,16.913739404352807,34.92,93.58560000000001,Van
1736,MED VAN,D,1014.56,8418.45754,24.73,2014,8.297643845607949,1014.5599999999998,2719.0208000000002,Van
1738,MED VAN,D,1328.26,15600.94196,33.17,2014,11.745397708280006,1328.26,3559.7368,Van
4481,3 AXLE BIN,D,17677.66,18111.0,2.89,2014,1.0245134254194277,17677.66,47376.128800000006,Truck
1960ENE,MED TIPPER,D,57.96,,,2014,,,155.33280000000002,Truck
1130,SMALL VAN,D,1476.37,15510.81892,29.67,2014,10.506051274409533,1476.37,3956.6716,Van
1128,SMALL VAN,D,1154.22,14315.0793,35.03,2014,12.40238368768519,1154.22,3093.3096,Van
1131,SMALL VAN,D,710.35,8941.49304,35.55,2014,12.58744708946294,710.35,1903.7380000000003,Van
1129,SMALL VAN,D,793.36,10423.69518,37.11,2014,13.138669935464355,793.36,2126.2048,Van
916,SMALL VAN,D,276.53,3955.75772,40.4,2014,14.304985788160419,276.53,741.1003999999999,Van
915,SMALL VAN,D,244.13,2764.84612,31.99,2014,11.325302584688487,244.13,654.2684,Van
312,MINIBUS,D,127.53,1184.47424,26.23,2014,9.287808672469223,127.52999999999999,341.78040000000004,Bus
57,CAR,D,231.36,3151.08772,38.47,2014,13.619846645919777,231.36,620.0448000000001,Car
939,SMALL VAN,D,295.3,3315.2404,31.71,2014,11.22668608195056,295.3,791.4040000000001,Van
1946,FLATBACK,D,195.23,1345.40824,19.46,2014,6.891401116631665,195.23,523.2164,Truck
2662,MED TIPPER,D,2924.79,21074.3073,20.35,2014,7.205408696008944,2924.79,7838.4372,Truck
2663,MED TIPPER,D,495.5,8412.02018,47.95,2014,16.976831846619575,495.5,1327.94,Truck
337,MINIBUS,D,1293.34,17828.26852,38.93,2014,13.78467264601729,1293.34,3466.1512,Bus
4457,3 AXLE BIN,D,18452.72,23619.0,3.62,2014,1.2799739008666473,18452.72,49453.289600000004,Truck
4460,3 AXLE BIN,D,14681.33,16060.0,3.09,2014,1.093906342272805,14681.33,39345.964400000004,Truck
4458,3 AXLE BIN,D,14936.57,15789.0,2.99,2014,1.0570699966592063,14936.57,40030.007600000004,Truck
4462,3 AXLE BIN,D,15116.6,18050.0,3.37,2014,1.1940515724435388,15116.600000000002,40512.488000000005,Truck
4459,3 AXLE BIN,D,15454.46,16806.0,3.07,2014,1.0874530717993383,15454.46,41417.9528,Truck
4465,3 AXLE BIN,D,16047.44,16435.0,2.89,2014,1.0241508926034308,16047.44,43007.139200000005,Truck
4467,3 AXLE BIN,D,17394.8,19132.0,3.11,2014,1.0998689263458046,17394.8,46618.064,Truck
4464,3 AXLE BIN,D,13698.21,14542.0,3.0,2014,1.0615985592278117,13698.209999999997,36711.2028,Truck
4466,3 AXLE BIN,D,16545.54,19011.0,3.26,2014,1.1490105490663949,16545.54,44342.04720000001,Truck
4468,3 AXLE BIN,D,18329.56,22245.0,3.43,2014,1.2136134200711854,18329.56,49123.22080000001,Truck
4463,3 AXLE BIN,D,13531.46,15781.0,3.29,2014,1.166245179751483,13531.459999999997,36264.3128,Truck
4469,3 AXLE BIN,D,16475.3,16437.0,2.82,2014,0.9976753078851371,16475.3,44153.804000000004,Truck
4470,3 AXLE BIN,D,17439.49,17914.0,2.9,2014,1.0272089378760503,17439.49,46737.83320000001,Truck
94,CAR,D,2373.84,39388.5965,46.86,2014,16.59277647187679,2373.84,6361.891200000001,Car
93,CAR,D,3171.14,52475.74938,46.74,2014,16.547913173180625,3171.14,8498.655200000001,Car
374,MINIBUS,D,578.61,5275.41652,25.75,2014,9.11739603532604,578.61,1550.6748000000002,Bus
1264,SMALL VAN,D,48.63,646.95468,37.58,2014,13.303612584824183,48.63,130.32840000000002,Van
1263,SMALL VAN,D,305.41,3604.9216,33.34,2014,11.803548017419207,305.41,818.4988000000001,Van
1258,SMALL VAN,D,405.02,8519.84596,59.41,2014,21.035617895412575,405.02,1085.4536,Van
1267,SMALL VAN,D,162.86,1905.45856,33.05,2014,11.69997887756355,162.86,436.4648000000001,Van
1257,SMALL VAN,D,352.79,4696.05412,37.6,2014,13.311188298988066,352.79,945.4772000000002,Van
1262,SMALL VAN,D,87.53,717.76564,23.16,2014,8.200224380212498,87.53,234.58040000000003,Van
1266,SMALL VAN,D,390.36,5722.81304,41.41,2014,14.66034696177887,390.36,1046.1648,Van
1274,SMALL VAN,D,387.5,4374.18612,31.88,2014,11.288222245161291,387.5,1038.5,Van
1275,SMALL VAN,D,68.75,370.1482,33.56,2014,5.3839738181818175,68.75,184.25,Van
1942,FLATBACK,D,1408.12,10906.49718,21.88,2014,7.745431625145585,1408.12,3773.7616,Truck
973,SMALL VAN,D,27.71,362.1015,36.91,2014,13.067538794658967,27.71,74.26280000000001,Van
965,SMALL VAN,D,630.62,11167.21026,50.02,2014,17.708303352256507,630.6200000000001,1690.0616000000002,Van
968,SMALL VAN,D,40.27,735.46838,51.58,2014,18.26343133846536,40.27,107.92360000000002,Van
960,SMALL VAN,D,207.86,1495.07686,32.58,2014,7.1927107668623105,207.86,557.0648000000001,Van
980,SMALL VAN,D,540.15,9458.09118,49.46,2014,17.51011974451541,540.15,1447.602,Van
958,SMALL VAN,D,86.77,951.11994,30.96,2014,10.961391494756253,86.77,232.5436,Van
955,SMALL VAN,D,69.77,894.79304,36.22,2014,12.824896660455785,69.77,186.9836,Van
976,SMALL VAN,D,454.88,7251.68604,47.1,2014,15.94197599366866,454.88,1219.0784,Van
986,SMALL VAN,D,474.44,10806.7181,64.33,2014,22.777839347441194,474.44,1271.4992,Van
964,SMALL VAN,D,602.96,10587.84786,49.6,2014,17.559784828180973,602.96,1615.9328000000003,Van
954,SMALL VAN,D,756.45,8906.08756,33.25,2014,11.773531046334853,756.45,2027.2860000000003,Van
961,SMALL VAN,D,115.99,1609.34,39.19,2014,13.874816794551254,115.99,310.8532,Van
67,CAR,D,446.44,8318.67846,56.3,2014,18.63336273631395,446.44,1196.4592,Car
979,SMALL VAN,D,136.37,1411.39118,29.23,2014,10.349718999780011,136.37,365.4716,Van
972,SMALL VAN,D,130.84,1379.20438,29.77,2014,10.541152399877712,130.84,350.6512,Van
78967,SMALL VAN,D,177.04,2132.3755,34.02,2014,12.044597266154543,177.04,474.4672,Van
1952,FLATBACK,D,482.97,3352.25522,19.6,2014,6.940918110855747,482.97,1294.3596000000002,Truck
971,SMALL VAN,D,72.68,933.4172,36.27,2014,12.842834342322508,72.68,194.78240000000002,Van
975,SMALL VAN,D,35.12,410.3817,33.0,2014,11.685128132118452,35.12,94.1216,Van
853,SMALL VAN,D,887.18,10525.0836,33.51,2014,11.863526680042382,887.18,2377.6424,Van
994,SMALL VAN,D,897.86,11505.17166,36.19,2014,12.813992894215133,897.86,2406.2648000000004,Van
765,SMALL VAN,D,740.04,13166.01054,50.25,2014,17.79094446246149,740.04,1983.3072,Van
1884,LARGE VAN,D,2041.12,17795.0,24.62,2014,8.71825272399467,2041.12,5470.2016,Van
744,SMALL VAN,D,751.51,12034.64452,45.23,2014,16.013951271440167,751.51,2014.0468,Van
743,SMALL VAN,D,845.97,15668.534239999999,52.31,2014,18.52138283863494,845.97,2267.1996000000004,Van
1169,SMALL VAN,D,1576.31,18348.08534,32.88,2014,11.639896555880506,1576.31,4224.5108,Van
1160,SMALL VAN,D,1096.26,13281.88302,34.22,2014,12.115632258770729,1096.26,2937.9768000000004,Van
1150,SMALL VAN,D,1349.9,19151.146,40.07,2014,14.187084969256981,1349.9,3617.7320000000004,Van
1739ENE,MED VAN,D,1040.0,8453.86302,24.49,2014,8.128714442307693,1040.0,2787.2000000000003,Van
8546,SML SWEEPE,D,7238.73,13217.50942,5.16,2014,1.8259431447229004,7238.73,19399.7964,Truck
,SMALL VAN,D,840.05,9237.6116,31.06,2014,10.996502112969466,840.05,2251.334,Van
1158,SMALL VAN,D,1314.31,13106.46496,28.17,2014,9.972126028106002,1314.31,3522.3508,Van
1749,MED VAN,D,2862.56,25570.80326,25.23,2014,8.932844467888883,2862.56,7671.660800000001,Van
1148,SMALL VAN,D,875.11,9652.82132,31.15,2014,11.030409114282774,875.11,2345.2948,Van
1134,SMALL VAN,D,437.94,4823.19198,31.11,2014,11.01336251541307,437.94,1173.6792,Van
106,SMALL VAN,D,895.71,16275.25542,51.32,2014,18.170228556117493,895.71,2400.5028,Van
1133,SMALL VAN,D,932.3,10941.90266,33.15,2014,11.736461074761344,932.2999999999998,2498.564,Van
1164,SMALL VAN,D,1008.66,11643.5749,32.6,2014,11.543607261118712,1008.66,2703.2088,Van
1132,SMALL VAN,D,917.06,11217.0998,34.55,2014,12.23158768237629,917.06,2457.7208,Van
1135,SMALL VAN,D,1165.08,13233.60282,32.08,2014,11.35853574003502,1165.08,3122.4144,Van
1161,SMALL VAN,D,1154.11,14521.07482,35.54,2014,12.582054414223949,1154.11,3093.0148,Van
1136,SMALL VAN,D,840.14,9264.97038,31.15,2014,11.027888661413575,840.14,2251.5752,Van
1149,SMALL VAN,D,1229.31,12316.27902,28.3,2014,10.018855309075823,1229.31,3294.5508,Van
1166,SMALL VAN,D,1446.64,16120.75878,31.47,2014,11.143587056904273,1446.64,3876.9952000000003,Van
,SMALL VAN,D,841.93,9285.8918,31.15,2014,11.029291983894147,841.93,2256.3724,Van
1142,SMALL VAN,D,1777.01,20502.9916,32.59,2014,11.537915712348271,1777.01,4762.3868,Van
1165,SMALL VAN,D,1533.63,16843.35244,31.02,2014,10.982670161642638,1533.63,4110.1284000000005,Van
1141,SMALL VAN,D,1271.39,14440.60782,32.08,2014,11.358126003822587,1271.39,3407.3252000000007,Van
1168,SMALL VAN,D,1426.81,15631.51942,30.94,2014,10.95557181404672,1426.81,3823.8508,Van
1167,SMALL VAN,D,1007.38,9516.02742,26.68,2014,9.446313625444223,1007.3799999999999,2699.7784,Van
1143,SMALL VAN,D,576.19,16185.13238,79.34,2014,28.08992238671271,576.19,1544.1892000000003,Van
1159,SMALL VAN,D,1080.43,12979.3271,33.93,2014,12.013112464481734,1080.43,2895.5524000000005,Van
1146,SMALL VAN,D,1410.57,15637.95678,31.31,2014,11.086267806631362,1410.57,3780.3276,Van
1144,SMALL VAN,D,876.12,8416.8482,27.13,2014,9.606958179244852,876.12,2348.0016,Van
1162,SMALL VAN,D,1576.36,17942.53166,32.15,2014,11.382255106701516,1576.36,4224.6448,Van
1139,SMALL VAN,D,1188.63,14337.610059999999,34.07,2014,12.062298663166837,1188.63,3185.5284000000006,Van
1140,SMALL VAN,D,1180.52,13745.37294,32.89,2014,11.643490106054958,1180.52,3163.7936,Van
1890,LARGE VAN,D,2312.64,23206.6828,28.34,2014,10.034714784834648,2312.64,6197.8752,Van
1137,SMALL VAN,D,1058.74,12671.94316,33.81,2014,11.968890530252942,1058.74,2837.4232,Van
1741ENE,MED VAN,D,1276.88,11032.0257,24.4,2014,8.639829662928387,1276.88,3422.0384000000004,Van
1742ENE,MED VAN,D,1070.48,9583.6197,25.29,2014,8.952637788655556,1070.48,2868.8864000000003,Van
1919,FLATBACK,D,1786.07,14665.91542,24.0,2014,8.211276948831793,1786.0699999999997,4786.6676,Truck
920,SMALL VAN,D,587.32,7372.3865399999995,35.45,2014,12.552588946400597,587.32,1574.0176000000001,Van
919,SMALL VAN,D,577.64,7726.44134,37.78,2014,13.375876566719757,577.64,1548.0752,Van
918,SMALL VAN,D,455.69,5759.82786,35.7,2014,12.639794289977836,455.69000000000005,1221.2492,Van
942,SMALL VAN,D,955.59,14424.51442,42.63,2014,15.094877949748321,955.59,2560.9812,Van
987,SMALL VAN,D,324.09,3801.2610799999998,33.13,2014,11.729029220278317,324.09,868.5612,Van
993,SMALL VAN,D,865.66,10552.44238,34.43,2014,12.19005427072985,865.66,2319.9688,Van
989,SMALL VAN,D,793.42,9385.67088,33.41,2014,11.829385294043508,793.42,2126.3656,Van
718,SMALL VAN,D,873.99,15578.4112,50.34,2014,17.82447304889072,873.99,2342.2932,Van
717,SMALL VAN,D,622.88,11429.53268,51.83,2014,18.349493770870794,622.88,1669.3184,Van
719,SMALL VAN,D,584.9,9997.22008,48.28,2014,17.092186835356472,584.9,1567.532,Van
1719,MED VAN,D,1693.47,13648.81254,22.76,2014,8.05967188081277,1693.4699999999998,4538.4996,Van
1717,MED VAN,D,2633.94,23946.9792,25.68,2014,9.091695027221578,2633.94,7058.9592,Van
1469,MED VAN,D,2342.92,28747.64042,34.66,2014,12.27000513035016,2342.92,6279.025600000001,Van
741,SMALL VAN,D,253.69,5209.43358,58.0,2014,20.534642989475344,253.69,679.8892000000001,Van
1303ENE,MED VAN,D,905.83,7689.42652,25.83,2014,8.488818564189748,905.8300000000002,2427.6244,Van
1304ENE,MED VAN,D,1343.52,12408.0114,26.08,2014,9.235449714183638,1343.5199999999998,3600.6336,Van
1305ENE,MED VAN,D,908.3,8925.39964,29.71,2014,9.82648864912474,908.3,2434.244,Van
1307ENE,MED VAN,D,1353.04,24756.47722,51.68,2014,18.296929299946786,1353.04,3626.1472000000003,Van
1306ENE,MED VAN,D,807.87,8062.7934,30.48,2014,9.980310445987596,807.87,2165.0916,Van
1308ENE,MED VAN,D,1156.71,13835.49598,33.78,2014,11.961075792549558,1156.71,3099.9828,Van
1311ENE,MED VAN,D,1324.94,15132.62402,32.26,2014,11.421365510891059,1324.94,3550.8392000000003,Van
1310ENE,MED VAN,D,2798.07,34068.11846,34.39,2014,12.175577615999599,2798.07,7498.8276000000005,Van
1312ENE,MED VAN,D,322.12,3460.081,30.34,2014,10.741590090649447,322.12,863.2816,Van
1314ENE,MED VAN,D,1065.08,10554.05172,27.99,2014,9.909163368009915,1065.08,2854.4144,Van
1320ENE,MED VAN,D,260.01,1820.16354,26.36,2014,7.000359755394023,260.01,696.8268,Van
1315ENE,MED VAN,D,245.55,2517.00776,28.95,2014,10.250489757686825,245.55,658.0740000000001,Van
1316ENE,MED VAN,D,1357.42,14862.2549,32.0,2014,10.948899308983217,1357.42,3637.8856000000005,Van
1321ENE,MED VAN,D,1118.74,10306.21336,26.02,2014,9.21234009689472,1118.74,2998.2232000000004,Van
1322ENE,MED VAN,D,1564.22,17264.99952,31.17,2014,11.037449668205241,1564.22,4192.109600000001,Van
1324ENE,MED VAN,D,1043.42,10583.01984,28.65,2014,10.142626976672865,1043.42,2796.3656000000005,Van
1325ENE,MED VAN,D,1235.52,18124.38708,41.43,2014,14.669440462315462,1235.52,3311.1936,Van
1317ENE,MED VAN,D,1162.62,13069.45014,31.75,2014,11.241377354595656,1162.62,3115.8215999999998,Van
1318ENE,MED VAN,D,978.2,14752.81978,42.6,2014,15.081598630136986,978.2,2621.5760000000005,Van
1332ENE,MED VAN,D,1376.74,16688.8558,34.24,2014,12.12200982030013,1376.74,3689.6632000000004,Van
1330ENE,MED VAN,D,249.61,2216.06118,31.65,2014,8.878094547494092,249.60999999999999,668.9548000000001,Van
1331ENE,MED VAN,D,89.6,197.94882,22.73,2014,2.209250223214286,89.6,240.128,Van
1327ENE,MED VAN,D,2449.91,61663.47144,71.09,2014,25.16968845386157,2449.91,6565.7588,Van
1328ENE,MED VAN,D,777.62,8043.48132,29.22,2014,10.343717136904914,777.6200000000001,2084.0216,Van
1329ENE,MED VAN,D,1498.56,16518.26576,31.13,2014,11.022759021994448,1498.56,4016.1408,Van
1302ENE,MED VAN,D,2721.42,23681.4381,24.58,2014,8.701868179112374,2721.42,7293.405600000001,Van
1301ENE,MED VAN,D,1820.49,16616.4355,25.78,2014,9.127452224401123,1820.4899999999998,4878.9132,Van
1504,MED VAN,D,1817.06,19999.26818,32.24,2014,11.006388440667893,1817.0599999999997,4869.7208,Van
1027,SMALL VAN,D,1014.51,10723.03242,31.29,2014,10.569666558239938,1014.51,2718.8868,Van
1028,SMALL VAN,D,1110.99,14212.08154,37.78,2014,12.792267743184006,1110.99,2977.4532000000004,Van
1029,SMALL VAN,D,1118.57,15961.43412,42.12,2014,14.2694995574707,1118.57,2997.7676,Van
1030,SMALL VAN,D,646.28,7655.63038,36.17,2014,11.845686668317137,646.28,1732.0304,Van
4410,3 AXLE BIN,D,18767.34,22734.0,3.43,2014,1.2113597345175182,18767.34,50296.4712,Truck
4402,3 AXLE BIN,D,17219.59,17823.0,2.92,2014,1.035042065461489,17219.59,46148.501200000006,Truck
4401,3 AXLE BIN,D,17765.92,19758.0,3.14,2014,1.112129290236588,17765.92,47612.6656,Truck
4408,3 AXLE BIN,D,18180.98,18788.0,2.93,2014,1.0333876391701657,18180.98,48725.0264,Truck
4405,3 AXLE BIN,D,18258.55,19365.0,3.0,2014,1.0605990070405371,18258.55,48932.914000000004,Truck
4406,3 AXLE BIN,D,18150.45,19388.0,3.02,2014,1.0681828825180641,18150.45,48643.206000000006,Truck
4407,3 AXLE BIN,D,17592.85,18421.0,2.96,2014,1.0470731007198948,17592.85,47148.837999999996,Truck
4404,3 AXLE BIN,D,18836.39,18481.0,2.77,2014,0.9811327966770703,18836.39,50481.525200000004,Truck
4415,3 AXLE BIN,D,13263.36,18185.0,3.91,2014,1.3710703773402817,13263.36,35545.804800000005,Truck
4416,3 AXLE BIN,D,19238.99,23393.0,3.46,2014,1.2159162201342169,19238.99,51560.493200000004,Truck
4411,3 AXLE BIN,D,16474.34,18204.0,3.12,2014,1.1049911559431211,16474.34,44151.2312,Truck
4412,3 AXLE BIN,D,17320.78,17890.0,2.92,2014,1.0328634160817238,17320.78,46419.6904,Truck
4403,3 AXLE BIN,D,19029.22,20680.0,3.07,2014,1.0867497459170685,19029.22,50998.30960000001,Truck
4409,3 AXLE BIN,D,20319.82,22915.0,3.19,2014,1.127716682529668,20319.82,54457.117600000005,Truck
4413,3 AXLE BIN,D,10986.66,11660.0,3.0,2014,1.0612870517518518,10986.66,29444.2488,Truck
1405,MED VAN,D,810.13,8758.02828,32.98,2014,10.810645550714083,810.13,2171.1484,Van
1862,LARGE VAN,D,1176.31,10642.56542,25.55,2014,9.047415579226566,1176.31,3152.5108,Van
928,SMALL VAN,D,448.65,5227.13632,32.91,2014,11.65081092165385,448.65,1202.382,Van
355,MINIBUS,D,394.21,5549.00432,47.74,2014,14.076264731995638,394.21,1056.4828,Bus
72,MPV,D,240.03,2389.8699,28.12,2014,9.956546681664792,240.03000000000003,643.2804,Bus
2211,LARGE VAN,D,1794.24,16096.61868,25.34,2014,8.971274010165864,1794.24,4808.5632000000005,Van
366,MED VAN,D,1870.79,16959.0,25.6,2014,9.06515429310612,1870.7900000000002,5013.7172,Van
1110,SMALL VAN,D,599.49,7784.37758,36.68,2014,12.984999883234083,599.49,1606.6332000000002,Van
424,WELFARE,D,6009.16,24552.0,11.54,2014,4.085762402731829,6009.160000000001,16104.5488,Bus
428,WELFARE,D,6398.7,26449.0,11.67,2014,4.133495866347852,6398.7,17148.516,Bus
426,WELFARE,D,6761.58,27819.0,11.62,2014,4.114275065886967,6761.58,18121.0344,Bus
427,WELFARE,D,9865.83,44760.0,12.81,2014,4.536871200902509,9865.83,26440.4244,Bus
425,WELFARE,D,10656.52,51466.0,13.64,2014,4.82953159192682,10656.52,28559.4736,Bus
85,MPV,D,970.45,,,2014,,,2600.8060000000005,Bus
81,MPV,D,640.67,7248.46736,31.96,2014,11.313886025566985,640.67,1716.9956,Bus
1735,MED VAN,D,1813.52,17226.37536,26.83,2014,9.498861528960253,1813.52,4860.2336000000005,Van
84,MPV,D,1358.66,18315.89854,38.41,2014,13.480855063076852,1358.66,3641.2088000000003,Bus
82,MPV,D,2244.79,26745.62146,33.65,2014,11.914531631021164,2244.79,6016.037200000001,Bus
83,MPV,D,1802.85,20055.59508,31.42,2014,11.124383659206257,1802.85,4831.638,Bus
1344EHE,LARGE VAN,D,1071.24,11165.60092,31.34,2014,10.42306198424256,1071.24,2870.9232,Van
1341ENE,LARGE VAN,D,845.0,8474.78444,28.33,2014,10.029330698224852,845.0,2264.6,Van
1349ENE,LARGE VAN,D,1339.26,14395.5463,30.36,2014,10.748880949180892,1339.26,3589.2168,Van
1348ENE,LARGE VAN,D,1465.51,15906.71656,32.01,2014,10.854048460945338,1465.51,3927.5668,Van
1347ENE,LARGE VAN,D,688.72,6739.91592,30.52,2014,9.786148100824718,688.72,1845.7696,Van
285,WELFARE,D,3444.87,23932.49514,19.87,2014,6.9472854244136935,3444.87,9232.2516,Bus
1189,SMALL VAN,D,1482.21,22047.958,43.5,2014,14.875056840798536,1482.21,3972.3228000000004,Van
1185,SMALL VAN,D,401.0,4613.97778,37.22,2014,11.506179002493766,401.0,1074.68,Van
3113,LARGE TIPP,D,69.43,,,2014,,,186.07240000000002,Truck
3115,LARGE TIPP,D,1099.69,7496.30572,20.34,2014,6.816744464349044,1099.69,2947.1692000000003,Truck
287,WELFARE,D,3350.91,24936.7233,21.42,2014,7.441776502502306,3350.91,8980.4388,Bus
3114,LARGE TIPP,D,926.21,5177.24678,16.96,2014,5.589711598881463,926.2100000000002,2482.2428000000004,Truck
286,WELFARE,D,3120.19,22533.97868,20.82,2014,7.22198926347434,3120.19,8362.1092,Bus
1192,SMALL VAN,D,234.49,2352.85508,35.89,2014,10.033925028785875,234.49,628.4332,Van
1042,SMALL VAN,D,549.08,7375.60522,41.87,2014,13.432660486632184,549.08,1471.5344000000002,Van
1053,SMALL VAN,D,468.34,6862.22576,47.16,2014,14.652230772515695,468.34,1255.1512,Van
1046,SMALL VAN,D,113.16,1791.19542,85.08,2014,15.828874337221635,113.16,303.2688,Van
1180,SMALL VAN,D,696.73,9104.03638,40.13,2014,13.06680691229027,696.73,1867.2364000000002,Van
1181,SMALL VAN,D,565.81,6664.27694,37.07,2014,11.778294727912197,565.81,1516.3708,Van
1064,SMALL VAN,D,469.86,6376.20508,43.18,2014,13.570436044779296,469.86,1259.2248000000002,Van
1061,SMALL VAN,D,281.69,4457.8718,55.99,2014,15.825452802726401,281.69,754.9292,Van
1052,SMALL  VAN,D,364.05,6036.63434,55.53,2014,16.581882543606646,364.05,975.6540000000001,Van
1054,SMALL VAN,D,581.22,8444.20698,45.55,2014,14.528417776401364,581.22,1557.6696000000002,Van
288,WELFARE,D,3212.65,23921.22976,21.41,2014,7.445949530761209,3212.65,8609.902,Bus
1055,SMALL VAN,D,555.35,9348.65606,52.99,2014,16.833809417484467,555.35,1488.3380000000002,Van
1056,SMALL VAN,D,476.09,6073.64916,40.96,2014,12.757355037913,476.09000000000003,1275.9212,Van
1058,SMALL VAN,D,696.34,9190.94074,40.63,2014,13.198926874802538,696.34,1866.1912000000002,Van
1059,SMALL VAN,D,838.78,11619.434799999999,41.99,2014,13.852779989985454,838.78,2247.9304,Van
1893,LARGE VAN,D,775.65,6133.19474,24.38,2014,7.907167846322439,775.65,2078.742,Van
1895,LARGE VAN,D,2111.0,17573.9928,24.26,2014,8.32496106110848,2111.0,5657.4800000000005,Van
1896,LARGE VAN,D,2121.14,17408.23078,23.91,2014,8.2070164062721,2121.14,5684.6552,Van
1485,MED VAN,D,1214.83,15217.91904,37.38,2014,12.526788966357435,1214.83,3255.7444,Van
1486,MED VAN,D,1150.71,15143.8894,39.4,2014,13.160474315857167,1150.71,3083.9028000000003,Van
1060,SMALL VAN,D,651.31,9994.0014,47.5,2014,15.344461777033978,651.31,1745.5108,Van
1062,SMALL VAN,D,836.54,10866.26368,39.38,2014,12.989532694192746,836.54,2241.9272,Van
1065,SMALL VAN,D,341.73,4411.20094,41.59,2014,12.908439235653876,341.73,915.8364000000001,Van
1066,SMALL VAN,D,211.69,2547.58522,45.26,2014,12.034509046246871,211.68999999999997,567.3292,Van
1063,SMALL VAN,D,833.21,11411.82994,41.53,2014,13.696222968999411,833.21,2233.0028,Van
1043,SMALL VAN,D,734.96,10900.05982,44.98,2014,14.830820480026123,734.96,1969.6928000000003,Van
1188,SMALL VAN,D,1149.33,16881.976599999998,43.38,2014,14.688537321743972,1149.33,3080.2044,Van
1186,SMALL VAN,D,1322.8,18158.18322,40.1,2014,13.727081357726036,1322.8,3545.1040000000003,Van
1190,SMALL VAN,D,860.1,11471.37552,39.51,2014,13.337257900244158,860.1,2305.068,Van
1187,SMALL VAN,D,1352.14,18031.04536,39.11,2014,13.335191148845533,1352.14,3623.7352000000005,Van
3311,LIBRARY BU,D,378.88,1257.0,12.9,2014,3.317673141891892,378.88,1015.3984,Bus
289,WELFARE,D,3478.46,25240.88856,20.85,2014,7.256340035532966,3478.46,9322.2728,Bus
78041,MINIBUS,D,329.46,2835.65708,24.31,2014,8.606984398713045,329.46,882.9528,Bus
1412,MED VAN,D,764.85,8994.60126,33.22,2014,11.759954579329278,764.85,2049.7980000000002,Van
1418,MED VAN,D,604.65,5223.91764,24.4,2014,8.639572711485984,604.65,1620.462,Van
1294,SMALL VAN,D,1684.67,21784.02624,36.52,2014,12.93073791306309,1684.67,4514.9156,Van
1411,MED VAN,D,1039.95,10298.16666,27.97,2014,9.902559411510168,1039.95,2787.0660000000003,Van
1410,MED VAN,D,316.8,3007.85646,26.82,2014,9.494496401515152,316.8,849.0240000000001,Van
1416,MED VAN,D,1023.2,9961.8146,27.5,2014,9.73594077404222,1023.2,2742.1760000000004,Van
933,SMALL VAN,D,194.85,2473.55558,35.86,2014,12.694665537593021,194.85,522.198,Van
934,SMALL VAN,D,331.39,4519.02672,38.52,2014,13.636581429735358,331.39,888.1252000000001,Van
937,SMALL VAN,D,173.87,2718.17526,44.16,2014,15.633377005808937,173.87,465.9716,Van
757,SMALL VAN,D,406.33,6725.43186,51.98,2014,16.55164979204095,406.33,1088.9644,Van
750,SMALL VAN,D,602.29,11231.58386,52.67,2014,18.64813272675954,602.29,1614.1372,Van
752,SMALL VAN,D,590.32,8986.55456,43.0,2014,15.223191760401138,590.32,1582.0576000000003,Van
2644,MED TIPPER,D,1158.67,8420.06688,21.74,2014,7.267010348071495,1158.67,3105.2356000000004,Truck
754,SMALL VAN,D,183.69,3133.38498,48.18,2014,17.058005226196308,183.69,492.28920000000005,Van
755,SMALL VAN,D,253.33,3262.13218,41.82,2014,12.877006986934038,253.33,678.9244000000001,Van
751,SMALL VAN,D,50.0,439.34982,24.82,2014,8.7869964,50.00000000000001,134.0,Van
936,SMALL VAN,D,133.36,1580.37188,33.47,2014,11.850419016196758,133.36,357.4048000000001,Van
1453,MED VAN,D,1443.02,13830.66796,27.07,2014,9.58452963922884,1443.02,3867.2936,Van
1875,MED VAN,D,2007.21,18013.0,25.35,2014,8.974148195754305,2007.2100000000003,5379.322800000001,Van
2220,LARGE VAN,D,2127.51,16515.04708,21.92,2014,7.762617839634125,2127.51,5701.726800000001,Van
1876,LARGE VAN,D,2036.5,15237.0,21.13,2014,7.481954333415173,2036.5,5457.820000000001,Van
368,MINIBUS,D,2511.22,19323.0,21.73,2014,7.694666337477402,2511.22,6730.0696,Bus
79,CAR,D,807.55,11439.18872,43.22,2014,14.16530087301096,807.55,2164.234,Car
YG60ZBX,SMALL VAN,D,926.76,12441.80754,37.92,2014,13.425058850187751,926.76,2483.7168,Van
YG62LGL,LARGE VAN,D,675.79,5275.41652,22.05,2014,7.806295624380355,675.79,1811.1172,Van
1333ENE,MED VAN,D,1330.54,13037.26334,27.68,2014,9.798475310776075,1330.5400000000002,3565.8472,Van
1336ENE,MED VAN,D,843.7,8609.969,31.23,2014,10.205012445181936,843.7,2261.1160000000004,Van
1335ENE,MED VAN,D,1022.62,10694.0643,29.54,2014,10.457515303827424,1022.6199999999999,2740.6216000000004,Van
1337ENE,MED VAN,D,520.0,6382.64244,34.67,2014,12.274312384615383,520.0,1393.6000000000001,Van
1031,SMALL VAN,D,935.13,12647.80306,40.28,2014,13.525181589725493,935.13,2506.1484,Van
1032,SMALL VAN,D,931.06,10518.64624,33.66,2014,11.297495585676542,931.06,2495.2408,Van
1033,SMALL VAN,D,837.47,10370.58696,37.14,2014,12.383233978530575,837.47,2244.4196,Van
1034,SMALL VAN,D,1279.14,15843.9523,36.6,2014,12.386409853495318,1279.14,3428.0952000000007,Van
1035,SMALL VAN,D,916.32,11707.9485,37.78,2014,12.777139536406496,916.3199999999999,2455.7376000000004,Van
1036,SMALL VAN,D,733.77,9165.1913,37.6,2014,12.490550581244806,733.77,1966.5036,Van
YG63FVS,LARGE TIPP,D,2394.3,13589.26696,16.58,2014,5.6756742931128095,2394.3,6416.724000000001,Truck
1047,SMALL VAN,D,146.05,1163.5528199999999,35.57,2014,7.966811502909961,146.05,391.41400000000004,Van
2606,MED TIPPER,D,1152.21,,,2014,,,3087.9228000000003,Truck
2604,MED TIPPER,D,256.95,5185.29348,78.97,2014,20.180165323993,256.95,688.626,Truck
2600,MED TIPPER,D,1111.58,7065.0,17.95,2014,6.355817844869465,1111.58,2979.0344,Truck
2607,MED TIPPER,D,545.98,8709.74808,45.06,2014,15.952503901241801,545.98,1463.2264000000002,Truck
2601,MED TIPPER,D,944.45,8624.0,25.79,2014,9.131240404468208,944.45,2531.126,Truck
1407,MED VAN,D,1096.52,10364.1496,26.7,2014,9.45185641848758,1096.52,2938.6736,Van
1937,FLATBACK,D,1484.74,10729.46978,20.41,2014,7.226497420423778,1484.74,3979.1032000000005,Truck
1939,FLATBACK,D,1563.39,10452.6633,18.88,2014,6.685896225509949,1563.39,4189.885200000001,Truck
1936,FLATBACK,D,1785.31,12144.07964,19.21,2014,6.802224622054434,1785.31,4784.6308,Truck
522,4 X 4,D,784.99,7850.36052,28.25,2014,10.000586657154868,784.99,2103.7732,Car
335,MINIBUS,D,1281.96,11102.83666,24.46,2014,8.660829245842304,1281.96,3435.6528000000003,Bus
358,MINIBUS,D,546.4,7090.75204,36.65,2014,12.9772182284041,546.4,1464.352,Bus
1881,MED VAN,D,400.73,2634.48958,20.88,2014,6.574225987572679,400.73,1073.9564,Van
1725,MED VAN,D,1846.67,14962.03398,22.88,2014,8.102169840848662,1846.6700000000003,4949.0756,Van
1721,MED VAN,D,2556.35,20617.25474,22.78,2014,8.06511422144855,2556.35,6851.018,Van
1728,MED VAN,D,1971.08,15953.38742,22.86,2014,8.093729031799825,1971.0800000000002,5282.4944000000005,Van
1734,MED VAN,D,1360.99,12202.01588,25.32,2014,8.965544111271942,1360.99,3647.4532000000004,Van
1726,MED VAN,D,1661.48,15333.79152,26.07,2014,9.228995546139586,1661.48,4452.7664,Van
1727,MED VAN,D,869.72,7728.05068,25.1,2014,8.885676631559582,869.7200000000001,2330.8496,Van
YH13PLU,GULLY TANK,D,6262.42,9799.0,4.42,2014,1.56473056741643,6262.42,16783.285600000003,Truck
290,WELFARE,D,3679.26,23924.44844,18.66,2014,6.502516386447274,3679.26,9860.4168,Bus
375,MINIBUS,D,508.5,4295.32846,27.35,2014,8.447056951819075,508.5,1362.78,Bus
291,WELFARE,D,2807.17,12607.0,12.95,2014,4.490999832571593,2807.17,7523.2156,Bus
292,WELFARE,D,2606.9,11632.0,12.84,2014,4.46200467988799,2606.9,6986.492000000001,Bus
1282,SMALL VAN,D,234.36,2861.40652,34.48,2014,12.209449223416964,234.36,628.0848000000001,Van
1454,MED VAN,D,1471.35,16086.96264,30.88,2014,10.933471057192374,1471.35,3943.218,Van
1714,MED VAN,D,2079.08,19773.96058,26.86,2014,9.510918569752006,2079.08,5571.9344,Van
1420,MED VAN,D,1193.57,13357.522,31.61,2014,11.191234699263555,1193.57,3198.7676,Van
1421,MED VAN,D,484.65,5936.85526,34.6,2014,12.249778726916333,484.65,1298.862,Van
1715,MED VAN,D,1836.02,17348.6852,27.6,2014,9.449072014466074,1836.02,4920.533600000001,Van
1293,SMALL VAN,D,950.67,9026.78806,26.82,2014,9.495185563865485,950.67,2547.7956,Van
1417,MED VAN,D,65.95,642.12666,27.5,2014,9.7365680060652,65.95,176.746,Van
747,SMALL VAN,D,440.88,7575.16338,48.53,2014,17.18191657593903,440.88,1181.5584000000001,Van
756,SMALL VAN,D,260.83,4763.6464,51.58,2014,18.263414484530152,260.83,699.0244,Van
991,SMALL VAN,D,253.48,3489.04912,38.88,2014,13.764593340697491,253.48000000000002,679.3264,Van
992,SMALL VAN,D,241.44,2758.40876,32.27,2014,11.424820907886016,241.44000000000003,647.0592,Van
990,SMALL VAN,D,289.63,3736.88748,36.44,2014,12.902280426751371,289.63,776.2084,Van
103,SMALL VAN,D,943.48,15880.96712,47.54,2014,16.83233043625726,943.48,2528.5264,Van
1114,SMALL VAN,D,1321.58,14186.3321,30.32,2014,10.734372569197475,1321.58,3541.8344,Van
104,SMALL VAN,D,468.17,8468.34708,51.09,2014,18.088188222226968,468.17,1254.6956,Van
102,SMALL VAN,D,737.79,12404.79272,47.49,2014,16.81344653627726,737.79,1977.2772,Van
1048,SMALL VAN,D,101.63,653.39204,36.45,2014,6.429125651874446,101.63,272.3684,Van
1049,SMALL VAN,D,163.9,1424.2659,34.22,2014,8.689846857840147,163.9,439.25200000000007,Van
5011,18TN D/M,D,1596.59,2907.0,5.14,2014,1.8207554851276784,1596.59,4278.8612,Truck
5012,18TN D/M,D,1601.13,3626.0,6.4,2014,2.2646505905204446,1601.1300000000003,4291.0284,Truck
5003,18TN D/M,D,1769.13,5434.0,8.68,2014,3.0715662500777214,1769.13,4741.268400000001,Truck
5000,18TN D/M,D,2378.93,6929.0,8.23,2014,2.9126540083146626,2378.93,6375.5324,Truck
5010,18TN D/M,D,673.97,1825.0,7.65,2014,2.707835660340965,673.97,1806.2396,Truck
5001,18TN D/M,D,1303.86,3230.0,7.0,2014,2.477259828509196,1303.86,3494.3448,Truck
5004,18TN D/M,D,998.73,2276.0,6.44,2014,2.2788941956284483,998.7299999999999,2676.5964000000004,Truck
5006,18TN D/M,D,2984.21,7663.0,7.25,2014,2.5678487773983734,2984.21,7997.6828000000005,Truck
5002,18TN D/M,D,2503.25,6204.0,7.0,2014,2.4783781084590033,2503.25,6708.71,Truck
5007,18TN D/M,D,3255.08,8471.0,7.35,2014,2.602393796773044,3255.08,8723.6144,Truck
5005,18TN D/M,D,2559.96,6180.0,6.82,2014,2.4141002203159423,2559.96,6860.692800000001,Truck
0479D,WELFARE,D,610.24,2958.0,13.69,2014,4.847273203985317,610.24,1635.4432000000002,Bus
0478D,WELFARE,D,1052.89,5536.0,14.85,2014,5.2579091832955,1052.89,2821.7452000000003,Bus
0480D,WELFARE,D,836.97,4065.0,13.72,2014,4.856804903401556,836.97,2243.0796,Bus
0477D,WELFARE,D,1177.83,6098.0,14.62,2014,5.177317609502221,1177.83,3156.5844,Bus
0481D,WELFARE,D,802.77,4163.0,14.65,2014,5.185794187625348,802.77,2151.4236,Bus
3309,LIBRARY BU,D,4016.76,12853.0,9.04,2014,3.19984265925771,4016.76,10764.9168,Bus
78051,MED VAN,D,733.39,5526.47356,22.68,2014,7.535518019062164,733.39,1965.4852,Van
784412,3 AXLE BIN,D,52.8,97.0,5.19,2014,1.8371212121212122,52.8,141.504,Truck
784417,3 AXLE BIN,D,135.03,129.0,2.7,2014,0.955343257053988,135.03,361.8804,Truck
784418,3 AXLE BIN,D,2040.55,2422.0,3.35,2014,1.1869348950037981,2040.5499999999997,5468.674,Truck
784421,3 AXLE BIN,D,60.25,145.0,6.8,2014,2.4066390041493775,60.25,161.47,Truck
784424,3 AXLE BIN,D,2336.63,2411.0,2.91,2014,1.031827888882707,2336.63,6262.1684000000005,Truck
YJ06ZRR,SMALL VAN,D,1155.4,8180.2752199999995,20.0,2014,7.0800374069586285,1155.4,3096.472,Van
3418,LARGE TIPP,D,855.33,3196.0,10.55,2014,3.736569511182818,855.33,2292.2844000000005,Truck
3412,LARGE TIPP,D,584.19,2936.0,14.19,2014,5.025762166418459,584.19,1565.6292000000003,Truck
71,CAR,D,227.17,3138.213,39.02,2014,13.814381300347758,227.17,608.8156,Car
219,WELFARE,D,2112.69,19287.9399,25.79,2014,9.129564630873437,2112.69,5662.0092,Bus
220,WELFARE,D,2402.73,18995.04002,22.33,2014,7.905607379938653,2402.73,6439.316400000001,Bus
221,WELFARE,D,1068.19,8737.10686,23.1,2014,8.179356537694604,1068.19,2862.7492,Bus
222,WELFARE,D,1409.65,11741.74464,23.53,2014,8.32954608590785,1409.6499999999999,3777.8620000000005,Bus
223,WELFARE,D,1898.23,16704.9492,24.86,2014,8.800276678800778,1898.2299999999998,5087.2564,Bus
209,WELFARE,D,2254.62,18750.42034,23.49,2014,8.316443720006033,2254.62,6042.3816,Bus
210,WELFARE,D,1904.04,17433.98022,25.86,2014,9.15630985693578,1904.04,5102.827200000001,Bus
211,WELFARE,D,1891.23,15473.8041,23.11,2014,8.181873225361272,1891.23,5068.4964,Bus
213,WELFARE,D,1272.8,10074.4684,22.36,2014,7.915201445631678,1272.8,3411.1040000000003,Bus
218,WELFARE,D,1946.82,15988.7929,23.2,2014,8.212774113682826,1946.8200000000002,5217.4776,Bus
216,WELFARE,D,3483.38,30503.43036,24.73,2014,8.75684833696008,3483.3799999999997,9335.458400000001,Bus
217,WELFARE,D,3276.4,27408.66954,23.63,2014,8.365483317055304,3276.4,8780.752,Bus
328,MINIBUS,D,2891.53,25372.85444,24.78,2014,8.774888878898022,2891.53,7749.300400000001,Bus
204,WELFARE,D,2438.91,20247.10654,23.45,2014,8.301703031272167,2438.91,6536.2788,Bus
207,WELFARE,D,3634.42,34193.64698,26.57,2014,9.408281646039807,3634.42,9740.2456,Bus
206,WELFARE,D,1874.63,16844.96178,25.38,2014,8.985752804553432,1874.63,5024.008400000001,Bus
205,WELFARE,D,1977.31,15248.4965,21.78,2014,7.71173791666456,1977.31,5299.1908,Bus
208,WELFARE,D,2201.72,17918.39156,22.99,2014,8.138360717984122,2201.72,5900.6096,Bus
320,MINIBUS,D,2891.73,23956.63524,23.4,2014,8.284533908767417,2891.7299999999996,7749.8364,Bus
325,MINIBUS,D,1995.33,17899.07948,25.34,2014,8.970485824399974,1995.33,5347.4844,Bus
322,MINIBUS,D,2408.11,18476.83254,21.67,2014,7.672752714784623,2408.11,6453.734800000001,Bus
323,MINIBUS,D,2699.54,21423.53408,22.41,2014,7.935994310141728,2699.54,7234.7672,Bus
324,MINIBUS,D,2148.98,17887.8141,23.51,2014,8.323862530130574,2148.9799999999996,5759.2664,Bus
326,MINIBUS,D,3672.88,32201.284059999998,24.76,2014,8.767311771688702,3672.88,9843.3184,Bus
327,MINIBUS,D,2310.02,21684.24716,26.51,2014,9.387038709621562,2310.02,6190.8536,Bus
3102,MED TIPPER,D,2652.41,15945.34072,16.98,2014,6.011642513789346,2652.41,7108.4588,Truck
3413,LARGE TIPP,D,265.32,1291.0,13.74,2014,4.865822403135836,265.32,711.0576,Truck
3415,LARGE TIPP,D,1064.75,7457.0,19.78,2014,7.003521953510214,1064.75,2853.53,Truck
3419,LARGE TIPP,D,334.89,,,2014,,,897.5052000000001,Truck
3414,LARGE TIPP,D,420.02,1556.0,10.46,2014,3.7045854959287654,420.02,1125.6536,Truck
3416,LARGE TIPP,D,1674.24,9759.0,16.46,2014,5.828913417431193,1674.24,4486.9632,Truck
3417,LARGE TIPP,D,2422.71,13065.0,15.23,2014,5.392721373998539,2422.71,6492.862800000001,Truck
3420,LARGE TIPP,D,720.0,3912.0,15.35,2014,5.433333333333334,720.0,1929.6000000000001,Truck
3103,MED TIPPER,D,276.39,651.0,6.65,2014,2.3553674156083795,276.39,740.7252,Truck
3421,LARGE TIPP,D,2894.59,15651.0,15.27,2014,5.406983372429256,2894.59,7757.501200000001,Truck
4438,3 AXLE BIN,D,10742.56,13266.0,3.49,2014,1.2349011781176926,10742.56,28790.0608,Truck
4437,3 AXLE BIN,D,15535.79,19132.0,3.48,2014,1.2314790557802338,15535.790000000003,41635.9172,Truck
4453,3 AXLE BIN,D,16438.61,18199.0,3.13,2014,1.10708873803807,16438.61,44055.4748,Truck
4455,3 AXLE BIN,D,13805.83,15512.0,3.19,2014,1.12358329778072,13805.830000000002,36999.6244,Truck
4439,3 AXLE BIN,D,13572.29,15713.0,3.27,2014,1.1577265148327953,13572.29,36373.7372,Truck
4440,3 AXLE BIN,D,11689.1,12397.0,3.0,2014,1.0605606932954632,11689.1,31326.788000000004,Truck
4441,3 AXLE BIN,D,10494.36,12288.0,3.31,2014,1.170914662733125,10494.36,28124.884800000003,Truck
4443,3 AXLE BIN,D,13610.52,15869.0,3.29,2014,1.1659363492357382,13610.52,36476.193600000006,Truck
4442,3 AXLE BIN,D,17117.53,16922.0,2.79,2014,0.988577207108736,17117.53,45874.9804,Truck
4445,3 AXLE BIN,D,10201.17,11770.0,3.26,2014,1.1537892222166672,10201.17,27339.1356,Truck
4444,3 AXLE BIN,D,12309.82,13887.0,3.19,2014,1.128123725610935,12309.82,32990.3176,Truck
233,WELFARE,D,3536.89,28060.45224,22.41,2014,7.933651382994665,3536.89,9478.8652,Bus
234,WELFARE,D,2197.18,17334.20114,22.28,2014,7.889294978108303,2197.18,5888.4424,Bus
232,WELFARE,D,3028.48,25205.483079999998,23.51,2014,8.322816422759931,3028.48,8116.326400000001,Bus
235,WELFARE,D,3163.13,27218.76742,24.3,2014,8.605010676134082,3163.13,8477.188400000001,Bus
363,MINIBUS,D,1667.58,12879.54802,21.81,2014,7.723496336007869,1667.58,4469.1144,Bus
359,WELFARE,D,2077.22,15369.197,20.9,2014,7.398925968361561,2077.22,5566.9496,Bus
361,MINIBUS,D,3547.01,33744.64112,26.87,2014,9.513545527077735,3547.01,9505.9868,Bus
244,WELFARE,D,3114.37,22804.3478,20.68,2014,7.322298827692278,3114.37,8346.5116,Bus
248,WELFARE,D,3976.38,29318.95612,20.83,2014,7.373278237995362,3976.38,10656.698400000001,Bus
3904,HGV,D,2379.47,8333.16252,9.89,2014,3.5021086712587257,2379.47,6376.9796,Truck
242,WELFARE,D,4270.43,28232.65162,18.67,2014,6.611196441576141,4270.43,11444.752400000001,Bus
243,WELFARE,D,4764.75,35067.5186,20.79,2014,7.359781436591637,4764.75,12769.53,Bus
245,WELFARE,D,2491.09,18013.34262,20.42,2014,7.231108719476213,2491.09,6676.1212000000005,Bus
249,WELFARE,D,4062.58,30675.62974,21.33,2014,7.550775551496832,4062.58,10887.7144,Bus
247,WELFARE,D,4360.44,31737.794139999998,20.56,2014,7.2785760473713665,4360.44,11685.9792,Bus
246,WELFARE,D,3430.31,25116.96938,20.68,2014,7.322069836253866,3430.31,9193.230800000001,Bus
250,WELFARE,D,3102.86,23142.3092,21.07,2014,7.458380075156468,3102.86,8315.6648,Bus
3426,LARGE TIPP,D,6381.89,30511.0,13.5,2014,4.780872124088631,6381.890000000001,17103.465200000002,Truck
3427,LARGE TIPP,D,4567.04,22403.0,13.85,2014,4.905365400784754,4567.04,12239.6672,Truck
3428,LARGE TIPP,D,6760.39,38048.0,15.9,2014,5.628077670075247,6760.39,18117.845200000003,Truck
3310,LIBRARY BU,D,2808.19,11048.0,11.11,2014,3.9342067310260345,2808.19,7525.949200000001,Bus
YJ09EHP,GULLY TANK,D,4582.31,8615.0,5.31,2014,1.8800561288956879,4582.31,12280.590800000002,Truck
YJ09EHE,GULLY TANK,D,8657.06,16110.0,5.26,2014,1.86090889978815,8657.06,23200.9208,Truck
3109,FLATBACK,D,2844.37,9716.0,9.65,2014,3.415870649739661,2844.37,7622.9116,Truck
3430,LARGE TIPP,D,6613.53,37260.0,15.91,2014,5.633905040122295,6613.53,17724.2604,Truck
2666,MED TIPPER,D,2776.86,13323.72586,13.55,2014,4.798126610632153,2776.86,7441.984800000001,Truck
3110,MED TIPPER,D,2965.1,20420.91526,19.45,2014,6.887091585443999,2965.1,7946.468,Truck
3111,MED TIPPER,D,1236.8,9174.84734,20.95,2014,7.418214214100906,1236.8,3314.6240000000003,Truck
3112,MED TIPPER,D,3653.85,26369.0359,20.38,2014,7.216781176019815,3653.85,9792.318000000001,Truck
WS09/68,TRACTOR,D,3875.53,,0.14,2014,,,10386.4204,Truck
3431,LARGE TIPP,D,1692.57,8375.0,13.98,2014,4.948096681378023,1692.57,4536.0876,Truck
3301,LIBRARY BU,D,2368.4,11318.0,13.5,2014,4.77875358892079,2368.4,6347.312000000001,Bus
YJ10NWE,MED TIPPER,D,824.9,5343.0088,19.66,2014,6.477159413262213,824.9,2210.732,Truck
3302,LIBRARY BU,D,3742.87,15507.0,11.7,2014,4.143077371108268,3742.8699999999994,10030.8916,Bus
Oct-45,TRACTOR,D,516.06,,0.29,2014,,,1383.0408,Truck
WS10/49,TRACTOR,D,4658.02,,0.12,2014,,,12483.493600000002,Truck
WS10/52,TRACTOR,D,458.22,,0.17,2014,,,1228.0296,Truck
WS10/53,TRACTOR,D,3502.83,,0.21,2014,,,9387.5844,Truck
WS10/47,TRACTOR,D,105.14,,,2014,,,281.77520000000004,Truck
WS10/56,TRACTOR,D,5628.22,,0.16,2014,,,15083.629600000002,Truck
78071,MINIBUS,D,446.8,6472.76548,42.71,2014,14.486941539838854,446.8,1197.4240000000002,Bus
269,WELFARE,D,215.34,1385.64174,18.17,2014,6.4346695458344945,215.34,577.1112,Bus
258,WELFARE,D,5412.03,37455.77916,19.55,2014,6.9208373124317495,5412.03,14504.2404,Bus
268,WELFARE,D,4468.9,31106.93286,19.66,2014,6.960758320839581,4468.9,11976.652,Bus
265,WELFARE,D,4475.7,28617.28388,18.06,2014,6.393923605246107,4475.7,11994.876,Bus
259,WELFARE,D,3926.21,24600.37124,17.7,2014,6.265678921911971,3926.21,10522.2428,Bus
260,WELFARE,D,4167.75,28947.19858,19.62,2014,6.945521823525883,4167.75,11169.570000000002,Bus
262,WELFARE,D,4325.48,27463.3871,17.93,2014,6.349211440117629,4325.48,11592.286399999999,Bus
261,WELFARE,D,3871.04,23942.15118,17.47,2014,6.184940269281641,3871.04,10374.387200000001,Bus
257,WELFARE,D,5867.49,35120.62682,16.91,2014,5.985630451862721,5867.49,15724.8732,Bus
263,WELFARE,D,5157.86,36139.33904,19.79,2014,7.006653736239448,5157.86,13823.0648,Bus
264,WELFARE,D,4640.32,29796.9301,18.14,2014,6.4213093278049795,4640.32,12436.0576,Bus
266,WELFARE,D,5062.52,32346.12466,18.05,2014,6.389332715722604,5062.52,13567.553600000001,Bus
267,WELFARE,D,3712.97,24143.31868,18.37,2014,6.502427619937678,3712.97,9950.7596,Bus
YJ12FJJ,MED TIPP,D,2579.22,18348.08534,20.57,2014,7.113811671745722,2579.22,6912.3096,Truck
YJ12FNA,MED VAN,D,1475.3,12670.33382,25.38,2014,8.588310052192774,1475.3,3953.804,Van
YJ12NTE,MED VAN,D,2238.99,16508.60972,21.45,2014,7.373239594638655,2238.99,6000.4932,Van
YJ12NTF,MED VAN,D,1197.43,9469.35656,23.58,2014,7.908066909965509,1197.43,3209.1124000000004,Van
YJ12NTG,MED VAN,D,1678.17,14268.40844,24.98,2014,8.502361763111008,1678.1699999999998,4497.4956,Van
YJ12NTK,MED VAN,D,1519.76,12651.02174,24.56,2014,8.32435499026162,1519.76,4072.9568000000004,Van
YJ12NTL,MED VAN,D,1938.19,18867.90216,28.07,2014,9.734805235812795,1938.19,5194.349200000001,Van
YJ12NTM,MED VAN,D,1584.87,14204.03484,26.4,2014,8.962271252531755,1584.8699999999997,4247.4516,Van
YJ12NTN,MED VAN,D,1533.49,12509.39982,24.02,2014,8.157470749727745,1533.4900000000002,4109.7532,Van
YJ12NTO,MED VAN,D,1552.83,13550.6428,25.72,2014,8.726417444279155,1552.83,4161.5844,Van
YJ12NTT,MED VAN,D,1666.79,14002.86734,24.69,2014,8.40109872269452,1666.7900000000002,4466.9972,Van
YJ12NTU,MED VAN,D,1105.91,9673.74274,26.25,2014,8.747314645857257,1105.91,2963.8388000000004,Van
13/19,TRACTOR,D,1137.63,,0.32,2014,,,3048.8484000000003,Truck
13/18,TRACTOR,D,1696.73,,0.41,2014,,,4547.236400000001,Truck
13/17,TRACTOR,D,5305.11,,0.16,2014,,,14217.6948,Truck
13/22,TRACTOR,D,4816.01,,0.14,2014,,,12906.9068,Truck
13/23,TRACTOR,D,306.5,,0.38,2014,,,821.4200000000001,Truck
YJ13KTX,SML SWEEPE,D,7721.46,14014.13272,5.13,2014,1.814958922276357,7721.46,20693.5128,Truck
YJ13XHZ,MED VAN,D,767.78,6062.38378,23.34,2014,7.895990752559327,767.78,2057.6504,Van
YJ13XJB,SMALL VAN,D,849.87,8432.9416,28.97,2014,9.922625342699472,849.87,2277.6516,Van
YJ13YHN,SMALL VAN,D,1016.13,10653.8308,30.91,2014,10.484712389162803,1016.13,2723.2284,Van
1339ENE,MED VAN,D,934.02,8479.61246,29.77,2014,9.078619794008693,934.0200000000001,2503.1736,Van
1124,SMALL VAN,D,1228.89,15262.98056,35.08,2014,12.420135699696473,1228.89,3293.4252000000006,Van
1346ENE,MED VAN,D,1610.42,16853.00848,29.56,2014,10.4649771363992,1610.42,4315.9256000000005,Van
1343ENE,LARGE VAN,D,1602.73,17170.048459999998,30.26,2014,10.713001229152757,1602.73,4295.316400000001,Van
1122,SMALL VAN,D,621.81,6818.77358,30.97,2014,10.966008234026472,621.81,1666.4507999999998,Van
1126,SMALL VAN,D,419.85,5228.74566,35.17,2014,12.45384222936763,419.84999999999997,1125.198,Van
1123,SMALL VAN,D,895.67,11786.80616,37.17,2014,13.159764377505109,895.67,2400.3956,Van
436,WELFARE,D,2679.08,18283.71174,19.67,2014,6.824623281126357,2679.08,7179.9344,Bus
434,WELFARE BU,D,2371.59,15470.58542,18.81,2014,6.523296784014099,2371.59,6355.861200000001,Bus
437,WELFARE,D,2733.23,16276.86476,17.19,2014,5.955175656640678,2733.23,7325.0564,Bus
435,WELFARE BU,D,1934.91,13169.22922,19.78,2014,6.806119778180896,1934.91,5185.558800000001,Bus
439,WELFARE,D,3468.24,21092.01004,17.48,2014,6.0814736119761035,3468.24,9294.8832,Bus
441,WELFARE,D,2598.13,15444.83598,17.21,2014,5.944597067891137,2598.13,6962.988400000001,Bus
432,WELFARE BU,D,2488.16,17023.59852,19.8,2014,6.841842373480805,2488.16,6668.2688,Bus
444,WELFARE,D,2794.67,17322.93576,17.88,2014,6.19856217728748,2794.67,7489.7156,Bus
442,WELFARE,D,2541.51,15285.51132,17.26,2014,6.014342387006149,2541.51,6811.246800000001,Bus
445,WELFARE,D,2068.39,12538.36794,17.53,2014,6.061897388790316,2068.39,5543.2852,Bus
440,WELFARE,D,2756.54,18541.20614,19.33,2014,6.726260507737961,2756.54,7387.5272,Bus
438,WELFARE,D,3566.92,24745.21184,19.89,2014,6.9374171105603715,3566.92,9559.3456,Bus
433,WELFARE BU,D,2223.53,16547.23388,21.56,2014,7.441875702149284,2223.53,5959.060400000001,Bus
443,WELFARE,D,2883.1,17203.8446,17.14,2014,5.967134195830877,2883.1,7726.7080000000005,Bus
YJ14JWK,GULLY TANK,D,1927.95,3571.0,6.0,2014,1.8522264581550352,1927.95,5166.906000000001,Truck
1964,FLATBACK,D,1966.1,16936.69416,25.16,2014,8.614360490310768,1966.1,5269.148,Truck
2735,MED TIPPER,D,1460.31,10724.64176,21.71,2014,7.344085680437716,1460.31,3913.6308,Truck
2734,MED TIPPER,D,1059.51,7340.19974,20.85,2014,6.927919264565696,1059.51,2839.4868,Truck
1965,FLATBACK,D,1296.23,10574.97314,24.26,2014,8.158253658687116,1296.23,3473.8964,Truck
2227,LARGE VAN,D,1072.25,11835.08636,33.19,2014,11.03761842853812,1072.25,2873.63,Van
2226,LARGE VAN,D,1547.35,11468.15684,21.78,2014,7.411482108120335,1547.35,4146.898,Van
0462D,WELFARE,D,388.94,2515.0,18.26,2014,6.466293001491232,388.94,1042.3592,Bus
460,WELFARE,D,805.42,6717.0,23.55,2014,8.339748205904995,805.42,2158.5256,Bus
0476D,WELFARE,D,683.65,5972.26074,24.67,2014,8.735845447231771,683.65,1832.182,Bus
3903,HGV,D,2346.07,5500.0,6.62,2014,2.3443460766302793,2346.07,6287.467600000001,Truck
0488D,WELFARE,D,770.39,3639.0,13.34,2014,4.723581562585184,770.39,2064.6452,Bus
0485D,WELFARE,D,2265.56,11672.0,14.55,2014,5.151927117357298,2265.56,6071.7008000000005,Bus
0487D,WELFARE,D,1155.89,5959.0,14.56,2014,5.155334850202008,1155.89,3097.7852000000003,Bus
0486D,WELFARE,D,2668.21,14534.0,15.38,2014,5.447097492326316,2668.21,7150.8028,Bus
0490D,WELFARE,D,1120.01,4754.0,12.32,2014,4.244604958884295,1120.01,3001.6268,Bus
0489D,WELFARE,D,710.17,3809.0,15.15,2014,5.363504513003929,710.17,1903.2556,Bus
0491D,WELFARE,D,1344.78,7052.0,14.81,2014,5.243980428025402,1344.78,3604.0104,Bus
4606,HOOKLOADER,D,3184.45,5448.0,4.83,2014,1.7108134842751497,3184.45,8534.326,Truck
5323,HGV,D,9742.16,25597.0,7.42,2014,2.627446069454823,9742.16,26108.988800000003,Truck
3407,LARGE TIPP,D,4307.9,21151.0,13.87,2014,4.909816848116252,4307.9,11545.172,Truck
3411,LARGE TIPP,D,3646.63,17565.0,13.6,2014,4.816776037053389,3646.63,9772.968400000002,Truck
3408,LARGE TIPP,D,4628.38,21726.0,13.26,2014,4.694083026890619,4628.38,12404.058400000002,Truck
78084,SMALL VAN,D,604.71,3500.3145,16.35,2014,5.788418415438805,604.71,1620.6228,Van
3410,LARGE TIPP,D,4294.95,20963.0,13.79,2014,4.880848438282169,4294.95,11510.466,Truck
3409,LARGE TIPP,D,4226.88,21209.0,14.17,2014,5.017648951472481,4226.88,11328.038400000001,Truck
0492D,WELFARE,D,2836.31,12037.0,11.99,2014,4.243894355694547,2836.31,7601.3108,Bus
0494D,WELFARE,D,2787.67,11747.0,11.9,2014,4.213913411558757,2787.67,7470.9556,Bus
0493D,WELFARE,D,1562.64,6922.0,12.51,2014,4.429683100394205,1562.6399999999999,4187.8752,Bus
0498D,WELFARE,D,2163.4,10739.0,14.02,2014,4.963945641120458,2163.4,5797.912,Bus
0495D,WELFARE,D,2233.72,9705.0,12.27,2014,4.344770159196319,2233.72,5986.3696,Bus
0496D,WELFARE,D,1950.58,9471.0,13.71,2014,4.85547888320397,1950.58,5227.5544,Bus
348,MINIBUS,D,2365.88,18455.91112,22.03,2014,7.800865267891862,2365.88,6340.558400000001,Bus
345,MINIBUS,D,2869.13,22337.6392,21.99,2014,7.785509614412732,2869.13,7689.268400000001,Bus
342,MINIBUS,D,1912.97,14237.83098,21.02,2014,7.442788428464639,1912.97,5126.7596,Bus
338,MINIBUS,D,2157.36,17564.33676,23.0,2014,8.141588218934253,2157.36,5781.724800000001,Bus
353,MINIBUS,D,2795.52,21528.14118,21.75,2014,7.700943359375,2795.52,7491.993600000001,Bus
339,MINIBUS,D,860.91,7483.431,24.55,2014,8.69246611144022,860.91,2307.2388,Bus
349,MINIBUS,D,1621.04,11389.29918,19.84,2014,7.025921124710063,1621.04,4344.3872,Bus
354,MINIBUS,D,2530.11,20686.45636,23.09,2014,8.176109481405947,2530.11,6780.694800000001,Bus
340,MINIBUS,D,2470.82,18066.45084,20.65,2014,7.311925126071507,2470.82,6621.797600000001,Bus
343,MINIBUS,D,2683.3,20404.82186,21.48,2014,7.604375902806246,2683.3,7191.244000000001,Bus
238,WELFARE,D,2234.9,15868.0924,20.05,2014,7.1001353080674745,2234.9,5989.532,Bus
331,MINIBUS,D,2301.1,16775.76016,20.59,2014,7.290322089435488,2301.1,6166.948,Bus
352,MINIBUS,D,3560.46,30167.0783,23.93,2014,8.472803598411442,3560.4599999999996,9542.0328,Bus
346,MINIBUS,D,3204.5,27172.096559999998,23.95,2014,8.47935608051178,3204.5,8588.060000000001,Bus
347,MINIBUS,D,2495.41,22651.4605,25.64,2014,9.077250031057021,2495.41,6687.6988,Bus
341,MINIBUS,D,3095.75,33182.98146,30.27,2014,10.71888281030445,3095.75,8296.61,Bus
350,MINIBUS,D,1729.47,13520.06534,22.87,2014,7.817461615408188,1729.47,4634.979600000001,Bus
344,MINIBUS,D,1956.48,15578.4112,22.49,2014,7.962468923781485,1956.48,5243.366400000001,Bus
351,MINIBUS,D,2309.6,18349.69468,22.44,2014,7.944966522341532,2309.6,6189.728,Bus
230,WELFARE,D,1670.76,14379.4529,24.31,2014,8.606534092269387,1670.76,4477.6368,Bus
226,WELFARE,D,1944.16,16037.0731,23.3,2014,8.24884428236359,1944.1600000000003,5210.348800000001,Bus
228,WELFARE,D,3217.61,32119.20772,28.19,2014,9.982318466190744,3217.6099999999997,8623.194800000001,Bus
229,WELFARE,D,2237.51,21669.7631,27.35,2014,9.684767040147305,2237.51,5996.526800000001,Bus
333,MINIBUS,D,2137.32,16730.69864,22.11,2014,7.827886624370706,2137.32,5728.017600000001,Bus
334,MINIBUS,D,1730.76,12692.86458,20.71,2014,7.33369420370242,1730.76,4638.4368,Bus
332,MINIBUS,D,1257.52,9503.1527,21.34,2014,7.557058893695528,1257.52,3370.1536,Bus
225,WELFARE,D,1525.8,12308.23232,23.8,2014,8.066740280508585,1525.8000000000002,4089.1440000000002,Bus
YJ57FMM,GULLY TANK,D,6058.36,9443.0,4.4,2014,1.5586726440818968,6058.36,16236.4048,Truck
237,WELFARE,D,1144.08,9170.01932,22.64,2014,8.015190651003426,1144.08,3066.1344,Bus
236,WELFARE,D,1393.59,10204.82494,20.68,2014,7.322688122044505,1393.59,3734.8212,Bus
407,WELFARE,D,6602.14,24873.0,10.64,2014,3.7674148079259147,6602.14,17693.735200000003,Bus
402,WELFARE,D,5221.07,17798.0,9.63,2014,3.4088797890087665,5221.07,13992.4676,Bus
405,WELFARE,D,6448.12,26701.0,11.7,2014,4.140896881571683,6448.12,17280.961600000002,Bus
401,WELFARE,D,7452.64,30672.0,11.62,2014,4.115588569956418,7452.64,19973.075200000003,Bus
409,WELFARE,D,6459.44,26564.0,11.62,2014,4.112430798954708,6459.44,17311.2992,Bus
406,WELFARE,D,6761.18,25180.0,10.52,2014,3.724201988410307,6761.18,18119.9624,Bus
404,WELFARE,D,7765.35,32393.0,11.78,2014,4.171479714372179,7765.35,20811.138000000003,Bus
403,WELFARE,D,5439.21,19167.0,10.06,2014,3.5238573248688687,5439.21,14577.0828,Bus
408,WELFARE,D,5059.1,32676.03936,18.24,2014,6.458864098357415,5059.1,13558.388000000003,Bus
400,WELFARE,D,7369.3,28771.0,11.03,2014,3.904170002578264,7369.3,19749.724000000002,Bus
2221,LARGE VAN,D,555.09,3452.0343,19.0,2014,6.21887315570448,555.09,1487.6412000000003,Van
4607,HOOKLOADER,D,16450.95,28880.0,4.96,2014,1.7555217175907774,16450.95,44088.546,Truck
4608,LARGE VAN,D,13039.92,24956.0,5.41,2014,1.9138154221805042,13039.92,34946.9856,Van
4609,HOOKLOADER,D,15027.07,28171.0,5.29,2014,1.8746834878655654,15027.07,40272.5476,Truck
YJ58FLR,GULLY TANK,D,552.04,1439.0,7.36,2014,2.606695167016883,552.04,1479.4672,Truck
8515,SML SWEEPE,D,818.01,2048.68982,7.07,2014,2.504480165279153,818.01,2192.2668000000003,Truck
3104,MED TIPPER,D,2232.75,12340.0,15.61,2014,5.526816705856008,2232.75,5983.77,Truck
2222,LARGE VAN,D,911.43,9079.89628,28.14,2014,9.962253030951363,911.4300000000001,2442.6324,Van
2219,MED VAN,D,391.37,2489.64898,21.02,2014,6.361368985870148,391.37,1048.8716000000002,Van
2218,MED VAN,D,262.45,1313.22144,16.75,2014,5.0037014288435895,262.45,703.366,Van
2217,MED VAN,D,380.46,2105.01672,15.63,2014,5.532820059927457,380.46,1019.6328,Van
1877,MED VAN,D,2256.87,32101.50498,40.17,2014,14.223905222719964,2256.87,6048.4116,Van
1878,MED VAN,D,3354.32,30783.45552,25.92,2014,9.17725664814329,3354.3199999999997,8989.5776,Van
8522,SML SWEEPE,D,2341.93,4786.17716,5.77,2014,2.0436892477571917,2341.9300000000003,6276.3724,Truck
YJ59LZX,HOIST,D,614.99,4081.0,20.46,2014,6.635880258215581,614.99,1648.1732000000002,Truck
2223,LARGE VAN,D,600.39,5532.91092,26.03,2014,9.215528106730625,600.39,1609.0452,Van
2224,LARGE VAN,D,332.83,2045.4711399999999,17.36,2014,6.145693417059761,332.83,891.9844,Van
2225,LARGE VAN,D,528.16,3056.13666,16.34,2014,5.786384163889731,528.16,1415.4688,Van
YJ61DWK,LARGE TIPP,D,1367.09,5844.0,12.96,2014,4.274773423841883,1367.09,3663.8012,Truck
277,WELFARE,D,4793.82,32243.1269,19.0,2014,6.7259778005849205,4793.82,12847.4376,Bus
281,WELFARE,D,3687.9,26555.71934,20.34,2014,7.2007699069931395,3687.9,9883.572,Bus
276,WELFARE,D,4009.47,29946.598719999998,21.1,2014,7.468966900862209,4009.47,10745.3796,Bus
275,WELFARE,D,3838.74,25747.83066,18.94,2014,6.707365088544679,3838.74,10287.8232,Bus
282,WELFARE,D,5479.77,36507.8779,18.82,2014,6.662301136726541,5479.77,14685.783600000002,Bus
280,WELFARE,D,5548.9,38628.98802,19.66,2014,6.961557789832219,5548.9,14871.052,Bus
279,WELFARE,D,4454.52,31890.68144,20.22,2014,7.159173477725995,4454.52,11938.113600000002,Bus
278,WELFARE,D,3291.23,21878.9773,18.78,2014,6.647659780689893,3291.23,8820.4964,Bus
283,WELFARE,D,4332.23,31058.65266,20.25,2014,7.169206773416924,4332.23,11610.3764,Bus
274,WELFARE,D,5019.15,33533.81758,18.87,2014,6.6811746172160635,5019.15,13451.322,Bus
272,WELFARE,D,4585.95,35247.76468,21.71,2014,7.686033358409927,4585.95,12290.346,Bus
273,WELFARE,D,3750.74,26018.19978,19.59,2014,6.936817742632121,3750.74,10051.9832,Bus
270,WELFARE,D,3126.57,22714.22476,20.52,2014,7.264902036416904,3126.57,8379.207600000002,Bus
271,WELFARE,D,3823.25,28638.2053,21.16,2014,7.490539540966456,3823.25,10246.310000000001,Bus
YJ62KVY,GULLY TANK,D,11893.79,51466.6932,12.22,2014,4.327190340505423,11893.790000000003,31875.357200000006,Truck
1963,FLATBACK,D,1670.14,12300.18562,20.8,2014,7.36476320547978,1670.14,4475.975200000001,Truck
1962,FLATBACK,D,1092.78,9808.9273,25.35,2014,8.976122641336774,1092.78,2928.6504,Truck
YJ63YZE,GULLY TANK,D,11614.3,44755.7454,10.96,2014,3.8535034741654686,11614.3,31126.324,Truck
465,WELFARE BU,D,694.59,4150.48786,18.61,2014,5.975450064066572,694.59,1861.5012000000002,Bus
463,WELFARE BU,D,554.88,3592.04688,20.69,2014,6.4735562283737025,554.88,1487.0784,Bus
462,WELFARE BU,D,489.07,2978.88834,19.47,2014,6.090924284867197,489.07,1310.7076,Bus
461,WELFARE BU,D,411.53,2154.90626,17.51,2014,5.236328481520181,411.53,1102.9004,Bus
464,WELFARE BU,D,690.07,4374.18612,17.92,2014,6.338757111597374,690.07,1849.3876000000002,Bus
467,WELFARE BU,D,519.41,2966.01362,18.29,2014,5.710351398702374,519.41,1392.0188,Bus
469,WELFARE BU,D,441.85,2716.56592,19.75,2014,6.148163222813172,441.85,1184.1580000000001,Bus
468,WELFARE BU,D,332.69,1623.82406,16.6,2014,4.880892302143136,332.69,891.6092000000001,Bus
471,WELFARE BU,D,660.46,4242.22024,19.99,2014,6.423129697483571,660.46,1770.0328000000002,Bus
470,WELFARE BU,D,379.27,1958.5667799999999,17.17,2014,5.16404350462731,379.27,1016.4436000000001,Bus
472,WELFARE BU,D,324.04,1525.65432,16.63,2014,4.708228366868288,324.04,868.4272000000001,Bus
473,WELFARE BU,D,345.04,1553.0131,15.66,2014,4.500965395316484,345.04,924.7072000000001,Bus
474,WELFARE BU,D,130.0,378.1949,16.43,2014,2.9091915384615388,130.0,348.40000000000003,Bus
476,WELFARE BU,D,349.4,1955.3481,18.93,2014,5.59630251860332,349.4,936.3919999999999,Bus
475,WELFARE BU,D,117.85,,,2014,,,315.838,Bus
466,WELFARE BU,D,316.83,1768.66466,19.35,2014,5.582377489505413,316.83,849.1044,Bus
477,WELFARE BU,D,240.89,1120.1006399999999,17.99,2014,4.649842832828262,240.88999999999996,645.5852,Bus
479,WELFARE BU,D,127.87,482.802,21.51,2014,3.7757253460545868,127.87,342.69160000000005,Bus
478,WELFARE BU,D,201.25,944.68258,19.08,2014,4.694074931677019,201.25,539.35,Bus
481,WELFARE BU,D,128.67,342.78942,15.21,2014,2.6640974586150623,128.67,344.8356,Bus
78534,MED TIPPER,D,948.98,7956.57696,23.68,2014,8.384346308668254,948.98,2543.2664,Truck
309,MPV,D,189.27,2130.76616,31.8,2014,11.257812437258941,189.27000000000004,507.2436000000001,Bus
784425,3 AXLE BIN,D,1349.12,1326.0,2.78,2014,0.9828629032258065,1349.12,3615.6416,Truck
784428,3 AXLE BIN,D,922.91,916.0,3.05,2014,0.992512812733636,922.91,2473.3988,Truck
784433,3 AXLE BIN,D,2732.96,3029.0,3.23,2014,1.1083221122885076,2732.96,7324.3328,Truck
2623,MED TIPPER,D,350.95,4961.59522,46.57,2014,14.137612822339365,350.95,940.546,Truck
360,MINIBUS,D,2617.66,22018.98988,23.76,2014,8.411707356952393,2617.66,7015.3288,Bus
1111,SMALL VAN,D,794.05,11371.59644,40.45,2014,14.321008047352182,794.05,2128.054,Van
YK10WSF,MINIBUS,D,195.0,1285.86266,27.94,2014,6.5941674871794875,195.0,522.6,Bus
8517,SML SWEEPE,D,10443.94,13429.9423,3.63,2014,1.2859076459650285,10443.94,27989.759200000004,Truck
8530,SML SWEEPE,D,7976.96,,1.06,2014,,,21378.252800000002,Truck
8531,SML SWEEPE,D,7427.96,,1.1,2014,,,19906.932800000002,Truck
8532,SML SWEEPE,D,7650.35,,1.26,2014,,,20502.938000000002,Truck
8533,SML SWEEPE,D,6394.06,,1.27,2014,,,17136.080800000003,Truck
8534,SML SWEEPE,D,3696.23,,1.55,2014,,,9905.896400000001,Truck
8535,SML SWEEPE,D,7061.14,,1.21,2014,,,18923.8552,Truck
YK12HAU,LARGE TIPP,D,2231.39,6996.0,9.1,2014,3.1352654623351364,2231.39,5980.1252,Truck
1127,SMALL VAN,D,588.14,7943.70224,38.15,2014,13.506481858061006,588.14,1576.2152,Van
5026,18TN D/M,D,2987.67,6490.0,6.46,2014,2.1722613273889015,2987.67,8006.9556,Truck
5029,18TN D/M,D,3074.74,7547.0,7.27,2014,2.4545164794421646,3074.74,8240.3032,Truck
5030,18TN D/M,D,2589.67,6651.0,7.6,2014,2.568280900655296,2589.67,6940.315600000001,Truck
5027,18TN D/M,D,2200.04,5001.0,6.86,2014,2.2731404883547572,2200.04,5896.1072,Truck
5032,18TN D/M,D,2286.31,5902.0,7.78,2014,2.5814522090180247,2286.31,6127.3108,Truck
5031,18TN D/M,D,2552.01,6144.0,7.21,2014,2.407514077139196,2552.01,6839.386800000001,Truck
5033,18TN D/M,D,1915.96,4505.0,7.11,2014,2.351301697321447,1915.96,5134.772800000001,Truck
5035,18TN D/M,D,2225.49,4496.0,6.06,2014,2.020229252883635,2225.49,5964.3132,Truck
5028,18TN D/M,D,2465.47,5490.0,6.6,2014,2.226755953225957,2465.47,6607.4596,Truck
5034,18TN D/M,D,2311.75,5949.0,7.43,2014,2.573375148696875,2311.75,6195.490000000001,Truck
5036,18TN D/M,D,2261.7,6431.0,8.67,2014,2.8434363531856572,2261.7,6061.356,Truck
5037,18TN D/M,D,2043.27,4162.0,6.07,2014,2.0369309978612713,2043.2700000000002,5475.9636,Truck
5039,18TN D/M,D,2629.3,5973.0,6.8,2014,2.2717072985205187,2629.3,7046.524000000001,Truck
5040,18TN D/M,D,2052.66,5041.0,7.51,2014,2.45583779096392,2052.66,5501.1287999999995,Truck
5038,18TN D/M,D,3119.67,4458.0,4.25,2014,1.4289972977911125,3119.67,8360.715600000001,Truck
5041,18TN D/M,D,2501.34,4166.0,5.03,2014,1.6655072880935817,2501.34,6703.591200000001,Truck
5042,18TN D/M,D,2240.82,4533.0,5.97,2014,2.022920181005168,2240.82,6005.397600000001,Truck
5043,18TN D/M,D,1359.77,2913.0,6.75,2014,2.142274061054443,1359.7700000000002,3644.1836000000003,Truck
5044,18TN D/M,D,1913.94,5615.0,8.8,2014,2.933738779690063,1913.9400000000003,5129.359200000001,Truck
1844,LARGE VAN,D,1552.45,14028.61678,25.52,2014,9.036437102644207,1552.45,4160.566000000001,Van
1845,LARGE VAN,D,1914.69,15827.8589,23.35,2014,8.26653865638824,1914.6899999999998,5131.3692,Van
78004,SMALL VAN,D,232.16,2642.53628,32.15,2014,11.38239266023432,232.16,622.1888,Van
2106,MED TIPPER,D,105.29,592.0,15.88,2014,5.62256624560737,105.29,282.1772,Truck
4500,3 AXLE BIN,D,2143.63,3180.0,4.19,2014,1.4834649636364483,2143.63,5744.928400000001,Truck
1929,MED TIPPER,D,229.21,3572.7348,61.45,2014,15.587168099123074,229.21,614.2828000000001,Truck
0474D,WELFARE,D,1980.43,12487.0,17.81,2014,6.305196346248037,1980.43,5307.5524000000005,Bus
3401,LARGE TIPP,D,1288.48,6520.0,14.29,2014,5.060226002731901,1288.48,3453.1264,Truck
179,SMALL VAN,D,44.68,745.12442,47.1,2014,16.676911817367948,44.68000000000001,119.7424,Van
4100,FLATBACK,D,1435.47,7567.11668,14.89,2014,5.271525479459689,1435.47,3847.0596000000005,Truck
732,SMALL VAN,D,208.16,3585.60952,48.65,2014,17.22525710991545,208.16,557.8688000000001,Van
4448,3 AXLE BIN,D,14661.1,16072.0,3.1,2014,1.0962342525458526,14661.1,39291.74800000001,Truck
4446,3 AXLE BIN,D,17058.94,19276.0,3.19,2014,1.1299646988617114,17058.94,45717.9592,Truck
4447,3 AXLE BIN,D,15363.98,18074.0,3.32,2014,1.1763878890756172,15363.98,41175.466400000005,Truck
4451,3 AXLE BIN,D,15324.01,16786.0,3.09,2014,1.0954051844132182,15324.01,41068.34680000001,Truck
4454,3 AXLE BIN,D,13912.47,15868.0,3.22,2014,1.1405595124374033,13912.47,37285.4196,Truck
4452,3 AXLE BIN,D,14744.4,16158.0,3.13,2014,1.0958736876373403,14744.4,39514.992,Truck
4450,3 AXLE BIN,D,5085.26,5404.0,3.0,2014,1.0626791943774752,5085.26,13628.4968,Truck
4449,3 AXLE BIN,D,9118.89,11786.0,3.66,2014,1.2924818700521665,9118.89,24438.6252,Truck
8519,SML SWEEPE,D,2489.75,3621.015,4.11,2014,1.4543689125414199,2489.75,6672.530000000001,Truck
1867,LARGE VAN,D,1605.08,14007.69536,24.65,2014,8.727101054153064,1605.0800000000002,4301.6144,Van
983,SMALL VAN,D,120.48,1319.6588,30.94,2014,10.953343293492695,120.48,322.88640000000004,Van
78074,MINIBUS,D,797.0,7145.0,25.32,2014,8.96486825595985,797.0,2135.96,Bus
1956,MED VAN,D,1875.85,14490.49736,21.82,2014,7.724763365940774,1875.85,5027.278,Van
1957,MED VAN,D,2191.06,17424.32418,22.46,2014,7.952463273484067,2191.06,5872.0408,Van
1958,FLATBACK,D,903.37,8560.07946,26.76,2014,9.475718100003322,903.37,2421.0316000000003,Truck
776,SMALL VAN,D,742.89,12918.17218,49.11,2014,17.389078033087,742.8899999999999,1990.9452,Van
791,SMALL VAN,D,518.86,9306.81322,50.66,2014,17.937041244266275,518.86,1390.5448000000001,Van
1104,SMALL VAN,D,1406.46,16717.82392,33.57,2014,11.886455299119774,1406.46,3769.3128,Van
1108,SMALL VAN,D,947.18,9355.09342,29.31,2014,9.876785215059439,947.1800000000001,2538.4424,Van
1103,SMALL VAN,D,663.99,5523.25488,23.49,2014,8.31828021506348,663.9900000000001,1779.4932000000001,Van
1106,SMALL VAN,D,1164.35,12575.38276,30.5,2014,10.800345909735046,1164.35,3120.458,Van
1107,SMALL VAN,D,1006.27,9619.02518,27.0,2014,9.559089687658382,1006.2700000000001,2696.8036,Van
1105,SMALL VAN,D,1113.67,11059.38448,28.05,2014,9.930575915666221,1113.67,2984.6356000000005,Van
770,SMALL VAN,D,660.76,11530.9211,49.29,2014,17.45099748774139,660.76,1770.8368,Van
784,SMALL VAN,D,803.98,13555.47082,47.62,2014,16.860457747705166,803.9800000000001,2154.6664,Van
771,SMALL VAN,D,1289.05,25784.84548,56.5,2014,20.00298318917032,1289.05,3454.654,Van
YK58YZE,MED VAN,D,734.39,6057.55576,23.3,2014,8.248418088481598,734.3899999999999,1968.1652000000001,Van
4475,3 AXLE BIN,D,17663.39,18079.0,2.89,2014,1.0235294583882257,17663.389999999996,47337.885200000004,Truck
4477,3 AXLE BIN,D,14355.86,15644.0,3.08,2014,1.0897292116250785,14355.86,38473.70480000001,Truck
4478,3 AXLE BIN,D,14901.23,14513.0,2.77,2014,0.9739464460316364,14901.23,39935.2964,Truck
4476,3 AXLE BIN,D,14669.24,17280.0,3.33,2014,1.1779751370895835,14669.24,39313.563200000004,Truck
4479,3 AXLE BIN,D,12675.02,12421.0,2.77,2014,0.9799590059818446,12675.02,33969.05360000001,Truck
4474,3 AXLE BIN,D,17152.24,19394.0,3.19,2014,1.1306977980718553,17152.24,45968.00320000001,Truck
4480,3 AXLE BIN,D,13685.74,14568.0,3.02,2014,1.064465640878754,13685.74,36677.7832,Truck
78058,LARGE VAN,D,6697.48,53238.57654,22.45,2014,7.949045990432223,6697.48,17949.2464,Van
YK6JKKF,MED TIPPER,D,2985.27,19476.23268,18.43,2014,6.524110944738667,2985.27,8000.5236,Truck
1954,FLATBACK,D,730.1,11757.83804,45.49,2014,16.104421366936037,730.1,1956.6680000000001,Truck
1953,FLATBACK,D,1144.22,8698.4827,21.47,2014,7.602106850081278,1144.22,3066.5096000000003,Truck
1466,MED VAN,D,675.72,11453.67278,47.87,2014,16.95032377316048,675.72,1810.9296000000002,Van
769,SMALL VAN,D,430.46,7621.83424,50.01,2014,17.706254332574456,430.46,1153.6328,Van
1463,MED VAN,D,1261.81,11355.50304,25.42,2014,8.999376324486255,1261.81,3381.6508,Van
1464,MED VAN,D,984.48,8294.53836,23.8,2014,8.425299000487568,984.4799999999999,2638.4064000000003,Van
1468,MED VAN,D,322.88,2545.97588,22.27,2014,7.885207755203171,322.88,865.3184,Van
1467,MED VAN,D,195.0,1812.11684,26.25,2014,9.292906871794871,195.0,522.6,Van
1004,SMALL VAN,D,637.74,8700.09204,38.53,2014,13.642067362875151,637.74,1709.1432000000002,Van
1003,SMALL VAN,D,563.78,5946.5113,29.79,2014,10.547574053708894,563.78,1510.9304,Van
1252,SMALL VAN,D,585.59,7256.5140599999995,35.0,2014,12.391799825816696,585.59,1569.3812000000003,Van
1247,SMALL VAN,D,1265.74,16239.84994,36.24,2014,12.830320555564334,1265.74,3392.1832000000004,Van
1250,SMALL VAN,D,1080.81,12649.4124,33.06,2014,11.703641158020373,1080.81,2896.5708,Van
1231,SMALL VAN,D,341.62,5483.02138,45.33,2014,16.050059656928752,341.62,915.5416,Van
1245,SMALL VAN,D,1055.8,12295.3576,32.89,2014,11.645536654669446,1055.8,2829.544,Van
1253,SMALL VAN,D,744.88,8820.79254,33.75,2014,11.841897406293631,744.88,1996.2784000000001,Van
1254,SMALL VAN,D,940.98,12443.41688,37.35,2014,13.223890922230016,940.98,2521.8264000000004,Van
1177,SMALL VAN,D,304.2,4234.17354,45.2,2014,13.91904516765286,304.2,815.256,Van
1175,SMALL VAN,D,515.77,7510.78978,45.45,2014,14.56228508831456,515.77,1382.2636,Van
1176,SMALL VAN,D,1189.02,15670.14358,38.97,2014,13.179041210408572,1189.02,3186.5736,Van
1178,SMALL VAN,D,1103.79,16099.83736,43.12,2014,14.585960517852127,1103.79,2958.1572,Van
1483,MED VAN,D,1611.52,18655.46928,34.01,2014,11.576318804606831,1611.52,4318.8736,Van
1484,MED VAN,D,1153.56,9958.59592,25.84,2014,8.632924095842435,1153.56,3091.5408,Van
1501,MED VAN,D,994.7,10346.44686,31.32,2014,10.401575208605609,994.7000000000002,2665.7960000000003,Van
1502,MED VAN,D,1354.7,11106.05534,24.3,2014,8.198165896508453,1354.7,3630.5960000000005,Van
1503,MED VAN,D,1485.68,15708.76774,31.21,2014,10.573453058532118,1485.68,3981.6224,Van
1505,MED VAN,D,1367.09,16262.3807,35.23,2014,11.895618210944415,1367.09,3663.8012,Van
1482,MED VAN,D,1990.04,20676.80032,30.34,2014,10.390143072501054,1990.04,5333.3072,Van
1891,LARGE VAN,D,3037.61,40265.6868,38.26,2014,13.255713142898529,3037.61,8140.794800000001,Van
1506,MED VAN,D,1622.49,16560.1086,31.29,2014,10.206601334985114,1622.4900000000002,4348.2732000000005,Van
1507,MED VAN,D,1659.01,17356.7319,30.69,2014,10.46210203675686,1659.01,4446.1468,Van
1508,MED VAN,D,1641.45,16387.90922,29.34,2014,9.983800432544397,1641.45,4399.086,Van
1509,MED VAN,D,2488.38,28784.65524,33.51,2014,11.567628432956381,2488.38,6668.858400000001,Van
1510,MED VAN,D,856.28,8730.6695,31.12,2014,10.196045102069418,856.2799999999999,2294.8304000000003,Van
1511,MED VAN,D,1324.81,13214.29074,29.59,2014,9.974479917875017,1324.81,3550.4908,Van
1512,MED VAN,D,1408.53,14892.83236,31.31,2014,10.573315697926207,1408.53,3774.8604,Van
1513,MED VAN,D,992.33,12705.7393,38.62,2014,12.803945562464099,992.33,2659.4444000000003,Van
1514,MED VAN,D,1645.77,17636.75706,30.27,2014,10.716416668185712,1645.77,4410.6636,Van
1515,MED VAN,D,868.54,9606.15046,33.6,2014,11.060112902111591,868.54,2327.6872,Van
1516,MED VAN,D,1052.62,10146.8887,28.9,2014,9.639650301153313,1052.62,2821.0216,Van
1517,MED VAN,D,2002.16,19361.96954,28.19,2014,9.670540586166938,2002.16,5365.7888,Van
1518,MED VAN,D,1172.11,13372.00606,33.97,2014,11.408490721860577,1172.11,3141.2547999999997,Van
95,MED VAN,D,729.23,6474.37482,27.45,2014,8.878371460307447,729.23,1954.3364000000001,Van
1750,MED VAN,D,2002.82,18447.86442,27.82,2014,9.210944777863213,2002.8200000000002,5367.5576,Van
YM11FCA,MED VAN,D,1110.91,12016.94178,30.65,2014,10.817205516198431,1110.91,2977.2388000000005,Van
917,SMALL VAN,D,1122.66,15485.06948,38.96,2014,13.793196052233089,1122.66,3008.7288000000003,Van
YN14ORH,MED TIPPER,D,1667.54,11878.53854,20.81,2014,7.123390467395085,1667.54,4469.0072,Truck
YN63XGF,MED VAN,D,2657.42,27070.70814,28.77,2014,10.186838414702981,2657.42,7121.8856000000005,Van
YN63XGM,SMALL VAN,D,1755.0,19691.88424,32.91,2014,11.22044686039886,1755.0,4703.400000000001,Van
YN63XNF,MED VAN,D,394.09,2591.0374,32.47,2014,6.574735212768657,394.09,1056.1612,Van
YN64LUO,MED TIPPER,D,119.12,392.67896,19.66,2014,3.2964989926124915,119.12,319.2416,Truck
78080,MINIBUS,D,321.34,2595.86542,27.53,2014,8.078251758262278,321.34,861.1912,Bus
YOUTH MAS,MASTER,D,324.9,,,2014,,,870.732,Van
75,WELFARE,D,2368.01,27894.69022,33.27,2014,11.779802543063584,2368.01,6346.266800000001,Bus
YP12VRE,MINIBUS,D,943.36,8270.0,26.59,2014,8.766536635006783,943.3600000000001,2528.2048,Bus
1872,LARGE VAN,D,2468.82,30583.89736,34.99,2014,12.38806286404031,2468.82,6616.437600000001,Van
YP59EOR,SMALL VAN,D,307.87,5434.74118,49.86,2014,17.652714392438366,307.87,825.0916000000001,Van
86,CAR,D,842.42,10245.05844,34.35,2014,12.161461551245223,842.42,2257.6856000000002,Car
YP61WRW,CAR,D,1288.13,17252.1248,37.83,2014,13.39315503869951,1288.13,3452.1884000000005,Car
175,SMALL VAN,D,93.33,1731.64984,52.4,2014,18.554053787635272,93.33,250.1244,Van
YR14JXY,MED TIPP,D,1944.06,13613.40706,20.13,2014,7.002565280906968,1944.06,5210.0808,Truck
YR14KAJ,CAR,D,701.61,12604.35088,57.12,2014,17.9648962814099,701.61,1880.3148,Car
76,SMALL VAN,D,1059.05,16775.76016,44.74,2014,15.840385402011238,1059.05,2838.254,Van
926,SMALL VAN,D,712.37,9713.97624,38.51,2014,13.636138860423657,712.37,1909.1516000000001,Van
924,SMALL VAN,D,117.54,1511.17026,36.31,2014,12.856646758550282,117.53999999999999,315.0072,Van
923,SMALL VAN,D,704.94,9601.32244,38.47,2014,13.620056231736033,704.94,1889.2392000000002,Van
925,SMALL VAN,D,143.12,1536.9197,30.33,2014,10.738678731134712,143.12,383.56160000000006,Van
1870,LARGE VAN,D,1887.36,22398.79412,33.52,2014,11.867791052051542,1887.36,5058.1248,Van
1873,LARGE VAN,D,2210.0,22136.4717,28.29,2014,10.016503031674207,2210.0,5922.8,Van
1871,LARGE VAN,D,255.69,2375.38584,26.24,2014,9.2901006687786,255.68999999999997,685.2492000000001,Van
YS60NMJ,MED TIPPER,D,2199.87,18377.05346,23.59,2014,8.353699745894076,2199.87,5895.6516,Truck
174,SMALL VAN,D,125.33,1765.44598,39.79,2014,14.086379797335036,125.33,335.8844,Van
1864,LARGE VAN,D,2939.67,21793.68228,20.94,2014,7.413649246343978,2939.67,7878.315600000001,Van
73,MPV,D,526.61,7171.21904,38.46,2014,13.61770387953134,526.61,1411.3148,Bus
YT13FNG,MED VAN,D,183.68,1252.06652,28.04,2014,6.816564242160279,183.68,492.26240000000007,Van
78003,4 X 4,D,285.36,1874.8811,23.92,2014,6.570230936361088,285.36,764.7648,Car
517,4 X 4,D,1967.32,16841.7431,24.18,2014,8.560754274851066,1967.3200000000002,5272.4176,Car
905,SMALL VAN,D,798.82,9882.95694,36.61,2014,12.371944793570515,798.82,2140.8376000000003,Van
1869,LARGE VAN,D,2570.41,19817.41276,21.78,2014,7.709825576464455,2570.41,6888.6988,Van
1868,LARGE VAN,D,1482.67,10454.27264,19.91,2014,7.050977385392568,1482.67,3973.5556000000006,Van
4400,4 AXLE BIN,D,18523.85,15034.0,2.29,2014,0.8116023396864044,18523.85,49643.918,Truck
YT64FZC,MED VAN,D,302.38,2240.2012799999998,26.64,2014,7.408563000198425,302.38,810.3784,Van
960,SMALL VAN,D,72.08,804.67,31.53,2014,11.163568257491676,72.08,193.17440000000002,Van
85201,PLANT,G,174.3,,,2014,,,329.427,Truck
86904,LOADING SH,G,3818.89,1334.14286,0.99,2014,0.34935357132569933,3818.89,7217.7020999999995,Truck
86905,LOADING SH,G,1341.86,,0.27,2014,,,2536.1153999999997,Truck
86906,LOADING SH,G,2016.52,,0.18,2014,,,3811.2227999999996,Truck
4383,BULK GRITT,G,1144.0,2003.0,4.95,2014,1.7508741258741258,1144.0,2162.16,Truck
HWSMAST,MASTER,G,17.5,,,2014,,,33.074999999999996,Van
HWHMAST,MASTER,G,5618.95,,,2014,,,10619.815499999999,Van
HWSMAST1,MASTER,G,5990.4,,,2014,,,11321.855999999998,Van
LO63HVP,SWEEPER,G,2615.9,4516.0,5.05,2014,1.7263656867617263,2615.9,4944.0509999999995,Truck
LO63HVU,SWEEPER,G,1443.47,2469.0,4.97,2014,1.710461596015158,1443.47,2728.1583,Truck
LO63HWN,SWEEPER,G,4876.16,11656.0,6.79,2014,2.3904055650347815,4876.16,9215.9424,Truck
LO63HWR,SWEEPER,G,5455.15,11997.0,6.28,2014,2.199206254640111,5455.15,10310.233499999998,Truck
LO63HWV,SWEEPER,G,3567.31,8768.0,7.07,2014,2.457874420782046,3567.31,6742.215899999999,Truck
LO63HWW,SWEEPER,G,1952.39,6139.0,9.43,2014,3.1443512822745454,1952.39,3690.0171,Truck
SSE MASTE,MASTER,G,172.6,,,2014,,,326.214,Van
4384,BULK GRITT,G,1129.77,3147.0,7.87,2014,2.7855227170131975,1129.77,2135.2653,Truck
PM ELEC M,MASTER,G,20.48,,,2014,,,38.7072,Van
4363,BULK GRITT,G,555.65,1838.0,9.34,2014,3.307837667596509,555.65,1050.1785,Truck
PMGASMAST,MASTER,G,1099.56,,,2014,,,2078.1683999999996,Van
HWPMAST,MASTER,G,7452.12,,,2014,,,14084.5068,Van
RCAGASMAS,MASTER,G,516.6,,,2014,,,976.374,Van
85503,SWEEPER,G,2322.05,4511.0,5.49,2014,1.9426799595185287,2322.05,4388.6745,Truck
85502,SWEEPER,G,1191.26,3543.0,8.4,2014,2.9741618118630693,1191.26,2251.4813999999997,Truck
85501,SWEEPER,G,52.81,184.0,9.84,2014,3.4841886006438174,52.81,99.8109,Truck
85504,SWEEPER,G,1837.8,3781.0,5.81,2014,2.057351180759604,1837.8,3473.4419999999996,Truck
85506,SWEEPER,G,205.73,456.0,6.26,2014,2.2164973508968067,205.73,388.82969999999995,Truck
85505,SWEEPER,G,5478.5,10878.0,5.61,2014,1.9855799945240487,5478.5,10354.365,Truck
85509,SWEEPER,G,2634.53,6395.0,6.86,2014,2.427377938379901,2634.53,4979.2617,Truck
85510,SWEEPER,G,4943.86,9976.0,5.7,2014,2.017856492700036,4943.86,9343.8954,Truck
85511,SWEEPER,G,2005.3,7737.0,10.9,2014,3.8582755697401887,2005.3,3790.017,Truck
85512,SWEEPER,G,1944.27,4575.0,6.65,2014,2.353068246694132,1944.2699999999998,3674.6702999999998,Truck
4375,BULK GRITT,G,490.83,1758.0,10.12,2014,3.5816881608703626,490.83,927.6687,Truck
4377,BULK GRITT,G,1266.58,3619.0,8.07,2014,2.8573007626837628,1266.58,2393.8361999999997,Truck
4378,BULK GRITT,G,545.35,1421.0,7.36,2014,2.6056660859998164,545.35,1030.7115,Truck
4379,BULK GRITT,G,1130.86,3459.0,8.64,2014,3.0587340608032827,1130.86,2137.3253999999997,Truck
4380,BULK GRITT,G,1207.91,3671.0,8.58,2014,3.0391337102929854,1207.91,2282.9499,Truck
4382,BULK GRITT,G,528.35,1798.0,9.61,2014,3.403047222485095,528.35,998.5815,Truck
1951,FLATBACK,G,242.29,465.09926,7.43,2014,1.9195974245738578,242.29,457.9281,Truck
1875,MED VAN,G,496.7,6126.0,37.44,2014,12.333400442923294,496.7,938.7629999999999,Van
1937,FLATBACK,G,765.24,10344.83752,38.18,2014,13.518422351157806,765.24,1446.3036,Truck
1939,FLATBACK,G,536.21,10467.14736,55.46,2014,19.52061199903023,536.21,1013.4369,Truck
1936,FLATBACK,G,172.88,11091.57128,181.21,2014,,,326.7432,Truck
4100,FLATBACK,G,869.88,7491.4777,24.32,2014,8.612081781395135,869.88,1644.0731999999998,Truck
84600,GULLY TANK,D,7756.47,13848.0,5.04,2015-16,1.7853482318632057,7756.47,20787.339600000003,Truck
AY61ESG,SMALL VAN,D,1079.63,,,2015-16,,,2893.4084000000003,Van
AY61ESN,SMALL VAN,D,1209.89,18206.46342,42.5,2015-16,15.048031986378925,1209.89,3242.5052000000005,Van
BD64LFP,SMALL VAN,D,303.33,3735.27814,41.0,2015-16,12.314239079550324,303.33,812.9244,Van
BD64LHW,SMALL VAN,D,475.13,5927.19922,39.32,2015-16,12.47489996422032,475.13,1273.3484,Van
BF15MOV,MED VAN,D,753.72,6842.91368,28.06,2015-16,9.078853791859045,753.72,2019.9696000000001,Van
BF15MTU,MED VAN,D,881.89,9984.34536,34.16,2015-16,11.321531438161221,881.89,2363.4652,Van
BF65ZGZ,MED TIPPER,D,65.0,,,2015-16,,,174.20000000000002,Truck
BG60KXK,MED TIPPER,D,1838.96,16590.68606,25.48,2015-16,9.021776471483882,1838.96,4928.4128,Truck
BN13JXL,MED TIPPER,D,934.57,7705.51992,24.97,2015-16,8.244989588794846,934.57,2504.6476000000002,Truck
BN63NSO,MED VAN,D,182.45,1050.89902,23.67,2015-16,5.7599288572211575,182.45,488.966,Van
BT64KJO,SMALL VAN,D,670.17,9355.09342,42.2,2015-16,13.959284092096036,670.17,1796.0556,Van
BU14EYS,SMALL VAN,D,541.87,10302.99468,59.58,2015-16,19.013775776477754,541.87,1452.2116,Van
3326,LIBRARY BU,D,1932.83,10806.7181,15.79,2015-16,5.59113739956437,1932.83,5179.9844,Bus
BX64BFL,LARGE VAN,D,2521.52,20995.44964,23.52,2015-16,8.326505298391446,2521.52,6757.6736,Van
CITY CNT,MASTER,D,4272.16,,,2015-16,,,11449.3888,Van
CN15MXW,SMALL VAN,D,1993.9,22936.31368,32.49,2015-16,11.503241727268167,1993.9,5343.652000000001,Van
CN15MXX,SMALL VAN,D,1046.94,12990.59248,35.05,2015-16,12.408153743289967,1046.94,2805.7992000000004,Van
CN15MXY,SMALL VAN,D,1013.44,,,2015-16,,,2716.0192,Van
CN15MXZ,SMALL VAN,D,1084.11,15253.32452,39.74,2015-16,14.06990482515612,1084.11,2905.4148,Van
CN15MYA,SMALL VAN,D,708.74,10534.73964,41.98,2015-16,14.864039901797556,708.74,1899.4232000000002,Van
CN15MYB,SMALL VAN,D,989.77,13745.37294,39.22,2015-16,13.887441466199217,989.77,2652.5836,Van
CN15MYC,SMALL VAN,D,1573.96,20717.03382,37.64,2015-16,13.16236360517421,1573.96,4218.2128,Van
CN15MYD,SMALL VAN,D,976.01,12501.35312,36.18,2015-16,12.808632206637228,976.01,2615.7068,Van
CN15MYF,SMALL VAN,D,1239.9,15608.988659999999,35.56,2015-16,12.588909315267358,1239.9,3322.9320000000002,Van
CN15MYG,SMALL VAN,D,1355.28,18526.72208,38.61,2015-16,13.670032819786318,1355.28,3632.1504,Van
CN15MYH,SMALL VAN,D,1193.31,16743.57336,39.63,2015-16,14.031201749754883,1193.31,3198.0708,Van
CN15MYJ,SMALL VAN,D,963.5,14215.30022,41.67,2015-16,14.753814447327452,963.5,2582.1800000000003,Van
CN15MYK,SMALL VAN,D,539.23,7536.53922,39.48,2015-16,13.976483541345992,539.23,1445.1364,Van
CV12CUG,MED TIPPER,D,2031.44,17876.54872,24.85,2015-16,8.799939313984169,2031.4399999999998,5444.2592,Truck
78023,2 AXLE BIN,D,3502.3,9629.0,7.77,2015-16,2.749336150529652,3502.3,9386.164,Truck
DK14NJF,MED TIPPER,D,81.39,532.69154,41.59,2015-16,6.544926158004669,81.39,218.1252,Truck
DK14RYR,CAR,D,43.99,,,2015-16,,,117.89320000000001,Car
DL12MXT,LUTON,D,528.99,4530.2921,24.19,2015-16,8.564041097185202,528.99,1417.6932000000002,Van
DOC MAST,MASTER,D,1077.97,,,2015-16,,,2888.9596,Van
DP10XWA,LARGE VAN,D,52.13,605.11184,32.79,2015-16,11.607746786878957,52.13,139.7084,Van
DX11GMY,2 AXLE BIN,D,3606.28,6650.0,5.21,2015-16,1.8440054571469768,3606.28,9664.8304,Truck
DX12RHY,2 AXLE BIN,D,2763.5,,,2015-16,,,7406.18,Truck
DX13GYT,TRACTOR,D,861.13,,0.14,2015-16,,,2307.8284000000003,Truck
DY63UGN,MED VAN,D,124.15,1361.50164,30.97,2015-16,10.966585904148207,124.15,332.72200000000004,Van
E015JCZ,SMALL VAN,D,594.17,7798.86164,40.68,2015-16,13.125640203982027,594.17,1592.3756,Van
EA15KWT,MED TIPPER,D,677.7,4712.1475199999995,21.45,2015-16,6.9531467020805655,677.7,1816.2360000000003,Truck
EA15KWX,MED TIPPER,D,671.43,4541.55748,20.8,2015-16,6.764007387218326,671.43,1799.4324,Truck
EA64TWW,MED VAN,D,446.95,5128.96658,35.93,2015-16,11.475481776485067,446.95,1197.826,Van
EK65HTV,MED VAN,D,383.52,3490.65846,30.95,2015-16,9.101633448060076,383.52,1027.8336,Van
EO15VDR,SMALL VAN,D,641.18,6319.87818,30.32,2015-16,9.856636482734958,641.18,1718.3624,Van
FL60ADO,CAR,D,103.24,1470.93676,40.24,2015-16,14.247740798140256,103.24,276.6832,Car
1100,SMALL VAN,D,215.18,2449.41548,35.47,2015-16,11.383100102239986,215.18,576.6824,Van
12,CAR,D,33.66,,,2015-16,,,90.2088,Car
FN62HTP,MED TIPPER,D,2676.61,20873.1398,22.03,2015-16,7.798349329936001,2676.61,7173.314800000001,Truck
FN62HTU,MED TIPPER,D,1987.9,13410.63022,19.05,2015-16,6.746129191609235,1987.9,5327.572,Truck
GF64WZG,SMALL VAN,D,699.12,9161.97262,39.46,2015-16,13.10500718045543,699.12,1873.6416000000002,Van
GN15BYT,MINIBUS,D,115.14,365.32018,20.58,2015-16,3.1728346360951885,115.14,308.5752,Bus
78043,MINIBUS,D,478.15,2943.48286,17.39,2015-16,6.155982139495975,478.15,1281.442,Bus
GN58AFK,MINIBUS,D,444.21,2822.78236,17.95,2015-16,6.354612368024133,444.21,1190.4828,Bus
GN58OZC,MINIBUS,D,438.53,4131.17578,26.61,2015-16,9.420508927553417,438.53,1175.2604,Bus
78070,MINIBUS,D,749.27,5552.223,20.93,2015-16,7.41017657186328,749.27,2008.0436,Bus
GX63HLW,MINIBUS,D,378.65,3236.38274,24.14,2015-16,8.547161600422555,378.6499999999999,1014.782,Bus
HWSMAST,MASTER,D,7331.33,,,2015-16,,,19647.9644,Van
HWHMAST,MASTER,D,1190.15,,,2015-16,,,3189.6020000000003,Van
HG12KJV,MED TIPPER,D,1484.56,11109.27402,21.14,2015-16,7.483209853424585,1484.56,3978.6208,Truck
HG12KJX,MED TIPPER,D,1861.21,15206.65366,23.08,2015-16,8.170305156323037,1861.21,4988.0428,Truck
HG12KJY,MED TIPPER,D,2964.76,25041.3304,23.86,2015-16,8.44632631309111,2964.76,7945.556800000001,Truck
HG12KKE,MED TIPPER,D,2516.03,26134.07226,29.34,2015-16,10.38702728504827,2516.03,6742.960400000001,Truck
LIBMAST,MASTER,D,1468.37,,,2015-16,,,3935.2316,Van
HWSMAST1,MASTER,D,3062.54,,,2015-16,,,8207.6072,Van
3305,LIBRARY BU,D,931.78,3452.0,10.46,2015-16,3.704737169718174,931.78,2497.1704,Bus
KM13WUK,LARGE VAN,D,180.02,986.5254199999999,24.19,2015-16,5.480087879124541,180.02,482.45360000000005,Van
KM59YVT,LARGE VAN,D,1337.49,13550.6428,28.62,2015-16,10.131397468392286,1337.49,3584.4732000000004,Van
KM59ZBL,MED VAN,D,2050.6,18103.46566,24.94,2015-16,8.828374943918854,2050.6,5495.608,Van
KP65AHG,MED VAN,D,229.78,906.05842,24.9,2015-16,3.9431561493602576,229.78,615.8104000000001,Van
KR12LHT,MED TIPPER,D,1830.6,14422.90508,22.25,2015-16,7.87878568775265,1830.6,4906.008,Truck
KR12LLT,MED TIPPER,D,2177.68,19860.86494,25.76,2015-16,9.12019439954447,2177.68,5836.1824,Truck
KR12LOD,MED TIPPER,D,3083.69,26266.03814,24.06,2015-16,8.517729778285107,3083.69,8264.289200000001,Truck
KX13JMU,LUTON,D,307.65,1998.80028,23.27,2015-16,6.496994246708923,307.65,824.502,Van
KX63OBJ,MED VAN,D,53.99,,,2015-16,,,144.69320000000002,Van
KX63OBK,LARGE VAN,D,803.21,6659.44892,23.42,2015-16,8.291043338603851,803.21,2152.6028,Van
KY10MWZ,MED TIPPER,D,1268.47,15887.40448,35.38,2015-16,12.524856307204741,1268.47,3399.4996,Truck
KY10NKD,MED TIPPER,D,1331.84,11468.15684,24.32,2015-16,8.610761683085055,1331.84,3569.3312,Truck
LMAST6,MASTER,D,3385.61,,,2015-16,,,9073.4348,Van
LMAST3,MASTER,D,446.54,,,2015-16,,,1196.7272,Van
LMAST2,MASTER,D,789.75,,,2015-16,,,2116.53,Van
LC10LNA,SMALL VAN,D,818.62,7930.82752,27.36,2015-16,9.688045149153453,818.62,2193.9016,Van
LC10LND,SMALL VAN,D,707.01,6870.27246,27.45,2015-16,9.717362498408793,707.01,1894.7868,Van
LC10LNF,SMALL VAN,D,839.24,8815.96452,29.67,2015-16,10.504700109622991,839.24,2249.1632,Van
LC10LNG,SMALL VAN,D,494.93,6141.24144,35.05,2015-16,12.40830307316186,494.93,1326.4124000000002,Van
Loan,SMALL VAN,D,221.33,3825.40118,59.03,2015-16,17.28369936294221,221.33,593.1644000000001,Van
LD59ZMX,SMALL VAN,D,359.13,3521.23592,30.56,2015-16,9.804906078578789,359.13,962.4684000000001,Van
LD59ZMY,SMALL VAN,D,805.74,9086.33364,31.85,2015-16,11.277004542408221,805.74,2159.3832,Van
LD59ZMZ,SMALL VAN,D,664.76,6279.64468,26.68,2015-16,9.446483964137434,664.76,1781.5568,Van
LD60RDU,SMALL VAN,D,805.47,8643.76514,30.31,2015-16,10.731330949631891,805.47,2158.6596000000004,Van
LG10UYU,SMALL VAN,D,646.58,5349.44616,24.63,2015-16,8.273448235330509,646.58,1732.8344000000002,Van
LG59VNR,SMALL VAN,D,520.7,4380.62348,23.76,2015-16,8.412950797004033,520.7,1395.476,Van
78560,SML SWEEPE,D,4419.51,5080.68638,3.3,2015-16,1.1496040013485658,4419.51,11844.286800000002,Truck
78579,SML SWEEPE,D,2947.15,3099.58884,3.09,2015-16,1.0517241538435438,2947.1499999999996,7898.362000000001,Truck
78574,SML SWEEPE,D,3775.41,3168.0,2.4,2015-16,0.8391141624353382,3775.41,10118.0988,Truck
78561,SML SWEEPE,D,1884.51,3196.14924,4.9,2015-16,1.6960107614180875,1884.51,5050.486800000001,Truck
78562,SML SWEEPE,D,358.88,403.0,3.42,2015-16,1.1229380294248774,358.88,961.7984,Truck
78563,SML SWEEPE,D,1548.39,1613.0,3.02,2015-16,1.0417272134281415,1548.39,4149.685200000001,Truck
78564,SML SWEEPE,D,1749.55,4156.92522,6.84,2015-16,2.3759968106084424,1749.55,4688.794,Truck
78565,SML SWEEPE,D,2328.49,3550.20404,4.38,2015-16,1.5246808188998022,2328.49,6240.3532,Truck
78566DD,SML SWEEPE,D,2523.98,4580.18164,5.21,2015-16,1.8146663761202544,2523.98,6764.2664,Truck
78569,SML SWEEPE,D,2310.91,3931.61762,4.86,2015-16,1.7013287492805866,2310.91,6193.2388,Truck
78570,SML SWEEPE,D,1790.27,1789.0,2.89,2015-16,0.9992906097962877,1790.27,4797.9236,Truck
78571,SML SWEEPE,D,913.48,3399.0,10.68,2015-16,3.720935324254499,913.48,2448.1264,Truck
78572,SML SWEEPE,D,1036.17,1095.0,3.09,2015-16,1.0567763976953588,1036.17,2776.9356000000002,Truck
78573,SML SWEEPE,D,1417.48,1912.0,3.9,2015-16,1.3488726472331178,1417.48,3798.8464000000004,Truck
78575,SML SWEEPE,D,3651.02,6503.3429399999995,5.09,2015-16,1.7812400205969838,3651.02,9784.733600000001,Truck
78576,SML SWEEPE,D,3192.9,6007.66622,5.34,2015-16,1.88157042813743,3192.9,8556.972000000002,Truck
78577,SML SWEEPE,D,3997.88,5849.9509,4.17,2015-16,1.463263254524898,3997.8800000000006,10714.3184,Truck
78578,SML SWEEPE,D,2754.27,3260.52284,3.37,2015-16,1.1838065403900127,2754.27,7381.4436000000005,Truck
78552,SWEEPER,D,9984.93,11894.0,3.38,2015-16,1.191195131062511,9984.93,26759.6124,Truck
78554,SWEEPER,D,3384.93,7420.0,6.26,2015-16,2.1920689644985276,3384.9299999999994,9071.6124,Truck
78555,SWEEPER,D,1385.81,2956.35758,6.17,2015-16,2.1333065716079407,1385.8099999999997,3713.9708,Truck
78551,SWEEPER,D,6404.74,26217.75794,11.65,2015-16,4.093492934920075,6404.74,17164.7032,Truck
78556,SWEEPER,D,9183.61,13220.0,4.09,2015-16,1.4395210598011021,9183.61,24612.074800000002,Truck
78557,SWEEPER,D,8601.23,12063.0,3.98,2015-16,1.4024738322309718,8601.23,23051.2964,Truck
78558,SWEEPER,D,7849.96,15479.0,5.59,2015-16,1.9718571814378671,7849.96,21037.8928,Truck
78559,SWEEPER,D,3208.62,4222.0,3.76,2015-16,1.315830481640082,3208.62,8599.1016,Truck
785600,SWEEPER,D,10050.51,17973.10912,5.07,2015-16,1.7882783182146975,10050.51,26935.366800000003,Truck
419,WELFARE,D,219.65,1123.31932,18.95,2015-16,5.114133029820168,219.65,588.662,Bus
420,WELFARE,D,200.23,1087.91384,21.56,2015-16,5.433320880986865,200.23,536.6164,Bus
421,WELFARE,D,103.86,342.78942,21.1,2015-16,3.3004950895436167,103.86,278.3448,Bus
417,WELFARE,D,369.34,2468.72756,21.56,2015-16,6.684159744408945,369.34,989.8312,Bus
418,WELFARE,D,237.65,1227.92642,18.2,2015-16,5.166953166421208,237.65,636.902,Bus
416,WELFARE,D,313.23,1797.63278,19.5,2015-16,5.739018548670305,313.23,839.4564000000001,Bus
415,WELFARE,D,292.63,1689.807,19.33,2015-16,5.774551481392885,292.63,784.2484000000001,Bus
411,WELFARE,D,619.64,3497.09582,17.58,2015-16,5.643754147569557,619.64,1660.6352000000002,Bus
412,WELFARE,D,542.53,3139.82234,18.56,2015-16,5.787370910364404,542.53,1453.9804,Bus
414,WELFARE,D,493.91,2954.74824,19.15,2015-16,5.982361644834079,493.91,1323.6788000000001,Bus
413,WELFARE,D,290.89,1548.18508,18.37,2015-16,5.3222354842036514,290.89,779.5852,Bus
403,WELFARE,D,597.97,2966.01362,15.53,2015-16,4.960137833001656,597.97,1602.5596000000003,Bus
410,WELFARE,D,410.73,2301.3562,16.56,2015-16,5.603087673167288,410.73,1100.7564000000002,Bus
3324,LIBRARY BU,D,210.4,1562.66914,20.98,2015-16,7.42713469581749,210.4,563.8720000000001,Bus
MA13MWL,LARGE VAN,D,845.0,6281.25402,22.74,2015-16,7.433436710059172,845.0,2264.6,Van
MA59UVO,MED VAN,D,585.0,6025.36896,29.09,2015-16,10.299776,585.0,1567.8000000000002,Van
MA62YDM,MED VAN,D,163.86,1023.54024,17.65,2015-16,6.246431343830099,163.86,439.1448000000001,Van
MA62YDW,MED VAN,D,65.0,,,2015-16,,,174.20000000000002,Van
MA62YDX,MED VAN,D,568.8,8326.72516,46.49,2015-16,14.639108931082983,568.8,1524.384,Van
MA64HWY,MED VAN,D,345.85,3226.7267,31.82,2015-16,9.329844441231748,345.85,926.8780000000002,Van
MA64HXJ,MED VAN,D,857.59,16825.649699999998,59.48,2015-16,19.61968971186697,857.5900000000001,2298.3412000000003,Van
MA64HXR,MED VAN,D,390.2,3875.29072,28.05,2015-16,9.931549769349052,390.2,1045.736,Van
MAILMAST,MASTER,D,1096.71,,,2015-16,,,2939.1828000000005,Van
MASTER LI,MASTER,D,191.97,,,2015-16,,,514.4796,Van
MOWMAST1,MASTER,D,17365.13,42079.41298,6.89,2015-16,2.4232132428608364,17365.13,46538.54840000001,Van
MF11BPX,MED VAN,D,269.41,3315.2404,39.65,2015-16,12.305558071341078,269.41,722.0188,Van
MF11BPZ,MED VAN,D,780.0,7460.90024,29.47,2015-16,9.565256717948717,780.0000000000001,2090.4,Van
MF11BVY,SMALL VAN,D,501.02,8210.85268,46.29,2015-16,16.388273282503693,501.02,1342.7336,Van
MF11BWW,MED VAN,D,520.0,840.07548,5.21,2015-16,1.615529769230769,520.0,1393.6000000000001,Van
MF12LME,SMALL VAN,D,123.79,1285.86266,43.64,2015-16,10.387451813555215,123.78999999999999,331.7572,Van
MF12LNH,MED VAN,D,128.68,569.70636,24.76,2015-16,4.427310848616724,128.68,344.86240000000004,Van
MF12LNT,SMALL VAN,D,91.42,1020.32156,55.1,2015-16,11.160813388755196,91.42,245.00560000000002,Van
MF12LOA,MED VAN,D,738.81,7475.3843,29.72,2015-16,10.118141741449087,738.8100000000001,1980.0108,Van
MF15OHS,SMALL VAN,D,41.03,,,2015-16,,,109.9604,Van
MF15OHT,SMALL VAN,D,76.53,486.02067999999997,36.96,2015-16,6.350721024434861,76.53,205.1004,Van
MF60HCZ,MED VAN,D,176.27,2788.98622,44.69,2015-16,15.822239859306743,176.27,472.40360000000004,Van
MF60HDL,MED VAN,D,388.95,3416.62882,29.79,2015-16,8.784236585679393,388.95,1042.386,Van
MF60HFK,MED VAN,D,1227.67,12514.22784,28.79,2015-16,10.19347857323222,1227.67,3290.1556000000005,Van
MF64EBM,MED VAN,D,194.07,1031.58694,22.41,2015-16,5.3155404750863084,194.07,520.1076,Van
MJ10UED,MED VAN,D,65.0,,,2015-16,,,174.20000000000002,Van
MJ15YGZ,MED VAN,D,703.29,8011.29452,35.45,2015-16,11.391167967694694,703.29,1884.8172,Van
MJ60OEW,MED VAN,D,1450.06,11571.1546,22.54,2015-16,7.979776423044564,1450.06,3886.1608,Van
MK12FKS,MED VAN,D,1418.7,15026.40758,31.35,2015-16,10.591673771762881,1418.7,3802.1160000000004,Van
MK12FKZ,MED VAN,D,450.31,4107.03568,30.11,2015-16,9.120462969954032,450.31,1206.8308000000002,Van
MK12FLB,MED VAN,D,195.0,1382.42306,30.03,2015-16,7.089349025641026,195.0,522.6,Van
MK58XOT,SMALL VAN,D,728.5,7732.8787,31.79,2015-16,10.614795744680851,728.5,1952.38,Van
1115,SMALL VAN,D,744.06,12651.02174,50.87,2015-16,17.002690293793513,744.06,1994.0808,Van
ML60UUO,MED VAN,D,195.0,12.87472,0.28,2015-16,0.06602420512820513,195.0,522.6,Van
ML60UUX,SMALL VAN,D,550.27,7660.4583999999995,42.4,2015-16,13.921272102785904,550.27,1474.7236,Van
ML60UVS,MED VAN,D,325.0,3815.74514,33.16,2015-16,11.740754276923077,325.0,871.0,Van
ML60UWN,SMALL VAN,D,41.34,611.5492,41.78,2015-16,14.79315916787615,41.34,110.79120000000002,Van
ML60UXA,MED VAN,D,804.38,9676.96142,36.81,2015-16,12.030335687113055,804.38,2155.7384,Van
ML60UXB,MED VAN,D,130.0,745.12442,32.38,2015-16,5.731726307692307,130.0,348.40000000000003,Van
ML60UXG,MED VAN,D,260.0,2706.90988,39.21,2015-16,10.411191846153846,260.0,696.8000000000001,Van
ML60VWS,MED VAN,D,186.8,2005.23764,30.32,2015-16,10.73467687366167,186.8,500.6240000000001,Van
ML62YFJ,MED VAN,D,62.23,,,2015-16,,,166.7764,Van
ML62YFM,MED VAN,D,260.0,2751.9714,29.9,2015-16,10.584505384615385,260.0,696.8000000000001,Van
WS13/61,TRACTOR,D,1572.19,,,2015-16,,,4213.4692000000005,Truck
ML64PVL,CAR,D,200.8,2494.477,47.15,2015-16,12.422694223107568,200.8,538.1440000000001,Car
MT10MJE,MED VAN,D,671.09,5632.69,26.25,2015-16,8.393345154897256,671.09,1798.5212000000001,Van
MT10MJJ,MED VAN,D,783.17,8173.83786,29.48,2015-16,10.43686282671706,783.17,2098.8956,Van
MV13MLN,MED VAN,D,1612.69,13925.61902,25.41,2015-16,8.63502534275031,1612.6900000000003,4322.0092,Van
MV14SOJ,MPV,D,1140.09,26216.1486,64.95,2015-16,22.994806199510567,1140.09,3055.4411999999998,Bus
MV61XTE,MED VAN,D,126.24,696.84422,30.28,2015-16,5.51999540557668,126.23999999999998,338.3232,Van
MV61XTG,MED VAN,D,130.0,666.26676,28.95,2015-16,5.125128923076923,130.0,348.40000000000003,Van
MV61XTH,MED VAN,D,587.45,16561.71794,79.63,2015-16,28.192557562345726,587.45,1574.3660000000002,Van
MW15DKV,LARGE VAN,D,575.55,4789.39584,26.5,2015-16,8.321424446181913,575.55,1542.474,Van
MX64FNT,MED VAN,D,378.24,2294.91884,25.3,2015-16,6.067361569373942,378.24,1013.6832,Van
MX64HWH,MED VAN,D,520.0,5965.82338,37.03,2015-16,11.47273726923077,520.0,1393.6000000000001,Van
NA12KXS,CAR,D,98.48,2191.92108,81.22,2015-16,22.257525182778227,98.48,263.9264,Car
NA14FZT,CAR,D,46.38,,,2015-16,,,124.29840000000002,Car
ND60NFK,CAR,D,603.04,8738.7162,40.93,2015-16,14.491105399310165,603.04,1616.1472,Car
NJ62XRG,SMALL VAN,D,297.88,5116.0918599999995,48.51,2015-16,17.17500960118168,297.88,798.3184,Van
NJ63BYW,CAR,D,525.38,6653.01156,35.77,2015-16,12.66323719974114,525.38,1408.0184000000002,Car
NK13YNS,FLATBACK,D,133.79,513.37946,15.25,2015-16,3.837203527916885,133.79,358.5572,Truck
NK14OBU,MINIBUS,D,326.19,2814.73566,24.37,2015-16,8.629129219166742,326.19,874.1892,Bus
NL13XLX,CAR,D,42.39,571.3157,38.07,2015-16,13.477605567350789,42.39,113.60520000000001,Car
NL62EYR,CAR,D,268.22,4451.43444,46.87,2015-16,16.59620624860189,268.22,718.8296000000001,Car
NU11DDK,SMALL VAN,D,23.39,326.69602,39.45,2015-16,13.967337323642582,23.39,62.6852,Van
NU63YGJ,SMALL VAN,D,100.95,141.62192,72.2,2015-16,1.402891728578504,100.95,270.54600000000005,Van
NU64NVV,SMALL VAN,D,97.45,1417.82854,41.09,2015-16,14.549292355053874,97.45,261.166,Van
NV14JVT,SMALL VAN,D,160.8,1979.4882,45.12,2015-16,12.31025,160.8,430.9440000000001,Van
NV60UFS,SMALL VAN,D,13.13,664.65742,142.98,2015-16,,,35.1884,Van
NX14VOF,MED VAN,D,224.2,2579.77202,41.28,2015-16,11.506565655664586,224.2,600.856,Van
3303,LIBRARY BU,D,3360.74,8606.0,7.23,2015-16,2.560745550087183,3360.74,9006.7832,Bus
3304,LIBRARY BU,D,3712.88,15783.0,12.01,2015-16,4.250878024606235,3712.88,9950.5184,Bus
NX63NWE,SMALL VAN,D,144.87,1329.31484,41.43,2015-16,9.175915234348036,144.87,388.25160000000005,Van
NX63XPK,SMALL VAN,D,43.93,,,2015-16,,,117.73240000000001,Van
OV15WVC,SMALL VAN,D,46.96,,,2015-16,,,125.85280000000002,Van
OV15WVO,SMALL VAN,D,24.93,,,2015-16,,,66.8124,Van
OV15WVR,SMALL VAN,D,28.16,,,2015-16,,,75.4688,Van
OV15WVS,SMALL VAN,D,43.53,,,2015-16,,,116.66040000000001,Van
OW04BKU,LARGE VAN,D,610.02,4771.6931,22.09,2015-16,7.822191239631488,610.02,1634.8536000000001,Van
PARKING M,MASTER,D,1288.16,,,2015-16,,,3452.2688000000003,Van
3501,LARGE TIPP,D,2831.95,12458.0,12.42,2015-16,4.399088966966225,2831.95,7589.626,Truck
3503,LARGE TIPP,D,1332.56,4332.0,9.18,2015-16,3.2508855135978867,1332.56,3571.2608,Truck
3502,LARGE TIPP,D,2943.56,9567.0,9.18,2015-16,3.250146081615459,2943.56,7888.7408000000005,Truck
PK64PLJ,SMALL VAN,D,662.61,8886.77548,40.33,2015-16,13.41177386396221,662.61,1775.7948000000001,Van
PMCMAST,MASTER,D,7898.71,,,2015-16,,,21168.542800000003,Van
5015,18TN D/M,D,2111.6,5325.0,7.12,2015-16,2.521784428869104,2111.6,5659.088,Truck
5019,18TN D/M,D,2558.51,6203.0,6.85,2015-16,2.424457985311763,2558.51,6856.806800000001,Truck
5016,18TN D/M,D,1424.97,3775.0,7.48,2015-16,2.6491785791981584,1424.97,3818.9196,Truck
5020,18TN D/M,D,2881.21,7776.0,7.62,2015-16,2.6988661013949002,2881.2099999999996,7721.6428000000005,Truck
5017,18TN D/M,D,2549.07,6083.0,6.74,2015-16,2.386360515795957,2549.07,6831.507600000001,Truck
5018,18TN D/M,D,1904.14,4571.0,6.78,2015-16,2.4005587824424675,1904.14,5103.095200000001,Truck
5013,18TN D/M,D,1363.75,2808.0,5.82,2015-16,2.0590284142988082,1363.7500000000002,3654.8500000000004,Truck
5014,18TN D/M,D,2341.93,6414.0,7.74,2015-16,2.7387667436686836,2341.93,6276.3724,Truck
3107,MED TIPPER,D,2446.38,13993.0,16.16,2015-16,5.719879985938407,2446.38,6556.298400000001,Truck
3105,MED VAN,D,1210.3,6745.0,16.64,2015-16,5.572998430141287,1210.3,3243.6040000000003,Van
3106,MED TIPPER,D,2472.21,14623.0,16.71,2015-16,5.914950590766965,2472.21,6625.522800000001,Truck
5025,18TN D/M,D,3863.94,9777.0,7.15,2015-16,2.5303187937700895,3863.94,10355.3592,Truck
WS09/87,TRACTOR,D,390.46,,0.79,2015-16,,,1046.4328,Truck
PN12LUA,MED VAN,D,62.24,690.40686,31.33,2015-16,11.092655205655527,62.24,166.8032,Van
PN14BZH,MED VAN,D,1565.45,23736.15566,43.47,2015-16,15.162512798236929,1565.45,4195.406,Van
0239D,WELFARE,D,195.0,1712.33776,24.8,2015-16,8.781219282051282,195.0,522.6,Bus
PN62FBL,SMALL VAN,D,1245.66,17102.45618,38.78,2015-16,13.729634234060658,1245.66,3338.3688,Van
4610,HOOKLOADER,D,16166.03,30881.0,5.4,2015-16,1.9102401764688053,16166.03,43324.9604,Truck
4611,HOOKLOADER,D,17925.3,34953.0,5.51,2015-16,1.9499255242590083,17925.3,48039.804000000004,Truck
4613,HOOKLOADER,D,21255.46,40444.0,5.37,2015-16,1.902758161902871,21255.46,56964.6328,Truck
4612,HOOKLOADER,D,19477.63,37006.0,5.37,2015-16,1.899923142599998,19477.63,52200.04840000001,Truck
WS 12/54,TRACTOR,D,907.29,,,2015-16,,,2431.5372,Truck
WS12/53,TRACTOR,D,679.46,,0.42,2015-16,,,1820.9528000000003,Truck
3312,LIBRARY BU,D,1786.7,7598.0,12.01,2015-16,4.2525326020036935,1786.7000000000003,4788.356000000001,Bus
3905,HGV,D,6554.55,12927.0,5.57,2015-16,1.9722177723871204,6554.55,17566.194000000003,Truck
3803,HGV,D,2923.66,10905.0,10.53,2015-16,3.729913875074393,2923.66,7835.4088,Truck
2214,MED VAN,D,331.4,1707.50974,17.03,2015-16,5.152413216656608,331.4,888.152,Van
5022,18TN D/M,D,2141.77,5318.0,7.01,2015-16,2.482993038468183,2141.77,5739.9436000000005,Truck
5023,18TN D/M,D,4715.37,11925.0,7.14,2015-16,2.528963792873094,4715.37,12637.1916,Truck
5024,18TN D/M,D,3883.86,10040.0,7.3,2015-16,2.585057133882272,3883.8599999999997,10408.7448,Truck
5021,18TN D/M,D,2996.09,7448.0,7.02,2015-16,2.4859066316432417,2996.09,8029.521200000001,Truck
3108,MED TIPPER,D,1819.77,10092.0,15.66,2015-16,5.54575578232414,1819.7699999999998,4876.9836000000005,Truck
PO59ZZM,SMALL VAN,D,701.69,11638.74688,46.85,2015-16,16.586736137040575,701.6899999999999,1880.5292000000002,Van
430,WELFARE,D,3182.28,19072.28834,16.93,2015-16,5.993277882524478,3182.28,8528.510400000001,Bus
431,WELFARE,D,4311.17,26771.370899999998,17.54,2015-16,6.209769250574669,4311.17,11553.9356,Bus
PO64CCJ,LUTON,D,2141.45,14141.27058,19.24,2015-16,6.603595965350581,2141.45,5739.086,Van
PO64CFD,MED TIPPER,D,3401.51,23568.7843,19.95,2015-16,6.928918127537475,3401.51,9116.046800000002,Truck
PO64CFE,MED TIPPER,D,2306.91,14405.20234,17.64,2015-16,6.244371189166461,2306.91,6182.5188,Truck
PO65DVU,LARGE VAN,D,126.04,587.4091,25.72,2015-16,4.660497461123453,126.03999999999999,337.78720000000004,Van
HWPMAST,MASTER,D,19232.45,,,2015-16,,,51542.96600000001,Van
78804,HGV,D,145.68,475.0,9.21,2015-16,3.260571114772103,145.68,390.42240000000004,Truck
RCA MAST1,MASTER,D,11029.58,,,2015-16,,,29559.274400000002,Van
RO15EZR,MED VAN,D,318.95,2425.27538,26.97,2015-16,7.603935977425929,318.95,854.7860000000001,Van
RO15RFJ,MED VAN,D,127.76,701.67224,30.49,2015-16,5.492112085159674,127.76000000000002,342.39680000000004,Van
RO15RHA,MED VAN,D,390.0,4480.4025599999995,38.94,2015-16,11.488211692307692,390.0,1045.2,Van
SECMAST,MASTER,D,5041.82,,,2015-16,,,13512.0776,Van
SG64ABV,MED TIPPER,D,334.05,1712.33776,17.98,2015-16,5.1259923963478515,334.05,895.2540000000001,Truck
SJ12RVK,MED TIPPER,D,1717.83,15127.796,24.87,2015-16,8.806340557563903,1717.8300000000002,4603.7844000000005,Truck
SJ12RVL,MED TIPPER,D,1995.46,14464.74792,20.47,2015-16,7.248828801379131,1995.46,5347.8328,Truck
SJ12RYB,MED TIPPER,D,1762.99,13571.56422,21.74,2015-16,7.698038117062491,1762.99,4724.8132000000005,Truck
SJ12SCZ,MED TIPPER,D,1837.38,23988.82204,36.88,2015-16,13.055993882593691,1837.38,4924.178400000001,Truck
SJ12SGV,MED TIPPER,D,2178.8,20147.32746,26.12,2015-16,9.246983412887827,2178.8,5839.184000000001,Truck
SJ12SKU,MED TIPPER,D,2459.13,23427.16238,26.91,2015-16,9.526605905340507,2459.13,6590.468400000001,Truck
SPORTSMAS,MASTER,D,1042.99,,,2015-16,,,2795.2132,Van
,MASTER,D,7186.79,222763.23346,93.86,2015-16,30.996207411097302,7186.79,19260.5972,Van
TOPMAST,MASTER,D,630.53,,,2015-16,,,1689.8204,Van
78626,MINIBUS,D,55.17,,,2015-16,,,147.8556,Bus
TRANMAST,MASTER,D,15033.62,,,2015-16,,,40290.1016,Van
78027,3 AXLE BIN,D,3635.01,4833.0,3.95,2015-16,1.3295699324073385,3635.0100000000007,9741.8268,Truck
4472,3 AXLE BIN,D,9254.71,13651.0,4.17,2015-16,1.4750327130725869,9254.71,24802.622799999997,Truck
784473,3 AXLE BIN,D,9904.84,15876.0,4.53,2015-16,1.6028527467379583,9904.84,26544.971200000004,Truck
784471,3 AXLE BIN,D,13162.85,19297.0,4.14,2015-16,1.4660198969068248,13162.85,35276.438,Truck
4483,3 AXLE BIN,D,15064.27,23388.0,4.39,2015-16,1.5525478499787908,15064.27,40372.2436,Truck
VN15JUO,CAR,D,133.99,1182.8649,37.35,2015-16,8.82800880662736,133.99,359.0932,Car
78025,3 AXLE BIN,D,1455.96,2528.0,5.31,2015-16,1.7363114371273936,1455.96,3901.9728000000005,Truck
4489,3 AXLE BIN,D,13357.08,12107.0,2.56,2015-16,0.9064106825743351,13357.08,35796.9744,Truck
4493,3 AXLE BIN,D,10930.76,11992.0,3.1,2015-16,1.097087485225181,10930.76,29294.436800000003,Truck
78024,2 AXLE BIN,D,11028.66,,,2015-16,,,29556.808800000003,Truck
VU11HLD,2 AXLE BIN,D,4325.14,7880.0,5.15,2015-16,1.8219063429160673,4325.14,11591.375200000002,Truck
VU60UGV,SMALL VAN,D,436.68,6664.27694,43.1,2015-16,15.261236924063386,436.68,1170.3024,Van
4484,3 AXLE BIN,D,11750.88,11660.0,2.8,2015-16,0.9922661111338045,11750.88,31492.3584,Truck
4485,3 AXLE BIN,D,15539.01,15096.0,2.74,2015-16,0.971490461747563,15539.01,41644.546800000004,Truck
4488,3 AXLE BIN,D,12133.74,12056.0,2.81,2015-16,0.9935930718805579,12133.74,32518.4232,Truck
4486,3 AXLE BIN,D,14231.1,15397.0,3.06,2015-16,1.0819262038774233,14231.1,38139.348000000005,Truck
4487,3 AXLE BIN,D,13605.8,10703.0,2.22,2015-16,0.7866498111099679,13605.8,36463.544,Truck
4490,3 AXLE BIN,D,11523.41,10081.0,2.49,2015-16,0.8748278504366329,11523.41,30882.738800000003,Truck
4491,3 AXLE BIN,D,15191.79,30774.0,5.72,2015-16,2.025699407377274,15191.79,40713.997200000005,Truck
4492,3 AXLE BIN,D,12567.99,14677.0,3.3,2015-16,1.1678080584087034,12567.99,33682.2132,Truck
4417,3 AXLE BIN,D,13249.97,13565.0,2.89,2015-16,1.0237759028888367,13249.970000000001,35509.9196,Truck
4418,3 AXLE BIN,D,19843.03,32172.0,4.58,2015-16,1.6213249690193485,19843.03,53179.3204,Truck
2347,LARGE TIPP,D,774.11,,,2015-16,,,2074.6148000000003,Truck
2349,LARGE TIPP,D,1593.21,7635.0,13.54,2015-16,4.792211949460523,1593.21,4269.8028,Truck
WJ15HHP,SMALL VAN,D,62.52,41.84284,5.65,2015-16,0.6692712731925784,62.52,167.55360000000002,Van
WNW LOCAL,MASTER,D,19378.25,73133.23762,10.88,2015-16,3.7739856602118356,19378.25,51933.71000000001,Van
2653,MED TIPPER,D,2361.63,17454.90164,20.88,2015-16,7.391039934282677,2361.63,6329.1684000000005,Truck
1432,MED VAN,D,2172.19,23572.00298,30.65,2015-16,10.851722446010708,2172.19,5821.4692000000005,Van
1430,MED VAN,D,387.33,3838.2759,27.99,2015-16,9.909575555727674,387.33000000000004,1038.0444,Van
1951,FLATBACK,D,2459.75,7399.74532,8.5,2015-16,3.008332277670495,2459.75,6592.13,Truck
946,SMALL VAN,D,615.56,8506.97124,39.03,2015-16,13.81988959646501,615.56,1649.7007999999998,Van
948,SMALL VAN,D,1310.14,17881.37674,38.55,2015-16,13.648447295708854,1310.14,3511.1752000000006,Van
945,SMALL VAN,D,388.4,3938.05498,28.64,2015-16,10.139173480947477,388.4,1040.912,Van
1457,MED VAN,D,1407.29,14020.57008,28.14,2015-16,9.962815112734404,1407.29,3771.5372,Van
1456,MED VAN,D,1446.13,15047.329,29.39,2015-16,10.405239501289648,1446.13,3875.6284000000005,Van
1460,MED VAN,D,903.22,9654.43066,30.19,2015-16,10.68890265937424,903.2199999999999,2420.6296,Van
1458,MED VAN,D,958.84,8543.98606,25.17,2015-16,8.91075263860498,958.8400000000001,2569.6912,Van
1461,MED VAN,D,1155.3,11865.66382,29.01,2015-16,10.270634311434259,1155.3,3096.204,Van
1462,MED VAN,D,910.02,7359.51182,22.84,2015-16,8.087197885760752,910.0200000000001,2438.8536,Van
101,SMALL VAN,D,566.16,7895.42204,39.41,2015-16,13.94556669492723,566.16,1517.3088,Van
105,SMALL VAN,D,537.61,9504.76204,49.93,2015-16,17.679660050966312,537.61,1440.7948000000001,Van
1170,SMALL VAN,D,1504.42,15409.4305,28.93,2015-16,10.242771632921658,1504.42,4031.8456000000006,Van
YA14JYR,HOIST,D,1623.51,10556.0,18.36,2015-16,6.501961798818609,1623.51,4351.0068,Truck
1519,MED VAN,D,2956.77,28258.40106,27.47,2015-16,9.55718607128725,2956.77,7924.1436,Van
1558,MED VAN,D,1345.61,10488.06878,23.13,2015-16,7.794285699422567,1345.61,3606.2347999999997,Van
1559,MED VAN,D,1105.89,10964.43342,34.0,2015-16,9.914578683232508,1105.89,2963.7852000000003,Van
1560,MED VAN,D,845.15,7451.2442,26.98,2015-16,8.816475418564751,845.1500000000001,2265.002,Van
1174,SMALL VAN,D,1515.09,23724.89028,44.23,2015-16,15.659063342771717,1515.09,4060.4412,Van
315,MINIBUS,D,621.51,6678.761,30.35,2015-16,10.746023394635646,621.51,1665.6468,Bus
1431,MED VAN,D,680.85,8177.05654,33.92,2015-16,12.010070558860248,680.85,1824.678,Van
1435,MED VAN,D,1491.12,13389.7088,25.36,2015-16,8.979631954503997,1491.1200000000001,3996.2016,Van
0241D,MINIBUS,D,557.42,4752.38102,24.08,2015-16,8.52567367514621,557.42,1493.8856,Bus
0240D,MINIBUS,D,334.48,2864.6252,24.19,2015-16,8.564414015785697,334.47999999999996,896.4064000000001,Bus
763,SMALL VAN,D,642.69,9462.9192,41.59,2015-16,14.723924753769312,642.69,1722.4092000000003,Van
767,SMALL VAN,D,946.94,17060.61334,50.89,2015-16,18.016572686759456,946.94,2537.7992000000004,Van
YB08PZN,SMALL VAN,D,715.26,13716.40482,54.16,2015-16,19.176809579733245,715.26,1916.8968,Van
357,MINIBUS,D,341.72,2744.0,22.68,2015-16,8.029966054079363,341.72,915.8096000000002,Bus
997,MED VAN,D,928.43,12919.78152,40.76,2015-16,13.915730340467242,928.43,2488.1924,Van
1000,MED VAN,D,864.34,12449.85424,40.68,2015-16,14.403885322905339,864.34,2316.4312000000004,Van
1455,MED VAN,D,1020.74,10478.41274,28.99,2015-16,10.265506142602426,1020.7399999999999,2735.5832,Van
996,SMALL VAN,D,989.25,13856.4174,39.56,2015-16,14.006992570128887,989.2499999999999,2651.19,Van
999,SMALL VAN,D,1130.82,15444.83598,38.58,2015-16,13.658085265559507,1130.82,3030.5976,Van
995,SMALL VAN,D,951.25,12485.25972,37.07,2015-16,13.125108772667543,951.25,2549.3500000000004,Van
1002,SMALL VAN,D,1165.39,13711.5768,33.23,2015-16,11.765655102583684,1165.39,3123.2452000000003,Van
1001,MED VAN,D,654.83,7924.39016,34.18,2015-16,12.101446421208557,654.83,1754.9444000000003,Van
768,SMALL VAN,D,212.92,3683.77926,48.87,2015-16,17.30123642682698,212.91999999999996,570.6256,Van
742,SMALL VAN,D,1026.71,18262.79032,50.24,2015-16,17.787681351111804,1026.71,2751.5828,Van
745,SMALL VAN,D,1367.3,23555.90958,48.66,2015-16,17.22804767059168,1367.3,3664.364,Van
1477,MED VAN,D,373.96,3677.3419,27.77,2015-16,9.833516686276607,373.96000000000004,1002.2128,Van
1479,MED VAN,D,2329.01,22152.5651,26.86,2015-16,9.511580070502058,2329.01,6241.746800000001,Van
1154,SMALL VAN,D,1204.98,13225.55612,31.0,2015-16,10.975747414894853,1204.98,3229.3464000000004,Van
1156,SMALL VAN,D,979.67,10500.9435,30.27,2015-16,10.718857880714934,979.6700000000001,2625.5156,Van
1155,SMALL VAN,D,1033.25,10336.79082,28.26,2015-16,10.00415274135011,1033.25,2769.11,Van
1157,SMALL VAN,D,1179.12,12387.08998,29.67,2015-16,10.505368393378115,1179.12,3160.0416,Van
1480,MED VAN,D,388.46,3682.16992,26.77,2015-16,9.478890799567523,388.46,1041.0728,Van
1151,SMALL VAN,D,1330.94,15571.97384,33.05,2015-16,11.699981847416112,1330.94,3566.9192000000003,Van
1478,MED VAN,D,1752.64,16140.07086,26.01,2015-16,9.209005192167243,1752.6400000000003,4697.0752,Van
1153,SMALL VAN,D,926.1,11048.1191,33.69,2015-16,11.929725839542165,926.1,2481.9480000000003,Van
1152,SMALL VAN,D,1044.61,12514.22784,33.84,2015-16,11.97980857927839,1044.61,2799.5548,Van
1481,MED VAN,D,1890.36,16890.0233,25.24,2015-16,8.934818394379908,1890.3599999999997,5066.1648000000005,Van
1740ENE,MED VAN,D,1861.95,16964.05294,25.73,2015-16,9.110906812750075,1861.9499999999998,4990.026000000001,Van
1147,SMALL VAN,D,945.84,11096.3993,33.14,2015-16,11.731793220840732,945.8400000000001,2534.8512,Van
107,SMALL VAN,D,798.02,13111.29298,46.4,2015-16,16.429779930327562,798.02,2138.6936,Van
1524,MED VAN,D,1535.28,15623.47272,30.01,2015-16,10.17630186024699,1535.28,4114.5504,Van
1525,MED VAN,D,1065.38,12602.741539999999,33.42,2015-16,11.829339334322023,1065.38,2855.2184000000007,Van
1526,MED VAN,D,447.02,3741.7155,27.66,2015-16,8.370353675450763,447.0199999999999,1198.0136,Van
1531,MED VAN,D,982.43,10346.44686,31.85,2015-16,10.531485052370144,982.43,2632.9124,Van
1528,MED VAN,D,875.44,7858.40722,27.39,2015-16,8.97652291419172,875.44,2346.1792000000005,Van
1536,MED VAN,D,712.8,6117.10134,26.67,2015-16,8.581792003367005,712.8,1910.304,Van
1538,MED VAN,D,663.02,5257.71378,23.84,2015-16,7.929947482730537,663.02,1776.8936,Van
1540,MED VAN,D,589.23,4890.78426,26.35,2015-16,8.300297439030599,589.23,1579.1364,Van
1521,MED VAN,D,1345.08,13330.16322,29.41,2015-16,9.910312561334642,1345.08,3604.8144,Van
1534,MED VAN,D,840.36,7615.39688,27.74,2015-16,9.062064924556143,840.36,2252.1648,Van
1523,MED VAN,D,1025.86,9546.60488,26.34,2015-16,9.305952937047943,1025.86,2749.3048,Van
1537,MED VAN,D,329.1,1916.72394,26.45,2015-16,5.82413837739289,329.1,881.9880000000002,Van
1071,SMALL VAN,D,538.45,6842.91368,39.61,2015-16,12.7085405887269,538.45,1443.0460000000003,Van
1073,SMALL VAN,D,450.29,5820.98278,41.6,2015-16,12.927186435408293,450.29,1206.7772000000002,Van
1072,SMALL VAN,D,387.17,2998.20042,25.3,2015-16,7.743886199860526,387.17,1037.6156,Van
1074,SMALL VAN,D,1110.52,14693.2742,39.22,2015-16,13.230985664373447,1110.52,2976.1936,Van
1070,SMALL VAN,D,997.09,13944.9311,41.73,2015-16,13.985629281208315,997.0900000000001,2672.2012000000004,Van
1068,SMALL VAN,D,899.5,12181.09446,40.35,2015-16,13.542072773763202,899.5,2410.6600000000003,Van
1069,SMALL VAN,D,802.29,11558.27988,43.56,2015-16,14.406610926223685,802.29,2150.1372,Van
1075,SMALL VAN,D,994.96,14577.40172,43.76,2015-16,14.651243989708128,994.96,2666.4928000000004,Van
1557,MED VAN,D,1119.82,10916.15322,29.23,2015-16,9.74813203907771,1119.82,3001.1176,Van
1712,MED VAN,D,168.85,1588.41858,26.57,2015-16,9.407276162274208,168.85,452.51800000000003,Van
2196,MED TIPPER,D,1165.92,10203.2156,24.72,2015-16,8.7512141484836,1165.92,3124.6656000000003,Truck
1354,MED VAN,D,134.53,1337.36154,28.08,2015-16,9.940991154389357,134.53,360.54040000000003,Van
1356,MED VAN,D,188.03,2581.38136,38.78,2015-16,13.728561187044619,188.03,503.92040000000003,Van
1955,MED TIPPER,D,1560.18,8812.74584,15.95,2015-16,5.648544296170954,1560.18,4181.2824,Truck
396,MINIBUS,D,316.68,4147.26918,36.99,2015-16,13.096088101553619,316.68,848.7024000000001,Bus
1718,MED VAN,D,2761.2,23340.25802,23.87,2015-16,8.452940033318848,2761.2,7400.016,Van
1883,MED VAN,D,580.71,4948.7205,24.07,2015-16,8.52184481066281,580.71,1556.3028000000002,Van
1470,MED VAN,D,708.19,8852.97934,35.31,2015-16,12.500853358561967,708.19,1897.9492000000002,Van
1472,MED VAN,D,853.26,6876.70982,22.76,2015-16,8.059336919579026,853.26,2286.7368,Van
1471,MED VAN,D,1456.85,16825.649699999998,32.62,2015-16,11.54933569001613,1456.85,3904.358,Van
1474,MED VAN,D,65.0,626.03326,27.2,2015-16,9.631280923076924,65.0,174.20000000000002,Van
1475,LARGE VAN,D,329.0,2970.84164,30.42,2015-16,9.029913799392098,329.0,881.72,Van
369,MINIBUS,D,387.2,7609.0,60.38,2015-16,19.651342975206614,387.19999999999993,1037.6960000000001,Bus
1338ENE,MED VAN,D,2426.05,26275.69418,30.59,2015-16,10.830648247150718,2426.05,6501.814000000001,Van
284,WELFARE,D,3807.17,27059.442759999998,20.07,2015-16,7.107495268138801,3807.1699999999996,10203.215600000001,Bus
531,4 X 4,D,766.15,8273.61694,30.5,2015-16,10.798951824055342,766.15,2053.282,Car
1009,SMALL VAN,D,1645.1,22490.5265,38.61,2015-16,13.671221506291412,1645.1,4408.868,Van
1010,SMALL VAN,D,1071.4,14224.95626,37.5,2015-16,13.276979895463878,1071.4,2871.3520000000003,Van
1011,SMALL VAN,D,672.56,8445.81632,35.47,2015-16,12.557714285714287,672.56,1802.4608,Van
1012,SMALL VAN,D,623.19,8601.9223,38.99,2015-16,13.803049310804088,623.19,1670.1492000000003,Van
1013,SMALL VAN,D,812.8,11212.27178,38.96,2015-16,13.794625713582677,812.8,2178.304,Van
1014,SMALL VAN,D,734.35,9390.4989,36.12,2015-16,12.787497650983864,734.35,1968.0580000000002,Van
1015,SMALL VAN,D,1162.95,14368.18752,34.9,2015-16,12.354948639236424,1162.95,3116.706,Van
1016,SMALL VAN,D,1494.42,23789.26388,44.96,2015-16,15.918726917466307,1494.42,4005.0456000000004,Van
1017,SMALL VAN,D,464.56,5526.47356,33.6,2015-16,11.896145944549682,464.56,1245.0208,Van
1018,SMALL VAN,D,935.11,12057.17528,38.16,2015-16,12.893857706579974,935.11,2506.0948000000003,Van
1019,SMALL VAN,D,1179.94,15280.6833,36.58,2015-16,12.950390104581588,1179.94,3162.2392000000004,Van
1020,SMALL VAN,D,958.82,14265.18976,42.02,2015-16,14.87786003629461,958.82,2569.6376000000005,Van
1021,SMALL VAN,D,595.5,7317.66898,34.71,2015-16,12.28827704450042,595.5,1595.94,Van
1022,SMALL VAN,D,1307.84,15488.28816,34.74,2015-16,11.842647540983608,1307.84,3505.0112,Van
1023,SMALL VAN,D,951.49,12651.02174,37.55,2015-16,13.296011245520184,951.49,2549.9932000000003,Van
1024,SMALL VAN,D,801.38,10307.8227,36.33,2015-16,12.862590406548705,801.38,2147.6984,Van
1025,SMALL VAN,D,737.57,9582.01036,36.69,2015-16,12.991323345580758,737.57,1976.6876000000002,Van
1037,SMALL VAN,D,1017.8,14305.42326,39.7,2015-16,14.055239988209864,1017.8,2727.704,Van
1038,SMALL VAN,D,1047.85,14258.7524,38.43,2015-16,13.607627427589827,1047.85,2808.238,Van
1039,SMALL VAN,D,1060.3,13737.32624,36.59,2015-16,12.956074922191833,1060.3,2841.6040000000003,Van
1040,SMALL VAN,D,1077.95,16132.024159999999,42.27,2015-16,14.965466079131684,1077.95,2888.9060000000004,Van
1041,SMALL VAN,D,2084.34,31774.80896,43.06,2015-16,15.244542138038899,2084.34,5586.0312,Van
1194,SMALL VAN,D,1311.75,20070.07914,43.21,2015-16,15.30023185820469,1311.75,3515.4900000000002,Van
1195,SMALL VAN,D,934.94,15917.98194,48.09,2015-16,17.02567217147624,934.9400000000002,2505.6392,Van
1196,SMALL VAN,D,542.59,9065.41222,47.19,2015-16,16.70766549328222,542.59,1454.1412000000003,Van
10,CAR,D,3301.51,53904.8433,46.12,2015-16,16.327330009601667,3301.51,8848.046800000002,Car
11,CAR,D,5678.08,99386.40104,49.44,2015-16,17.50352250056357,5678.08,15217.2544,Car
1897,LARGE VAN,D,65.0,2156.5156,93.71,2015-16,33.17716307692308,65.0,174.20000000000002,Van
1967EHE,MED TIPPER,D,638.96,4480.4025599999995,24.8,2015-16,7.012023538249655,638.96,1712.4128000000003,Truck
1966,FLATBACK,D,838.29,5925.5898799999995,21.64,2015-16,7.068663445824237,838.29,2246.6172,Truck
959,SMALL VAN,D,710.19,9034.83476,35.93,2015-16,12.721714977682028,710.19,1903.3092000000001,Van
1947,FLATBACK,D,1885.41,12202.01588,18.91,2015-16,6.471810311815467,1885.41,5052.898800000001,Truck
953,SMALL VAN,D,1174.1,15993.62092,38.47,2015-16,13.622026164721916,1174.1,3146.5879999999997,Van
1459,MED VAN,D,1025.77,10856.60764,29.89,2015-16,10.583861528412802,1025.77,2749.0636,Van
356,MINIBUS,D,1295.24,15837.51494,34.54,2015-16,12.227475170624748,1295.24,3471.2432000000003,Bus
762,SMALL VAN,D,551.06,13785.60644,76.0,2015-16,25.01652531484775,551.06,1476.8408,Van
1882,MED VAN,D,2201.39,13270.61764,17.03,2015-16,6.028290143954502,2201.39,5899.7252,Van
1731,MED VAN,D,1664.85,16400.78394,27.82,2015-16,9.851208180917201,1664.85,4461.798,Van
1730,MED VAN,D,1978.67,18764.9044,26.79,2015-16,9.483594737879484,1978.67,5302.8356,Van
1723,MED VAN,D,1401.03,11098.00864,22.37,2015-16,7.921321199403296,1401.03,3754.7604,Van
1722,MED VAN,D,1781.02,15761.87596,25.0,2015-16,8.849915194663732,1781.02,4773.1336,Van
1729,MED VAN,D,1921.87,17543.41534,25.78,2015-16,9.12830490095584,1921.87,5150.6116,Van
1732,MED VAN,D,1001.17,7707.12926,21.74,2015-16,7.698122456725631,1001.17,2683.1356,Van
1733,MED VAN,D,1848.69,16576.202,25.33,2015-16,8.966458411091097,1848.6900000000003,4954.489200000001,Van
1737,MED VAN,D,815.26,8035.43462,27.84,2015-16,9.8562846453892,815.2600000000001,2184.8968,Van
1724,MED VAN,D,1236.19,11189.74102,25.57,2015-16,9.051797070029687,1236.19,3312.9892000000004,Van
1961ENE,MED TIPPER,D,1063.56,8481.2218,22.52,2015-16,7.9743707924329605,1063.56,2850.3408,Truck
0529ENE,4 X 4,D,1246.43,11304.00416,25.61,2015-16,9.069104690997488,1246.43,3340.4324,Car
1355ENE,MED VAN,D,313.27,2891.98398,26.07,2015-16,9.231602068503209,313.27,839.5636,Van
,MED VAN,D,1375.32,12002.45772,27.2,2015-16,8.7270291423087,1375.32,3685.8576000000003,Van
1351ENE,MED VAN,D,694.91,9234.39292,37.53,2015-16,13.288617115885511,694.91,1862.3588,Van
YC13DYP,MED VAN,D,1555.26,16461.93886,31.2,2015-16,10.584686071782208,1555.2600000000002,4168.0968,Van
1352ENE,MED VAN,D,1388.78,14912.14444,30.33,2015-16,10.737585823528565,1388.78,3721.9304,Van
YC13JZK,SMALL VAN,D,852.86,8133.60436,27.62,2015-16,9.536857585066716,852.86,2285.6648,Van
8540,SML SWEEPE,D,2895.02,5159.54404,5.03,2015-16,1.7822136081961437,2895.02,7758.653600000001,Truck
8541,SML SWEEPE,D,3886.93,6780.14942,4.93,2015-16,1.7443456455351654,3886.93,10416.9724,Truck
8542,SML SWEEPE,D,5783.0,8162.57248,3.99,2015-16,1.4114771710185026,5783.0,15498.44,Truck
8543,SML SWEEPE,D,5499.32,11986.36432,6.16,2015-16,2.1796084461351586,5499.32,14738.1776,Truck
8544,SML SWEEPE,D,5163.03,8436.16028,4.61,2015-16,1.6339553091885968,5163.03,13836.9204,Truck
8545,SML SWEEPE,D,4085.27,9464.52854,6.54,2015-16,2.3167449250600325,4085.27,10948.5236,Truck
8547,SML SWEEPE,D,971.69,2407.57264,7.0,2015-16,2.4777168026839833,971.69,2604.1292000000003,Truck
YC13YGD,SMALL VAN,D,466.89,5384.85164,35.55,2015-16,11.533448221208422,466.89,1251.2652,Van
1050,SMALL VAN,D,958.14,14287.72052,42.12,2015-16,14.911934080614525,958.14,2567.8152,Van
1171,SMALL VAN,D,801.66,11947.74016,42.09,2015-16,14.903749918918244,801.66,2148.4488,Van
1172,SMALL VAN,D,1207.97,16283.30212,38.07,2015-16,13.479889500567067,1207.97,3237.3596000000002,Van
293,WELFARE,D,3014.62,21486.29834,20.13,2015-16,7.127365419190479,3014.62,8079.1816,Bus
80,4 X 4,D,1139.94,14123.56784,34.99,2015-16,12.389746688422196,1139.94,3055.0392,Car
721,SMALL VAN,D,396.55,6096.17992,47.74,2015-16,15.373042289749085,396.55,1062.7540000000001,Van
2680,MED TIPPER,D,2305.67,15970.0,19.56,2015-16,6.92640317131246,2305.67,6179.195600000001,Truck
1026,SMALL VAN,D,941.21,12173.04776,36.53,2015-16,12.933402492536203,941.21,2522.4428000000003,Van
YC63WDZ,LARGE TIPP,D,118.25,644.0,31.24,2015-16,5.446088794926005,118.24999999999999,316.91,Truck
3433,LARGE TIPP,D,1516.9,8098.0,15.08,2015-16,5.338519348671633,1516.9,4065.2920000000004,Truck
3434,LARGE TIPP,D,1078.75,3360.0,8.8,2015-16,3.1147161066048668,1078.75,2891.05,Truck
3432,LARGE TIPP,D,1315.55,4538.0,9.74,2015-16,3.4495078104214967,1315.55,3525.674,Truck
1080,SMALL VAN,D,949.04,14233.00296,44.29,2015-16,14.997263508387423,949.04,2543.4272,Van
1079,SMALL VAN,D,561.82,8028.99726,43.48,2015-16,14.291049197251787,561.82,1505.6776000000002,Van
1082,SMALL VAN,D,893.19,13542.5961,44.98,2015-16,15.162055217814798,893.19,2393.7492,Van
1083,SMALL VAN,D,429.38,6081.69586,43.92,2015-16,14.163901113233033,429.38,1150.7384,Van
1081,SMALL VAN,D,543.35,7943.70224,44.96,2015-16,14.619862409128553,543.35,1456.178,Van
2602,MED TIPPER,D,1266.9,10191.95022,23.75,2015-16,8.044794553634857,1266.9,3395.2920000000004,Truck
3429,LARGE TIPP,D,1628.66,9565.91696,16.59,2015-16,5.8734892242702585,1628.6600000000003,4364.808800000001,Truck
429,WELFARE,D,6613.59,25705.0,10.98,2015-16,3.886693913593071,6613.59,17724.4212,Bus
78,CAR,D,53.57,603.5024999999999,31.82,2015-16,11.265680418144482,53.57,143.5676,Car
1342ENE,LARGE VAN,D,1688.19,15736.12652,26.33,2015-16,9.321300635591966,1688.1899999999998,4524.349200000001,Van
1340ENE,MED VAN,D,1212.11,10552.44238,24.59,2015-16,8.705845492570807,1212.11,3248.4548,Van
1350ENE,LARGE VAN,D,1114.56,10389.89904,29.79,2015-16,9.321973729543497,1114.56,2987.0208000000002,Van
YD13MRV,SMALL VAN,D,955.83,11622.65348,34.34,2015-16,12.15974962074846,955.83,2561.6244,Van
YD13MXR,SMALL VAN,D,299.19,3938.05498,37.18,2015-16,13.162388381964638,299.19,801.8292,Van
1125,SMALL VAN,D,1270.47,17078.31608,37.97,2015-16,13.442518186183067,1270.47,3404.8596000000002,Van
1894,LARGE VAN,D,2653.67,23459.34918,24.97,2015-16,8.84034155716423,2653.67,7111.8356,Van
98,MPV,D,1457.09,20095.82858,38.95,2015-16,13.791755197002246,1457.09,3905.0012,Bus
1044,SMALL VAN,D,918.4,14756.03846,45.38,2015-16,16.067115047909407,918.4,2461.312,Van
1045,SMALL VAN,D,523.08,9730.06964,52.54,2015-16,18.601494302974686,523.08,1401.8544000000002,Van
1051,SMALL VAN,D,1003.73,16815.99366,47.32,2015-16,16.75350309346139,1003.7299999999999,2689.9964,Van
1179,SMALL VAN,D,1168.05,15935.68468,38.53,2015-16,13.642981618937545,1168.05,3130.3740000000003,Van
1057,SMALL VAN,D,561.21,9818.58334,49.41,2015-16,17.4953820138629,561.21,1504.0428000000002,Van
1182,SMALL VAN,D,1192.66,17527.32194,41.51,2015-16,14.695992101688663,1192.66,3196.3288000000002,Van
1183,SMALL VAN,D,696.07,9427.51372,38.25,2015-16,13.543916157857687,696.07,1865.4676000000002,Van
1184,SMALL VAN,D,750.82,11872.10118,44.66,2015-16,15.812180256253162,750.82,2012.1976000000002,Van
1215,SMALL VAN,D,530.06,8057.96538,42.94,2015-16,15.201987284458363,530.06,1420.5608,Van
749,SMALL VAN,D,203.67,3081.8861,42.74,2015-16,15.131762655275693,203.67,545.8356,Van
790,SMALL VAN,D,858.99,16114.32142,52.99,2015-16,18.759614687016146,858.99,2302.0932000000003,Van
775,SMALL VAN,D,766.25,10539.56766,38.85,2015-16,13.754737566068517,766.25,2053.55,Van
772,SMALL VAN,D,496.95,8944.71172,50.84,2015-16,17.999218673910857,496.94999999999993,1331.826,Van
794,SMALL VAN,D,705.3,13547.42412,54.25,2015-16,19.20803079540621,705.3000000000001,1890.204,Van
789,SMALL VAN,D,1030.02,19032.05484,52.19,2015-16,18.477364361857052,1030.02,2760.4536000000003,Van
785,SMALL VAN,D,791.78,13981.94592,49.88,2015-16,17.6588773649246,791.7800000000001,2121.9704,Van
777,SMALL VAN,D,734.21,12280.87354,47.24,2015-16,16.726649786845726,734.21,1967.6828000000003,Van
781,SMALL VAN,D,316.3,6360.11168,56.79,2015-16,20.107845969016754,316.3,847.6840000000001,Van
783,SMALL VAN,D,755.67,13212.6814,49.38,2015-16,17.484724019744068,755.67,2025.1956,Van
793,SMALL VAN,D,809.22,16020.9797,55.92,2015-16,19.798052074837496,809.22,2168.7096,Van
786,SMALL VAN,D,349.25,5866.0443,47.44,2015-16,16.79611825340014,349.25,935.99,Van
787,SMALL VAN,D,561.51,10489.67812,52.76,2015-16,18.68119556196684,561.51,1504.8468,Van
788,SMALL VAN,D,514.63,8437.76962,46.31,2015-16,16.39579818510386,514.63,1379.2084,Van
779,SMALL VAN,D,537.88,10071.24972,52.88,2015-16,18.723971369078605,537.88,1441.5184000000002,Van
774,SMALL VAN,D,641.27,10674.75222,47.02,2015-16,16.646267905874282,641.27,1718.6036000000001,Van
792,SMALL VAN,D,649.86,11152.7262,48.47,2015-16,17.161736681746834,649.8600000000001,1741.6248,Van
780,SMALL VAN,D,922.16,18835.71536,57.69,2015-16,20.425647783464907,922.16,2471.3888,Van
773,SMALL VAN,D,500.85,6484.03086,36.57,2015-16,12.946053429170409,500.8500000000001,1342.2780000000002,Van
1067,SMALL VAN,D,169.69,4894.00294,81.47,2015-16,28.840844716836585,169.69,454.7692,Van
957,SMALL VAN,D,707.68,9303.59454,37.13,2015-16,13.146612225864798,707.68,1896.5824,Van
1948,MED TIPPER,D,2024.51,15565.53648,21.72,2015-16,7.688545119559795,2024.51,5425.6868,Truck
78079,MINIBUS,D,579.89,3773.9023,18.38,2015-16,6.507962372174034,579.89,1554.1052,Bus
759,SMALL VAN,D,776.68,14342.43808,52.16,2015-16,18.466341453365608,776.68,2081.5024,Van
952,SMALL VAN,D,1868.79,20802.32884,31.44,2015-16,11.131442719620717,1868.79,5008.3572,Van
985,SMALL VAN,D,1359.2,17417.88682,36.19,2015-16,12.814807842848733,1359.2,3642.6560000000004,Van
963,SMALL VAN,D,869.93,11670.93368,37.89,2015-16,13.415945742760913,869.93,2331.4124,Van
255,WELFARE,D,2680.94,17747.80152,18.7,2015-16,6.619992062485546,2680.94,7184.9192,Bus
256,WELFARE,D,4150.35,28388.7576,19.32,2015-16,6.840087607069283,4150.35,11122.938000000002,Bus
252,WELFARE,D,2748.84,18502.58198,19.01,2015-16,6.731050908746962,2748.84,7366.891200000001,Bus
253,WELFARE,D,3861.54,24846.60026,18.17,2015-16,6.434375989890044,3861.54,10348.9272,Bus
254,WELFARE,D,1692.2,11827.03966,19.74,2015-16,6.9891500177284005,1692.2,4535.0960000000005,Bus
251,WELFARE,D,3841.24,25623.91148,18.84,2015-16,6.670739521612813,3841.24,10294.5232,Bus
1736,MED VAN,D,1537.88,13856.4174,25.45,2015-16,9.010077119151038,1537.88,4121.518400000001,Van
1738,MED VAN,D,530.0,4631.68052,24.68,2015-16,8.739019849056604,530.0,1420.4,Van
4481,3 AXLE BIN,D,13699.82,16648.0,3.43,2015-16,1.2151984478628186,13699.82,36715.5176,Truck
1960ENE,MED TIPPER,D,892.79,7726.44134,24.44,2015-16,8.654265101535636,892.7900000000001,2392.6772,Truck
1130,SMALL VAN,D,1188.39,13993.211299999999,33.26,2015-16,11.77493188263112,1188.39,3184.8852000000006,Van
1128,SMALL VAN,D,1276.04,15773.14134,34.91,2015-16,12.361008542051973,1276.04,3419.7872,Van
1131,SMALL VAN,D,708.74,8706.5294,34.7,2015-16,12.28451815898637,708.74,1899.4232000000002,Van
1129,SMALL VAN,D,693.39,9356.70276,38.11,2015-16,13.494141478821444,693.39,1858.2852,Van
1549,MED VAN,D,1513.22,21996.45912,41.14,2015-16,14.536193759003977,1513.22,4055.4296000000004,Van
1529,MED VAN,D,1660.33,14934.6752,26.42,2015-16,8.995004125685858,1660.33,4449.6844,Van
57,CAR,D,203.45,2626.44288,36.46,2015-16,12.909525092160237,203.45,545.246,Car
2662,MED TIPPER,D,528.78,3754.59022,20.05,2015-16,7.100476984757367,528.78,1417.1304,Truck
2663,MED TIPPER,D,1331.49,10154.9354,22.39,2015-16,7.626745525689266,1331.49,3568.3932000000004,Truck
337,MINIBUS,D,313.49,4263.14166,38.41,2015-16,13.598971769434431,313.49,840.1532000000001,Bus
4457,3 AXLE BIN,D,13391.15,14503.0,3.06,2015-16,1.0830287167270922,13391.15,35888.282,Truck
4460,3 AXLE BIN,D,14120.87,15406.0,3.08,2015-16,1.0910092650098755,14120.869999999999,37843.9316,Truck
4458,3 AXLE BIN,D,12190.37,15302.0,3.55,2015-16,1.2552531219314917,12190.37,32670.191600000006,Truck
4462,3 AXLE BIN,D,13828.84,15405.0,3.15,2015-16,1.1139762988074198,13828.84,37061.2912,Truck
4459,3 AXLE BIN,D,11070.91,12641.0,3.22,2015-16,1.1418212233682687,11070.91,29670.038800000002,Truck
4465,3 AXLE BIN,D,9274.27,8381.0,2.55,2015-16,0.9036829852915647,9274.27,24855.0436,Truck
784467,3 AXLE BIN,D,15638.68,16643.0,3.01,2015-16,1.06422025388332,15638.68,41911.6624,Truck
784464,3 AXLE BIN,D,13339.99,14049.0,2.97,2015-16,1.0531492152542843,13339.99,35751.173200000005,Truck
4466,3 AXLE BIN,D,14014.34,16325.0,3.29,2015-16,1.1648782604104082,14014.34,37558.4312,Truck
4468,3 AXLE BIN,D,13338.04,14770.0,3.13,2015-16,1.1073591022369103,13338.04,35745.9472,Truck
4463,3 AXLE BIN,D,17796.18,23301.0,3.7,2015-16,1.309325933992576,17796.18,47693.76240000001,Truck
4469,3 AXLE BIN,D,11510.23,11313.0,2.78,2015-16,0.9828648080881095,11510.23,30847.416400000002,Truck
784470,3 AXLE BIN,D,14993.51,16409.0,3.09,2015-16,1.0944068466956702,14993.510000000002,40182.6068,Truck
94,CAR,D,4135.32,66359.52556,45.32,2015-16,16.04701100761247,4135.32,11082.6576,Car
93,CAR,D,2604.53,44290.64614,48.56,2015-16,17.00523554729644,2604.53,6980.140400000001,Car
374,MINIBUS,D,363.95,3052.91798,23.69,2015-16,8.388289545267208,363.95,975.3860000000001,Bus
1258,SMALL VAN,D,546.86,6730.25988,34.81,2015-16,12.30709848955857,546.86,1465.5848,Van
1266,SMALL VAN,D,394.42,5071.03034,36.31,2015-16,12.856930023832463,394.42,1057.0456000000001,Van
965,SMALL VAN,D,346.91,5801.6707,53.69,2015-16,16.723849701651723,346.91,929.7188000000001,Van
960,SMALL VAN,D,762.01,10164.59144,37.68,2015-16,13.339183790238973,762.01,2042.1868000000002,Van
980,SMALL VAN,D,653.04,7462.50958,32.28,2015-16,11.427339182898445,653.04,1750.1472,Van
976,SMALL VAN,D,700.37,10623.25334,42.84,2015-16,15.168058797492753,700.37,1876.9916,Van
986,SMALL VAN,D,1068.3,13059.7941,34.53,2015-16,12.224837686043246,1068.3,2863.044,Van
964,SMALL VAN,D,604.9,9813.75532,45.82,2015-16,16.223764787568193,604.9,1621.132,Van
954,SMALL VAN,D,1353.12,17182.92318,35.87,2015-16,12.698743038311461,1353.12,3626.3615999999997,Van
78967,SMALL VAN,D,48.51,,,2015-16,,,130.0068,Van
1952,FLATBACK,D,506.95,2880.7186,16.05,2015-16,5.682451129302693,506.94999999999993,1358.626,Truck
853,SMALL VAN,D,402.83,4657.42996,32.66,2015-16,11.561775339473229,402.83,1079.5844,Van
994,SMALL VAN,D,1159.43,15168.0295,36.95,2015-16,13.08231587935451,1159.43,3107.2724000000003,Van
765,SMALL VAN,D,285.43,5117.7012,50.64,2015-16,17.929794345373647,285.43,764.9524,Van
1884,LARGE VAN,D,1916.87,17021.0,25.08,2015-16,8.879579731541524,1916.87,5137.2116,Van
744,SMALL VAN,D,290.19,5180.46546,50.42,2015-16,17.85197787656363,290.19,777.7092,Van
743,SMALL VAN,D,781.53,14416.46772,52.1,2015-16,18.44646746765959,781.53,2094.5004,Van
1169,SMALL VAN,D,1653.02,17971.49978,30.71,2015-16,10.871919141934155,1653.0200000000002,4430.0936,Van
1160,SMALL VAN,D,1290.67,13693.87406,29.97,2015-16,10.609895682087597,1290.67,3458.9956,Van
1150,SMALL VAN,D,495.89,6604.73136,37.62,2015-16,13.318944443324124,495.89,1328.9852,Van
1739ENE,MED VAN,D,1005.15,8637.32778,24.27,2015-16,8.593073451723622,1005.1500000000001,2693.802,Van
8546,SML SWEEPE,D,4665.51,7880.93798,4.77,2015-16,1.6891911023660864,4665.51,12503.5668,Truck
,SMALL VAN,D,976.9,11339.40964,32.78,2015-16,11.607543904186713,976.9,2618.092,Van
1158,SMALL VAN,D,1821.02,19390.93766,30.08,2015-16,10.648393570636237,1821.02,4880.3336,Van
1749,MED VAN,D,2515.05,22096.2382,24.81,2015-16,8.785605932287627,2515.05,6740.334000000001,Van
1148,SMALL VAN,D,908.34,10405.99244,32.36,2015-16,11.456054384921945,908.34,2434.3512,Van
1134,SMALL VAN,D,583.02,6664.27694,32.28,2015-16,11.430614627285513,583.02,1562.4936,Van
106,SMALL VAN,D,858.69,14247.48702,46.86,2015-16,16.592119414456906,858.6899999999999,2301.2892,Van
1133,SMALL VAN,D,1004.9,12422.49546,34.92,2015-16,12.361922041994228,1004.9,2693.132,Van
1164,SMALL VAN,D,1335.69,15988.7929,33.81,2015-16,11.970436927730237,1335.69,3579.6492000000003,Van
1132,SMALL VAN,D,915.91,11843.13306,36.52,2015-16,12.930455022873428,915.9099999999999,2454.6388,Van
1135,SMALL VAN,D,1066.48,15023.1889,39.79,2015-16,14.086704767084239,1066.48,2858.1664,Van
1161,SMALL VAN,D,1171.47,16912.55406,40.78,2015-16,14.43703557069323,1171.47,3139.5396,Van
1136,SMALL VAN,D,1195.64,13629.50046,32.2,2015-16,11.399334632498075,1195.64,3204.3152000000005,Van
1149,SMALL VAN,D,852.75,8772.51234,29.06,2015-16,10.287320246262093,852.75,2285.3700000000003,Van
1166,SMALL VAN,D,1318.3,14191.16012,30.4,2015-16,10.764742562390959,1318.3,3533.044,Van
,SMALL VAN,D,1147.58,15216.3097,37.45,2015-16,13.259476202094843,1147.58,3075.5144,Van
1142,SMALL VAN,D,708.29,8077.27746,32.21,2015-16,11.403912888788492,708.29,1898.2172,Van
1165,SMALL VAN,D,1372.01,14659.47806,30.18,2015-16,10.684672895970145,1372.01,3676.9868,Van
1141,SMALL VAN,D,908.46,10924.19992,33.96,2015-16,12.024965237875083,908.4600000000002,2434.6728000000003,Van
1168,SMALL VAN,D,1300.89,15782.79738,34.27,2015-16,12.13230740493047,1300.89,3486.3852000000006,Van
1167,SMALL VAN,D,802.45,8243.03948,29.01,2015-16,10.272340307807339,802.45,2150.5660000000003,Van
1143,SMALL VAN,D,370.39,9350.2654,71.3,2015-16,25.244378627932722,370.39,992.6452,Van
1146,SMALL VAN,D,1325.83,14661.0874,31.23,2015-16,11.058044696529722,1325.83,3553.2244,Van
1144,SMALL VAN,D,984.2,11184.913,32.1,2015-16,11.364471652103232,984.1999999999999,2637.6560000000004,Van
1162,SMALL VAN,D,1318.19,16194.78842,34.7,2015-16,12.285625304394662,1318.19,3532.7492,Van
1139,SMALL VAN,D,1188.15,15113.31194,35.93,2015-16,12.720036981862558,1188.15,3184.2420000000006,Van
1140,SMALL VAN,D,1089.68,12657.4591,32.81,2015-16,11.615757928933265,1089.68,2920.3424000000005,Van
1890,LARGE VAN,D,2435.68,21000.27766,24.35,2015-16,8.621936239571701,2435.68,6527.6224,Van
1137,SMALL VAN,D,985.92,10423.69518,29.86,2015-16,10.572556779454723,985.92,2642.2656,Van
1741ENE,MED VAN,D,1252.69,10018.1415,22.59,2015-16,7.99730300393553,1252.69,3357.2092000000002,Van
1742ENE,MED VAN,D,2009.79,18652.2506,26.21,2015-16,9.280696291652362,2009.79,5386.2372000000005,Van
1544,MED VAN,D,1348.6,10607.15994,23.34,2015-16,7.865312131098918,1348.6,3614.248,Van
1548,MED VAN,D,1111.09,10159.76342,27.43,2015-16,9.143960813255452,1111.09,2977.7212,Van
1554,MED VAN,D,3173.73,37154.83258,33.76,2015-16,11.706992270924118,3173.73,8505.5964,Van
1551,MED VAN,D,1114.38,11189.74102,30.12,2015-16,10.041225632190095,1114.38,2986.5384000000004,Van
1541,MED VAN,D,826.48,6820.38292,25.3,2015-16,8.252326638273159,826.48,2214.9664000000002,Van
1552,MED VAN,D,879.42,7942.0929,27.54,2015-16,9.031057856314389,879.42,2356.8456,Van
1556,MED VAN,D,881.12,9158.75394,31.7,2015-16,10.39444563737062,881.12,2361.4016,Van
1532,MED VAN,D,836.82,7382.04258,27.01,2015-16,8.821541765254176,836.82,2242.6776000000004,Van
1542,MED VAN,D,1083.31,9466.13788,25.08,2015-16,8.738161634250584,1083.31,2903.2708000000002,Van
1550,MED VAN,D,455.0,3648.37378,31.71,2015-16,8.018403912087912,455.0,1219.4,Van
1561,MED VAN,D,1491.51,14564.527,28.84,2015-16,9.764954308050232,1491.5099999999998,3997.2468000000003,Van
1546,MED VAN,D,1407.98,13513.62798,28.42,2015-16,9.5978834784585,1407.98,3773.3864000000003,Van
1545,MED VAN,D,585.0,7974.2797,43.31,2015-16,13.631247350427351,585.0,1567.8000000000002,Van
1533,MED VAN,D,1385.52,11381.25248,24.34,2015-16,8.214426699001097,1385.52,3713.1936,Van
1543,MED VAN,D,711.61,6129.97606,26.78,2015-16,8.61423540984528,711.61,1907.1148,Van
1539,MED VAN,D,1363.74,12789.42498,27.81,2015-16,9.378198908882924,1363.7400000000002,3654.8232000000003,Van
1547,MED VAN,D,1478.19,13333.3819,26.65,2015-16,9.020073129976526,1478.19,3961.5492000000004,Van
1553,MED VAN,D,1658.29,14447.04518,25.61,2015-16,8.712013688799908,1658.29,4444.2172,Van
1527,MED VAN,D,1470.46,13764.68502,27.66,2015-16,9.360802075540988,1470.46,3940.8328,Van
1520,MED VAN,D,1070.8,9977.908,28.02,2015-16,9.318180799402317,1070.8,2869.744,Van
1919,FLATBACK,D,1532.56,15184.1229,27.98,2015-16,9.907685767604532,1532.56,4107.2608,Truck
942,SMALL VAN,D,698.9,9715.58558,39.26,2015-16,13.901252797252827,698.9,1873.0520000000001,Van
993,SMALL VAN,D,765.22,8778.9497,32.46,2015-16,11.47245197459554,765.22,2050.7896,Van
989,SMALL VAN,D,967.64,11295.95746,32.97,2015-16,11.673719007068744,967.64,2593.2752,Van
718,SMALL VAN,D,862.75,14604.7605,47.81,2015-16,16.928148942335554,862.7500000000001,2312.17,Van
717,SMALL VAN,D,241.86,4102.20766,47.91,2015-16,16.961083519391384,241.86,648.1848000000001,Van
719,SMALL VAN,D,636.41,11349.06568,50.37,2015-16,17.832946811018054,636.41,1705.5788,Van
1719,MED VAN,D,1396.05,11357.11238,22.98,2015-16,8.135175946420258,1396.05,3741.414,Van
1717,MED VAN,D,2418.81,22965.2818,26.82,2015-16,9.494454628515676,2418.81,6482.410800000001,Van
1469,MED VAN,D,1793.09,22331.20184,35.18,2015-16,12.454032892939006,1793.09,4805.4812,Van
741,SMALL VAN,D,407.76,7209.8432,49.94,2015-16,17.68158524622327,407.75999999999993,1092.7968,Van
1303ENE,MED VAN,D,522.48,9107.25506,49.23,2015-16,17.43082043331802,522.48,1400.2464000000002,Van
1304ENE,MED VAN,D,786.35,7385.26126,26.53,2015-16,9.391824581929166,786.35,2107.418,Van
1305ENE,MED VAN,D,839.72,8804.69914,29.61,2015-16,10.485279783737436,839.72,2250.4496000000004,Van
1307ENE,MED VAN,D,1031.13,,,2015-16,,,2763.4284000000002,Van
1306ENE,MED VAN,D,651.86,6044.68104,32.22,2015-16,9.272974319639188,651.8599999999999,1746.9848000000002,Van
1308ENE,MED VAN,D,600.45,6313.44082,29.7,2015-16,10.514515480056623,600.45,1609.2060000000001,Van
1309ENE,MED VAN,D,690.36,41580.51758,187.8,2015-16,,,1850.1648000000002,Van
1311ENE,MED VAN,D,1380.61,16223.75654,33.19,2015-16,11.75115096949899,1380.61,3700.0348,Van
1310ENE,MED VAN,D,1792.34,19616.24526,30.91,2015-16,10.944488913933741,1792.34,4803.4712,Van
1312ENE,MED VAN,D,1270.12,13119.33968,29.17,2015-16,10.329212735804491,1270.12,3403.9216,Van
1326ENE,MED VAN,D,429.07,4227.73618,30.53,2015-16,9.85325513319505,429.06999999999994,1149.9076,Van
1314ENE,MED VAN,D,661.84,9387.28022,44.42,2015-16,14.183609663967122,661.84,1773.7312000000002,Van
1319ENE,MED VAN,D,761.07,8679.17062,32.21,2015-16,11.403905843089335,761.07,2039.6676000000002,Van
1320ENE,MED VAN,D,1253.3,11936.47478,26.9,2015-16,9.524036367988511,1253.3,3358.844,Van
1315ENE,MED VAN,D,649.1,6361.72102,30.7,2015-16,9.800833492528115,649.1,1739.5880000000002,Van
1316ENE,MED VAN,D,1634.11,17924.82892,30.98,2015-16,10.969169101223297,1634.11,4379.4148,Van
1321ENE,MED VAN,D,1057.56,10396.3364,27.77,2015-16,9.830493210787095,1057.56,2834.2608,Van
1322ENE,MED VAN,D,1053.46,13684.21802,36.69,2015-16,12.989784158866971,1053.46,2823.2728,Van
1324ENE,MED VAN,D,1945.68,24009.74346,34.85,2015-16,12.340026859504132,1945.6800000000003,5214.4224,Van
1325ENE,MED VAN,D,1202.25,14345.65676,33.7,2015-16,11.932340827614889,1202.25,3222.03,Van
1317ENE,MED VAN,D,631.41,6096.17992,29.91,2015-16,9.654867550403067,631.41,1692.1788,Van
1318ENE,MED VAN,D,1281.55,15763.4853,34.74,2015-16,12.300327962233235,1281.55,3434.554,Van
1332ENE,MED VAN,D,835.71,7848.75118,28.76,2015-16,9.39171624127987,835.71,2239.7028,Van
1330ENE,MED VAN,D,1560.66,16989.80238,30.75,2015-16,10.886293222098343,1560.66,4182.568800000001,Van
1327ENE,MED VAN,D,2461.57,27231.64214,31.25,2015-16,11.062712878366245,2461.57,6597.007600000001,Van
1328ENE,MED VAN,D,604.55,6018.9316,28.12,2015-16,9.956052601108263,604.55,1620.194,Van
1329ENE,MED VAN,D,1365.0,15251.71518,31.56,2015-16,11.173417714285714,1365.0,3658.2000000000003,Van
1302ENE,MED VAN,D,2714.47,24412.07846,25.4,2015-16,8.993313044535398,2714.47,7274.7796,Van
1301ENE,MED VAN,D,1627.96,14271.62712,24.76,2015-16,8.76657111968353,1627.96,4362.9328000000005,Van
1504,MED VAN,D,1560.1,17947.35968,32.49,2015-16,11.503980308954556,1560.1,4181.068,Van
1027,SMALL VAN,D,1112.96,12950.358979999999,32.86,2015-16,11.635960843156985,1112.96,2982.7328,Van
1028,SMALL VAN,D,954.06,12549.63332,37.15,2015-16,13.153924616900406,954.06,2556.8808,Van
1029,SMALL VAN,D,1387.36,19667.74414,40.04,2015-16,14.176381141160189,1387.36,3718.1248,Van
1030,SMALL VAN,D,778.83,9649.60264,34.99,2015-16,12.389870241259324,778.83,2087.2644,Van
4410,3 AXLE BIN,D,18443.61,22543.0,3.45,2015-16,1.2222661398717496,18443.61,49428.874800000005,Truck
4402,3 AXLE BIN,D,17779.37,19734.0,3.13,2015-16,1.1099380911697097,17779.37,47648.7116,Truck
4401,3 AXLE BIN,D,19426.93,23425.0,3.42,2015-16,1.205800401813359,19426.93,52064.1724,Truck
4408,3 AXLE BIN,D,16774.63,19958.0,3.37,2015-16,1.1897728891784796,16774.63,44956.008400000006,Truck
4405,3 AXLE BIN,D,17659.47,20377.0,3.26,2015-16,1.1538851392482332,17659.47,47327.37960000001,Truck
4406,3 AXLE BIN,D,18732.62,18137.0,2.73,2015-16,0.9682041273457744,18732.62,50203.4216,Truck
4407,3 AXLE BIN,D,16238.73,16209.0,2.82,2015-16,0.9981691918025609,16238.73,43519.7964,Truck
4404,3 AXLE BIN,D,19543.07,19965.0,2.89,2015-16,1.0215897502285978,19543.069999999996,52375.4276,Truck
4415,3 AXLE BIN,D,14318.24,19718.0,3.89,2015-16,1.3771245627954274,14318.24,38372.883200000004,Truck
4416,3 AXLE BIN,D,16144.6,18715.0,3.27,2015-16,1.1592111294178857,16144.600000000002,43267.528000000006,Truck
4411,3 AXLE BIN,D,17043.57,19266.0,3.19,2015-16,1.1303969766897428,17043.57,45676.7676,Truck
4412,3 AXLE BIN,D,18321.52,19812.0,3.05,2015-16,1.0813513289290408,18321.52,49101.6736,Truck
4414,3 AXLE BIN,D,16314.81,14127.0,2.45,2015-16,0.8659003690511873,16314.81,43723.690800000004,Truck
4403,3 AXLE BIN,D,18675.58,20954.0,3.17,2015-16,1.121999959305146,18675.58,50050.55440000001,Truck
4409,3 AXLE BIN,D,19633.73,21732.0,3.13,2015-16,1.1068706761272566,19633.729999999996,52618.396400000005,Truck
4413,3 AXLE BIN,D,18492.28,19365.0,2.96,2015-16,1.0471937478774926,18492.28,49559.3104,Truck
376,MINIBUS,D,214.1,1910.28658,32.18,2015-16,8.922403456328817,214.10000000000002,573.788,Bus
377,MINIBUS,D,254.06,3260.52284,47.47,2015-16,12.833672518302764,254.05999999999997,680.8808,Bus
1084,SMALL VAN,D,273.15,3904.25884,46.24,2015-16,14.293460882299104,273.15,732.042,Van
1969,MED TIPPER,D,588.01,3699.87266,19.98,2015-16,6.292193432084488,588.01,1575.8668,Truck
1405,MED VAN,D,18.6,754.78046,114.61,2015-16,40.57959462365591,18.6,49.848000000000006,Van
928,SMALL VAN,D,228.8,2096.97002,31.23,2015-16,9.16507875874126,228.8,613.1840000000001,Van
2211,LARGE VAN,D,1875.91,16817.603,25.32,2015-16,8.96503723526182,1875.9099999999999,5027.438800000001,Van
366,MED VAN,D,1727.63,15552.0,25.43,2015-16,9.0019274960495,1727.63,4630.048400000001,Van
1110,SMALL VAN,D,346.09,3999.2099,32.64,2015-16,11.555404374584645,346.09,927.5212,Van
424,WELFARE,D,6464.59,27196.0,11.88,2015-16,4.206917994799361,6464.59,17325.1012,Bus
428,WELFARE,D,5235.38,21449.0,11.57,2015-16,4.0969327918890315,5235.380000000001,14030.818400000002,Bus
426,WELFARE,D,6523.55,27688.0,11.99,2015-16,4.2443148285825965,6523.550000000001,17483.114,Bus
427,WELFARE,D,6673.01,29911.0,12.66,2015-16,4.482385010662354,6673.01,17883.666800000003,Bus
425,WELFARE,D,8514.84,41550.0,13.78,2015-16,4.879715884267937,8514.84,22819.771200000003,Bus
85,MPV,D,1031.93,18542.81548,50.75,2015-16,17.969063289176592,1031.93,2765.5724000000005,Bus
81,MPV,D,1214.8,,,2015-16,,,3255.664,Bus
1735,MED VAN,D,1247.66,11109.27402,25.15,2015-16,8.90408766811471,1247.66,3343.7288000000003,Van
84,MPV,D,882.31,9377.62418,31.65,2015-16,10.6284913239111,882.3099999999998,2364.5908,Bus
82,MPV,D,2499.41,143820.27844,162.52,2015-16,,,6698.4188,Bus
83,MPV,D,992.62,10895.2318,33.17,2015-16,10.976236424815136,992.6199999999999,2660.2216000000003,Bus
1344EHE,LARGE VAN,D,1814.31,19582.44912,30.48,2015-16,10.793331415248772,1814.3100000000002,4862.3508,Van
1341ENE,LARGE VAN,D,1293.82,11580.81064,25.28,2015-16,8.95086692121006,1293.82,3467.4376,Van
1349ENE,LARGE VAN,D,1769.87,13775.9504,22.82,2015-16,7.783594501291056,1769.87,4743.2516,Van
1348ENE,LARGE VAN,D,1613.01,17950.57836,31.43,2015-16,11.12862186843231,1613.01,4322.8668,Van
1347ENE,LARGE VAN,D,1458.15,15486.67882,30.0,2015-16,10.620772087919622,1458.15,3907.8420000000006,Van
285,WELFARE,D,3418.07,24709.80636,20.42,2015-16,7.229169197822162,3418.07,9160.4276,Bus
1189,SMALL VAN,D,1439.91,22488.91716,44.11,2015-16,15.618279725816196,1439.91,3858.9588000000003,Van
1185,SMALL VAN,D,595.18,7821.3924,37.12,2015-16,13.14122181524917,595.18,1595.0824,Van
3113,LARGE TIPP,D,540.42,3349.03654,19.96,2015-16,6.197099552200141,540.42,1448.3256,Truck
3115,LARGE TIPP,D,1525.93,10945.12134,20.26,2015-16,7.172754543131074,1525.93,4089.4924000000005,Truck
287,WELFARE,D,4057.64,30748.05004,21.4,2015-16,7.57781617886259,4057.64,10874.4752,Bus
3114,LARGE TIPP,D,1301.29,7840.70448,17.02,2015-16,6.025332155015408,1301.29,3487.4572000000003,Truck
286,WELFARE,D,4152.98,30480.8996,20.73,2015-16,7.339524774980858,4152.98,11129.9864,Bus
1192,SMALL VAN,D,1320.51,16418.486679999998,35.12,2015-16,12.433443654345668,1320.51,3538.9668,Van
1042,SMALL VAN,D,742.7,9950.54922,37.85,2015-16,13.397804254746196,742.7,1990.4360000000001,Van
1053,SMALL VAN,D,675.71,9403.37362,39.31,2015-16,13.916286010270678,675.71,1810.9028000000003,Van
1046,SMALL VAN,D,189.68,5368.75824,96.49,2015-16,28.304292703500632,189.68,508.34240000000005,Van
1180,SMALL VAN,D,862.96,11865.66382,38.84,2015-16,13.749958074534161,862.96,2312.7328,Van
1181,SMALL VAN,D,832.54,10587.84786,35.92,2015-16,12.717524515338603,832.54,2231.2072,Van
1064,SMALL VAN,D,519.83,7446.41618,44.15,2015-16,14.324714195025296,519.83,1393.1444000000001,Van
1061,SMALL VAN,D,469.97,6163.7722,40.34,2015-16,13.115246079536991,469.97,1259.5196,Van
1052,SMALL  VAN,D,681.32,10760.04724,44.61,2015-16,15.792941994950976,681.32,1825.9376000000002,Van
1054,SMALL VAN,D,495.32,8072.44944,46.03,2015-16,16.29744294597432,495.32,1327.4576,Van
288,WELFARE,D,4522.92,35193.04712,21.98,2015-16,7.781045678455512,4522.92,12121.4256,Bus
1055,SMALL VAN,D,876.52,12869.89198,41.47,2015-16,14.682941610003196,876.52,2349.0736,Van
1056,SMALL VAN,D,726.05,11304.00416,43.97,2015-16,15.569181406239242,726.05,1945.814,Van
1058,SMALL VAN,D,471.23,6813.94556,40.84,2015-16,14.459914606455445,471.23,1262.8964,Van
1059,SMALL VAN,D,1010.57,16877.14858,47.17,2015-16,16.700622994943448,1010.57,2708.3276,Van
1893,LARGE VAN,D,2245.53,19741.77378,24.83,2015-16,8.791587634099743,2245.53,6018.020400000001,Van
1895,LARGE VAN,D,3973.66,33677.04884,23.94,2015-16,8.475070549568912,3973.6600000000003,10649.408800000001,Van
1896,LARGE VAN,D,3972.06,34867.96044,24.79,2015-16,8.778306581471579,3972.0600000000004,10645.1208,Van
1485,MED VAN,D,778.05,10935.4653,39.7,2015-16,14.054964719491036,778.05,2085.174,Van
1486,MED VAN,D,1484.17,19986.39346,38.03,2015-16,13.46637747697366,1484.17,3977.5756000000006,Van
1060,SMALL VAN,D,784.19,13053.35674,47.01,2015-16,16.645655695685992,784.19,2101.6292000000003,Van
1062,SMALL VAN,D,863.26,11458.5008,37.49,2015-16,13.273522229687464,863.26,2313.5368000000003,Van
1065,SMALL VAN,D,673.11,10245.05844,42.99,2015-16,15.220481704327673,673.11,1803.9348000000002,Van
1066,SMALL VAN,D,347.4,5194.94952,42.24,2015-16,14.953798272884285,347.4,931.032,Van
1063,SMALL VAN,D,846.45,12971.2804,43.28,2015-16,15.324331502156062,846.45,2268.4860000000003,Van
1043,SMALL VAN,D,850.84,13069.45014,43.38,2015-16,15.360643763809883,850.84,2280.2512,Van
1188,SMALL VAN,D,885.69,13774.34106,43.93,2015-16,15.55210181892084,885.69,2373.6492000000003,Van
1186,SMALL VAN,D,1726.21,23374.05416,38.24,2015-16,13.540678225708342,1726.21,4626.2428,Van
1190,SMALL VAN,D,1761.47,24679.2289,39.57,2015-16,14.010587123255007,1761.47,4720.739600000001,Van
1187,SMALL VAN,D,1568.2,25004.31558,45.03,2015-16,15.944596084683075,1568.2,4202.776000000001,Van
3311,LIBRARY BU,D,2572.05,9142.0,10.04,2015-16,3.5543632511032053,2572.05,6893.094000000001,Bus
289,WELFARE,D,3466.14,24592.32454,20.04,2015-16,7.095017668068803,3466.14,9289.2552,Bus
78041,MINIBUS,D,143.63,1134.5846999999999,22.31,2015-16,7.899357376592634,143.63,384.9284,Bus
1412,MED VAN,D,646.57,8032.21594,35.09,2015-16,12.422809502451397,646.57,1732.8076000000003,Van
1294,SMALL VAN,D,583.26,8275.22628,40.07,2015-16,14.187885814216646,583.26,1563.1368,Van
1416,MED VAN,D,193.61,2043.8618,29.82,2015-16,10.556592118175713,193.61,518.8748,Van
2632,MED TIPPER,D,1088.89,8918.96228,24.6,2015-16,8.19087536849452,1088.89,2918.2252000000003,Truck
750,SMALL VAN,D,629.19,11806.11824,53.0,2015-16,18.763995359112506,629.19,1686.2292000000002,Van
752,SMALL VAN,D,248.56,3691.82596,41.95,2015-16,14.852856292243322,248.56,666.1408,Van
2638,MED TIPPER,D,504.02,2737.48734,17.61,2015-16,5.431306971945558,504.02,1350.7736,Truck
2644,MED TIPPER,D,1110.94,11941.3028,30.36,2015-16,10.74882783948728,1110.94,2977.3192000000004,Truck
755,SMALL VAN,D,220.78,3312.02172,42.37,2015-16,15.001457197209893,220.78,591.6904000000001,Van
751,SMALL VAN,D,34.78,553.61296,44.96,2015-16,15.917566417481313,34.78,93.2104,Van
1453,MED VAN,D,1578.34,18095.41896,32.38,2015-16,11.464842150613936,1578.34,4229.9512,Van
1875,MED VAN,D,1214.01,11990.0,27.89,2015-16,9.87636016177791,1214.01,3253.5468,Van
2220,LARGE VAN,D,2295.23,17553.07138,21.6,2015-16,7.647630686249308,2295.23,6151.2164,Van
1876,LARGE VAN,D,2524.9,20359.0,22.77,2015-16,8.063289635233078,2524.9,6766.732000000001,Van
368,MINIBUS,D,1170.99,11426.0,27.56,2015-16,9.757555572635122,1170.99,3138.2532,Bus
79,CAR,D,327.84,4834.45736,41.65,2015-16,14.74639263055149,327.84,878.6111999999999,Car
1333ENE,MED VAN,D,187.65,1659.22954,24.97,2015-16,8.842150492938982,187.65,502.90200000000004,Van
1334ENE,MED VAN,D,973.62,9134.61384,26.5,2015-16,9.382114007518334,973.62,2609.3016000000002,Van
1336ENE,MED VAN,D,1354.93,12607.56956,26.28,2015-16,9.304960079118478,1354.93,3631.2124000000003,Van
1335ENE,MED VAN,D,1040.0,10539.56766,28.62,2015-16,10.134199673076923,1040.0,2787.2000000000003,Van
1337ENE,MED VAN,D,1466.03,14500.1534,27.94,2015-16,9.89076171701807,1466.03,3928.9604,Van
1031,SMALL VAN,D,973.66,14149.31728,41.04,2015-16,14.53209259905922,973.6599999999999,2609.4088,Van
1032,SMALL VAN,D,1042.15,17459.72966,47.32,2015-16,16.75356681859617,1042.15,2792.9620000000004,Van
1033,SMALL VAN,D,676.47,9945.7212,41.53,2015-16,14.702383254246307,676.47,1812.9396000000002,Van
1034,SMALL VAN,D,1059.02,13890.21354,37.05,2015-16,13.116101244546845,1059.02,2838.1736,Van
1035,SMALL VAN,D,1293.95,17538.58732,38.28,2015-16,13.55430064531087,1293.95,3467.7860000000005,Van
1036,SMALL VAN,D,1153.29,14759.25714,36.15,2015-16,12.79752459485472,1153.29,3090.8172,Van
YG63FVR,LARGE TIPP,D,1019.08,3363.0,9.95,2015-16,3.300035325980296,1019.08,2731.1344000000004,Truck
YG63FVS,LARGE TIPE,D,4339.36,14308.0,9.31,2015-16,3.297260425500535,4339.36,11629.4848,Truck
1047,SMALL VAN,D,629.21,8173.83786,36.69,2015-16,12.990635654233085,629.21,1686.2828000000002,Van
2606,MED TIPPER,D,895.31,4462.0,14.08,2015-16,4.983748645720477,895.3099999999998,2399.4308,Truck
2604,MED TIPPER,D,292.51,2013.28434,19.44,2015-16,6.882788075621346,292.51,783.9268000000001,Truck
2600,MED TIPPER,D,1754.82,8045.0,12.95,2015-16,4.584515790793358,1754.8200000000002,4702.9176,Truck
2607,MED TIPPER,D,847.87,7584.81942,27.28,2015-16,8.94573392147381,847.8700000000001,2272.2916,Truck
2601,MED TIPPER,D,481.11,2092.0,12.28,2015-16,4.348277940595706,481.11,1289.3748,Truck
1407,MED VAN,D,989.96,12945.53096,39.32,2015-16,13.076822255444664,989.96,2653.0928000000004,Van
1937,FLATBACK,D,1168.07,8040.26264,19.44,2015-16,6.883373975874734,1168.07,3130.4276,Truck
1939,FLATBACK,D,1468.06,10827.63952,20.83,2015-16,7.375474789858726,1468.06,3934.4008,Truck
1936,FLATBACK,D,741.43,5244.83906,19.98,2015-16,7.073950420134066,741.43,1987.0324,Truck
522,4 X 4,D,496.32,5998.01018,34.13,2015-16,12.084965707607996,496.32,1330.1376,Car
335,MINIBUS,D,456.43,3619.40566,22.4,2015-16,7.929815437197379,456.43,1223.2324,Bus
358,MINIBUS,D,429.32,7031.20646,52.92,2015-16,16.377542299450294,429.32,1150.5776,Bus
1881,MED VAN,D,623.28,6896.0219,34.89,2015-16,11.064083397509947,623.28,1670.3904,Van
1880,MED VAN,D,304.23,3295.92832,36.64,2015-16,10.833672944811491,304.23,815.3364000000001,Van
1879,MED VAN,D,2071.73,17091.1908,24.06,2015-16,8.249719220168652,2071.73,5552.236400000001,Van
1725,MED VAN,D,2177.19,17895.8608,23.22,2015-16,8.219705583802975,2177.19,5834.8692,Van
1721,MED VAN,D,2268.16,19006.3054,23.67,2015-16,8.379614048391648,2268.16,6078.6688,Van
1728,MED VAN,D,1837.76,14923.40982,22.94,2015-16,8.120434561640257,1837.7600000000002,4925.196800000001,Van
1734,MED VAN,D,1365.0,12813.56508,26.51,2015-16,9.387227164835165,1365.0,3658.2000000000003,Van
1726,MED VAN,D,1405.22,12612.39758,25.35,2015-16,8.97539003145415,1405.22,3765.9896000000003,Van
1727,MED VAN,D,604.83,5209.43358,24.33,2015-16,8.613054213580675,604.83,1620.9444000000003,Van
YH13PLU,GULLY TANK,D,7461.81,30080.0,11.39,2015-16,4.031193503988979,7461.8099999999995,19997.650800000003,Truck
290,WELFARE,D,4881.11,32424.98232,18.76,2015-16,6.6429525907017055,4881.11,13081.3748,Bus
375,MINIBUS,D,563.38,4229.34552,23.97,2015-16,7.507092051546025,563.38,1509.8584,Bus
291,WELFARE,D,3884.05,16683.0,12.13,2015-16,4.295258814896822,3884.05,10409.254,Bus
YH14YBJ,MED VAN,D,299.43,2352.85508,27.73,2015-16,7.857780048759309,299.43,802.4724000000001,Van
292,WELFARE,D,3359.83,14890.0,12.52,2015-16,4.431771845599331,3359.8299999999995,9004.3444,Bus
1454,MED VAN,D,373.01,4111.8637,31.13,2015-16,11.023467735449453,373.00999999999993,999.6668000000001,Van
1714,MED VAN,D,433.14,4008.86594,26.14,2015-16,9.255358406058088,433.14,1160.8152,Van
1420,MED VAN,D,199.18,2018.11236,28.62,2015-16,10.132103424038558,199.18,533.8024,Van
1715,MED VAN,D,716.68,7142.25092,28.15,2015-16,9.965746107049172,716.68,1920.7024,Van
1293,SMALL VAN,D,1088.58,9715.58558,25.21,2015-16,8.925008341141671,1088.58,2917.3944,Van
747,SMALL VAN,D,225.77,3934.8363,49.23,2015-16,17.428517074899233,225.77,605.0636000000001,Van
YH57DSY,MED VAN,D,480.69,3609.74962,24.37,2015-16,7.5095167779650085,480.69,1288.2492,Van
103,SMALL VAN,D,700.34,11859.22646,47.83,2015-16,16.93352722963132,700.34,1876.9112000000002,Van
1114,SMALL VAN,D,1757.1,22313.4991,35.87,2015-16,12.699049058107109,1757.1,4709.028,Van
104,SMALL VAN,D,403.2,7662.06774,53.67,2015-16,19.003144196428572,403.2,1080.576,Van
102,SMALL VAN,D,779.51,13727.6702,49.74,2015-16,17.610640274018294,779.51,2089.0868,Van
1048,SMALL VAN,D,626.05,10729.46978,48.41,2015-16,17.13835920453638,626.05,1677.814,Van
1049,SMALL VAN,D,912.08,12193.96918,37.76,2015-16,13.369407486185422,912.08,2444.3744,Van
78051,MED VAN,D,1086.62,8711.35742,22.64,2015-16,8.016930868196795,1086.62,2912.1416,Van
YJ06ZRR,SMALL VAN,D,534.49,3641.93642,19.25,2015-16,6.813853243278639,534.49,1432.4332000000002,Van
3412,LARGE TIPP,D,430.67,1554.0,12.88,2015-16,3.6083312048668352,430.67,1154.1956,Truck
320,MINIBUS,D,1752.47,12404.79272,19.99,2015-16,7.078462239011224,1752.47,4696.6196,Bus
3415,LARGE TIPP,D,1475.03,5919.0,11.33,2015-16,4.0127997396663115,1475.0300000000002,3953.0804000000003,Truck
3419,LARGE TIPP,D,351.23,1381.0,14.45,2015-16,3.931896478091279,351.23,941.2964000000001,Truck
3416,LARGE TIPP,D,1756.94,9582.0,15.4,2015-16,5.453800357439639,1756.94,4708.599200000001,Truck
3417,LARGE TIPP,D,2748.68,14220.0,14.61,2015-16,5.173392319222318,2748.68,7366.4624,Truck
3421,LARGE TIPP,D,2400.11,12724.0,14.97,2015-16,5.301423684747782,2400.11,6432.294800000001,Truck
4438D,3 AXLE BIN,D,696.66,788.0,3.19,2015-16,1.1311113025005024,696.66,1867.0488,Truck
4437D,3 AXLE BIN,D,3091.3,4353.0,3.98,2015-16,1.4081454404295926,3091.3,8284.684000000001,Truck
784453,3 AXLE BIN,D,11093.44,12255.0,3.12,2015-16,1.1047069258949433,11093.44,29730.419200000004,Truck
4455,3 AXLE BIN,D,11150.02,13748.0,3.48,2015-16,1.2330022726416634,11150.02,29882.053600000003,Truck
4439D,3 AXLE BIN,D,1496.38,1561.0,2.95,2015-16,1.0431842179125623,1496.3799999999999,4010.2984000000006,Truck
4440D,3 AXLE BIN,D,328.97,340.0,2.92,2015-16,1.033528893212147,328.97,881.6396000000001,Truck
4441D,3 AXLE BIN,D,1491.6,2832.0,5.36,2015-16,1.8986323411102173,1491.6,3997.488,Truck
4443 D,3 AXLE BIN,D,992.71,1159.0,3.3,2015-16,1.167511156329643,992.7100000000002,2660.4628000000002,Truck
4442D,3 AXLE BIN,D,2724.37,2268.0,2.35,2015-16,0.8324860426447216,2724.37,7301.3116,Truck
4445D,3 AXLE BIN,D,1601.02,1777.0,3.13,2015-16,1.1099174276398796,1601.02,4290.7336000000005,Truck
4444D,3 AXLE BIN,D,1139.52,1256.0,3.11,2015-16,1.1022184779556305,1139.52,3053.9136000000003,Truck
0234D,WELFARE,D,1918.75,15338.61954,22.58,2015-16,7.994068815635179,1918.75,5142.25,Bus
0232D,WELFARE,D,2139.68,16825.649699999998,22.21,2015-16,7.86362900059822,2139.68,5734.3423999999995,Bus
0235D,WELFARE,D,2294.15,19772.35124,24.34,2015-16,8.618595662881678,2294.15,6148.322000000001,Bus
363,MINIBUS,D,2207.05,20219.74776,25.88,2015-16,9.16143619763938,2207.05,5914.894000000001,Bus
359,WELFARE,D,2419.82,18912.96368,22.08,2015-16,7.815855592564736,2419.82,6485.1176000000005,Bus
361,MINIBUS,D,2545.25,23077.9356,25.61,2015-16,9.067060445928691,2545.25,6821.27,Bus
0244D,WELFARE,D,3134.04,21634.35762,19.5,2015-16,6.903025366619443,3134.04,8399.227200000001,Bus
248,WELFARE,D,2374.2,16360.550439999999,19.46,2015-16,6.890973987027209,2374.2,6362.856,Bus
3904,HGV,D,2567.63,8626.0624,9.49,2015-16,3.3595426132269837,2567.63,6881.2484,Truck
0242D,WELFARE,D,363.94,2418.83802,18.77,2015-16,6.64625493213167,363.94,975.3592000000001,Bus
0243D,WELFARE,D,3457.16,23279.1031,19.02,2015-16,6.733591473926576,3457.16,9265.1888,Bus
245,WELFARE,D,2997.9,21059.82324,19.84,2015-16,7.024858480936656,2997.9,8034.372,Bus
249,WELFARE,D,3310.29,22250.73484,18.98,2015-16,6.72168747753218,3310.29,8871.5772,Bus
247,WELFARE,D,3441.0,23058.62352,18.93,2015-16,6.701140226678292,3441.0,9221.880000000001,Bus
246,WELFARE,D,2170.71,15882.57646,20.67,2015-16,7.316765694173796,2170.71,5817.5028,Bus
250,WELFARE,D,3484.77,26138.90028,21.19,2015-16,7.500896839676651,3484.77,9339.1836,Bus
3426,LARGE TIPP,D,2975.8,12968.0,12.31,2015-16,4.3578197459506685,2975.8,7975.144000000001,Truck
3427,LARGE TIPP,D,2967.32,14951.0,14.23,2015-16,5.038553307361525,2967.32,7952.417600000001,Truck
3428,LARGE TIPP,D,3583.05,25758.0,20.3,2015-16,7.188847490266672,3583.05,9602.574,Truck
3310,LIBRARY BU,D,3254.17,12545.0,10.89,2015-16,3.855053669599314,3254.17,8721.1756,Bus
YJ09EHP,GULLY TANK,D,8740.64,16004.0,5.17,2015-16,1.8309872045982905,8740.64,23424.9152,Truck
YJ09EHE,GULLY TANK,D,12338.97,26258.0,6.01,2015-16,2.1280544486290185,12338.97,33068.4396,Truck
3109,FLATBACK,D,2590.35,9340.0,10.18,2015-16,3.6056903507248057,2590.35,6942.138,Truck
3430,LARGE TIPP,D,3688.57,19788.0,15.15,2015-16,5.36468062148746,3688.57,9885.367600000001,Truck
2666,MED TIPPER,D,2548.52,13912.7443,15.42,2015-16,5.459146602734136,2548.52,6830.033600000001,Truck
3110,MED TIPPER,D,2817.99,17367.99728,17.41,2015-16,6.1632572436381965,2817.99,7552.2132,Truck
3111,MED TIPPER,D,893.31,5925.5898799999995,18.74,2015-16,6.633296257738075,893.31,2394.0708,Truck
3112,MED TIPPER,D,3204.57,24608.41794,21.69,2015-16,7.679163800447485,3204.57,8588.2476,Truck
WS09/68,TRACTOR,D,1428.07,,0.19,2015-16,,,3827.2276,Truck
3431,LARGE TIPP,D,1263.66,6214.0,13.89,2015-16,4.917461975531393,1263.66,3386.6088000000004,Truck
3301,LIBRARY BU,D,2269.15,11541.0,14.37,2015-16,5.086045435515501,2269.15,6081.322000000001,Bus
3302,LIBRARY BU,D,3446.01,15161.0,12.43,2015-16,4.399580964651872,3446.01,9235.3068,Bus
WS10/49,TRACTOR,D,4985.56,,0.11,2015-16,,,13361.300800000003,Truck
WS10/53,TRACTOR,D,2700.36,,0.2,2015-16,,,7236.964800000001,Truck
WS10/56,TRACTOR,D,4215.03,,0.16,2015-16,,,11296.2804,Truck
78071,MINIBUS,D,366.88,4156.92522,32.0,2015-16,11.330476504579154,366.88,983.2384000000001,Bus
269,WELFARE,D,59.01,,,2015-16,,,158.1468,Bus
258,WELFARE,D,4862.59,32502.23064,18.88,2015-16,6.684139653970415,4862.59,13031.7412,Bus
268,WELFARE,D,4354.47,29085.60182,18.87,2015-16,6.679481502915395,4354.47,11669.9796,Bus
265,WELFARE,D,5017.24,29069.50842,16.36,2015-16,5.793924233243775,5017.24,13446.2032,Bus
259,WELFARE,D,3465.77,22009.33384,17.94,2015-16,6.350488878373349,3465.77,9288.2636,Bus
260,WELFARE,D,4353.75,29687.49498,19.26,2015-16,6.818833185185185,4353.75,11668.050000000001,Bus
262,WELFARE,D,4292.22,27748.240279999998,18.26,2015-16,6.4647758688976795,4292.22,11503.1496,Bus
261,WELFARE,D,2931.8,16761.2761,16.15,2015-16,5.717059860836345,2931.8,7857.224000000001,Bus
257,WELFARE,D,3802.93,22871.94008,16.99,2015-16,6.014294262581746,3802.9300000000003,10191.8524,Bus
263,WELFARE,D,4092.96,29516.90494,20.37,2015-16,7.211628000273641,4092.96,10969.132800000001,Bus
264,WELFARE,D,4710.28,31195.44656,18.71,2015-16,6.62284334689233,4710.28,12623.5504,Bus
266,WELFARE,D,3625.12,22469.60508,17.51,2015-16,6.198306560886261,3625.12,9715.321600000001,Bus
267,WELFARE,D,3628.16,21317.31764,16.59,2015-16,5.875517518521786,3628.16,9723.4688,Bus
YJ12FJJ,MED TIPPER,D,5953.36,42314.37662,20.07,2015-16,7.107646206511954,5953.36,15955.0048,Truck
YJ12FNA,MED VAN,D,406.71,3471.34638,24.11,2015-16,8.535188168473852,406.71,1089.9828,Van
YJ12NTE,MED VAN,D,2220.37,14966.862,19.04,2015-16,6.740706278683282,2220.37,5950.5916,Van
YJ12NTF,MED VAN,D,2356.58,22010.94318,26.38,2015-16,9.340206222576784,2356.58,6315.6344,Van
YJ12NTG,MED VAN,D,1432.25,12618.83494,24.88,2015-16,8.810497427125153,1432.25,3838.4300000000003,Van
YJ12NTK,MED VAN,D,820.63,11889.80392,40.92,2015-16,14.48862937011808,820.63,2199.2884,Van
YJ12NTL,MED VAN,D,2527.6,24017.79016,26.84,2015-16,9.502211647412565,2527.6,6773.968,Van
YJ12NTM,MED VAN,D,1887.68,16996.23974,25.43,2015-16,9.003771687997967,1887.6799999999998,5058.982400000001,Van
YJ12NTN,MED VAN,D,1687.91,15089.171839999999,26.26,2015-16,8.939559478882167,1687.91,4523.598800000001,Van
YJ12NTO,MED VAN,D,1159.88,8980.1172,23.17,2015-16,7.742281270476256,1159.88,3108.4784000000004,Van
YJ12NTT,MED VAN,D,1606.69,13922.40034,24.47,2015-16,8.665268558340438,1606.6900000000003,4305.9292000000005,Van
YJ12NTU,MED VAN,D,1429.15,13174.05724,26.04,2015-16,9.218106734772416,1429.15,3830.1220000000003,Van
YJ12OJR,MED TIPPER,D,109.64,1158.7248,44.28,2015-16,10.568449470995986,109.64,293.83520000000004,Truck
YJ12OVP,LARGE TIPP,D,422.32,1744.52456,13.34,2015-16,4.130812085622277,422.32,1131.8176,Truck
13/18,TRACTOR,D,1807.8,,0.36,2015-16,,,4844.904,Truck
13/17,TRACTOR,D,6012.8,,0.15,2015-16,,,16114.304000000002,Truck
13/22,TRACTOR,D,3805.47,,0.14,2015-16,,,10198.6596,Truck
13/23,TRACTOR,D,104.89,,5.77,2015-16,,,281.1052,Truck
YJ13KTX,SML SWEEPE,D,5503.03,10851.77962,5.57,2015-16,1.9719644668482637,5503.03,14748.1204,Truck
YJ13XHZ,MED VAN,D,1003.5,11678.980379999999,32.87,2015-16,11.638246517189835,1003.5,2689.38,Van
YJ13XJB,SMALL VAN,D,617.76,5754.99984,26.31,2015-16,9.315915306915308,617.76,1655.5968,Van
YJ13YHN,SMALL VAN,D,242.86,2660.23902,30.94,2015-16,10.953796508276373,242.86,650.8648000000001,Van
1339ENE,MED VAN,D,1315.49,12992.20182,27.89,2015-16,9.876321233912838,1315.49,3525.5132000000003,Van
1124,SMALL VAN,D,1298.11,15394.94644,33.5,2015-16,11.859508392971321,1298.11,3478.9348,Van
1346ENE,MED VAN,D,1347.93,14094.59972,29.53,2015-16,10.456477502540933,1347.93,3612.4524000000006,Van
1343ENE,LARGE VAN,D,1563.38,16502.17236,29.81,2015-16,10.555445483503691,1563.38,4189.858400000001,Van
1122,SMALL VAN,D,408.09,4498.1053,31.13,2015-16,11.022336494400745,408.09,1093.6812,Van
1345ENE,LARGE VAN,D,2012.68,20382.2911,28.6,2015-16,10.126940745672435,2012.68,5393.982400000001,Van
1126,SMALL VAN,D,469.89,6078.47718,36.54,2015-16,12.935957734788992,469.89000000000004,1259.3052,Van
1123,SMALL VAN,D,766.81,10351.27488,38.13,2015-16,13.499139134857398,766.81,2055.0508,Van
436,WELFARE,D,3931.69,25891.06192,18.6,2015-16,6.585224654029183,3931.69,10536.9292,Bus
434,WELFARE,D,3712.96,24585.88718,18.7,2015-16,6.621640734077394,3712.96,9950.732800000002,Bus
437,WELFARE,D,4860.7,28517.5048,16.57,2015-16,5.86695430699282,4860.7,13026.676,Bus
435,WELFARE,D,3081.45,21924.03882,20.1,2015-16,7.114844900939493,3081.45,8258.286,Bus
439,WELFARE,D,4980.86,30810.8143,17.47,2015-16,6.185842264187309,4980.86,13348.7048,Bus
441,WELFARE,D,4384.94,27518.10466,17.72,2015-16,6.2755943433661585,4384.94,11751.6392,Bus
432,WELFARE,D,4066.58,29502.42088,20.49,2015-16,7.254848270536914,4066.58,10898.4344,Bus
444,WELFARE,D,4966.88,31086.01144,17.68,2015-16,6.2586596495184095,4966.88,13311.2384,Bus
442,WELFARE,D,3809.19,22609.61766,16.76,2015-16,5.935544737857654,3809.1900000000005,10208.629200000001,Bus
445,WELFARE,D,4112.3,27368.43604,18.8,2015-16,6.655262514894341,4112.3,11020.964000000002,Bus
440,WELFARE,D,3858.51,25506.42966,18.67,2015-16,6.610435028028954,3858.51,10340.8068,Bus
438,WELFARE,D,4654.79,28475.66196,17.28,2015-16,6.117496591682976,4654.79,12474.8372,Bus
433,WELFARE,D,3411.38,26286.95956,21.76,2015-16,7.705667372148514,3411.38,9142.4984,Bus
443,WELFARE,D,5316.97,32053.22478,17.03,2015-16,6.02847576345174,5316.97,14249.479600000002,Bus
1964,FLATBACK,D,2400.27,21816.21304,25.67,2015-16,9.08906624671391,2400.27,6432.7236,Truck
2735,MED TIPPER,D,326.36,2465.50888,21.34,2015-16,7.554568206888098,326.36,874.6448,Truck
2734,MED TIPPER,D,1984.3,14501.76274,20.64,2015-16,7.308251141460465,1984.3,5317.924,Truck
1965VOID,FLATBACK,D,374.13,3340.98984,25.22,2015-16,8.930023895437415,374.13,1002.6684,Truck
2227,LARGE VAN,D,2043.29,14318.29798,19.79,2015-16,7.007472253082039,2043.29,5476.0172,Van
2226,LARGE VAN,D,2149.74,15098.82788,19.84,2015-16,7.023560002604968,2149.74,5761.303199999999,Van
497,WELFARE,D,3468.88,23015.17134,19.09,2015-16,6.634755696363091,3468.88,9296.5984,Bus
202,WELFARE,D,51.67,,,2015-16,,,138.47560000000001,Bus
201,WELFARE,D,103.83,278.41582,16.16,2015-16,2.681458345372243,103.83,278.2644,Bus
204,WELFARE,D,57.38,,,2015-16,,,153.7784,Bus
203,WELFARE,D,115.01,337.9614,17.68,2015-16,2.9385392574558735,115.01,308.2268,Bus
4436,3 AXLE BIN,D,157.14,135.18456,2.95,2015-16,0.8602810232913327,157.14,421.1352,Truck
4446,3 AXLE BIN,D,562.48,552.00362,3.9,2015-16,0.9813746622102119,562.48,1507.4464,Truck
4447,3 AXLE BIN,D,570.41,609.93986,3.4,2015-16,1.0693007836468504,570.41,1528.6988000000001,Truck
4448,3 AXLE BIN,D,647.82,626.03326,3.66,2015-16,0.9663691457503627,647.82,1736.1576000000002,Truck
460,WELFARE,D,1055.98,8788.0,23.51,2015-16,8.322127313017292,1055.98,2830.0264,Bus
3407,LARGE TIPP,D,2841.04,13742.0,13.66,2015-16,4.836961112831921,2841.0399999999995,7613.9872000000005,Truck
3411,LARGE TIPP,D,3138.8,15425.0,13.88,2015-16,4.91429845800943,3138.8,8411.984,Truck
3408,LARGE TIPP,D,2071.17,14625.0,19.94,2015-16,7.06122626341633,2071.17,5550.735600000001,Truck
78084,SMALL VAN,D,490.22,2576.55334,14.84,2015-16,5.255912325078536,490.22,1313.7896,Van
3410,LARGE TIPP,D,317.81,1351.0,12.01,2015-16,4.250967559233504,317.81,851.7308,Truck
3409,LARGE TIPP,D,2942.86,13928.0,13.37,2015-16,4.732810939018505,2942.86,7886.864800000001,Truck
348,MINIBUS,D,2642.48,22406.84082,23.95,2015-16,8.479474137931035,2642.48,7081.8464,Bus
345,MINIBUS,D,2217.3,17619.05432,22.44,2015-16,7.946175222116988,2217.3,5942.3640000000005,Bus
338,MINIBUS,D,2310.99,19350.70416,23.65,2015-16,8.373339633663496,2310.99,6193.4532,Bus
349,MINIBUS,D,1863.28,13993.211299999999,21.21,2015-16,7.5099884612081915,1863.28,4993.5904,Bus
354,MINIBUS,D,2285.34,19952.59732,24.66,2015-16,8.730690978147672,2285.34,6124.711200000001,Bus
340,MINIBUS,D,1697.34,12618.83494,21.0,2015-16,7.434476852015507,1697.34,4548.8712000000005,Bus
343,MINIBUS,D,2752.86,21275.4748,21.83,2015-16,7.728498652310687,2752.86,7377.6648000000005,Bus
0238D,WELFARE,D,2231.62,20958.43482,26.53,2015-16,9.391578682750648,2231.62,5980.7416,Bus
352,MINIBUS,D,3374.45,29190.20892,24.43,2015-16,8.650360479485547,3374.4499999999994,9043.526,Bus
346,MINIBUS,D,2271.7,18863.07414,23.45,2015-16,8.303505806224415,2271.7,6088.156,Bus
347,MINIBUS,D,2075.57,17683.42792,24.06,2015-16,8.519793560323187,2075.57,5562.5276,Bus
341,MINIBUS,D,2107.88,18114.73104,24.27,2015-16,8.593815131791182,2107.88,5649.1184,Bus
350,MINIBUS,D,2392.49,19802.9287,23.38,2015-16,8.277120782114032,2392.49,6411.8732,Bus
344,MINIBUS,D,1731.36,12065.22198,19.68,2015-16,6.968638515386749,1731.36,4640.0448,Bus
351,MINIBUS,D,2513.03,20577.02124,23.13,2015-16,8.188131952264795,2513.0299999999997,6734.920400000001,Bus
0237D,WELFARE,D,365.44,2975.66966,23.0,2015-16,8.142703754378283,365.44,979.3792000000001,Bus
407,WELFARE,D,5374.53,34484.93752,18.12,2015-16,6.416363388054397,5374.53,14403.7404,Bus
402,WELFARE,D,4130.73,16096.0,11.01,2015-16,3.8966478080145643,4130.73,11070.356399999999,Bus
405,WELFARE,D,4957.05,20319.0,11.58,2015-16,4.099010500196689,4957.05,13284.894000000002,Bus
401,WELFARE,D,4699.85,18183.0,10.93,2015-16,3.868846878091854,4699.85,12595.598000000002,Bus
409,WELFARE,D,6279.59,25384.0,11.42,2015-16,4.042302124820251,6279.589999999999,16829.3012,Bus
406,WELFARE,D,5555.17,20787.0,10.57,2015-16,3.741919689226432,5555.17,14887.8556,Bus
404,WELFARE,D,7162.07,30575.0,12.06,2015-16,4.269017197542052,7162.069999999999,19194.3476,Bus
0403VOID,WELFARE,D,794.18,3054.0,10.86,2015-16,3.8454758367120805,794.18,2128.4024,Bus
408,WELFARE,D,5839.29,38667.61218,18.7,2015-16,6.621971537635568,5839.29,15649.2972,Bus
400,WELFARE,D,6140.78,23837.0,10.96,2015-16,3.8817544351043356,6140.78,16457.2904,Bus
2221,LARGE VAN,D,315.03,1993.97226,17.88,2015-16,6.329467860203791,315.03,844.2804,Van
4607,HOOKLOADER,D,17657.88,29313.0,4.69,2015-16,1.660052056079212,17657.88,47323.11840000001,Truck
4609,HOOKLOADER,D,14481.91,22814.0,4.45,2015-16,1.5753446886494944,14481.91,38811.518800000005,Truck
8515,SML SWEEPE,D,564.0,1264.94124,6.74,2015-16,2.2428036170212766,564.0,1511.52,Truck
3104,MED TIPPER,D,954.74,6212.0,18.38,2015-16,6.506483440517838,954.74,2558.7032000000004,Truck
2222,LARGE VAN,D,589.33,6068.82114,29.09,2015-16,10.29783167325607,589.33,1579.4044000000001,Van
2219,MED VAN,D,289.01,1841.08496,17.99,2015-16,6.370315767620498,289.01,774.5468000000001,Van
2218,MED VAN,D,228.04,891.57436,14.07,2015-16,3.909727942466234,228.04,611.1472,Van
2217,MED VAN,D,353.33,2133.98484,17.06,2015-16,6.039636713553902,353.33,946.9244,Van
1877,MED VAN,D,1964.91,27352.34264,39.32,2015-16,13.92040482261274,1964.91,5265.9588,Van
1878,MED VAN,D,1352.89,24917.411219999998,52.02,2015-16,18.417913666299548,1352.89,3625.7452000000003,Van
2223,LARGE VAN,D,585.59,4234.17354,22.69,2015-16,7.2306110760088105,585.59,1569.3812000000003,Van
2224,LARGE VAN,D,206.86,944.68258,12.9,2015-16,4.566772599825969,206.86000000000004,554.3848,Van
2225,LARGE VAN,D,342.5,1289.08134,10.63,2015-16,3.7637411386861315,342.5,917.9000000000001,Van
YJ61DWK,LARGE TIPP,D,230.11,755.0,14.58,2015-16,3.2810395028464647,230.11,616.6948000000001,Truck
YJ61DWKD,LARGE TIPP,D,1414.24,6737.0,13.45,2015-16,4.763689331372327,1414.24,3790.1632000000004,Truck
277,WELFARE,D,3700.48,27825.4886,21.24,2015-16,7.519426831113802,3700.48,9917.2864,Bus
281,WELFARE,D,4034.29,31386.95802,21.97,2015-16,7.780045068649006,4034.29,10811.897200000001,Bus
276,WELFARE,D,4184.45,30955.6549,20.89,2015-16,7.397783436293898,4184.45,11214.326000000001,Bus
275,WELFARE,D,4355.81,29473.45276,19.11,2015-16,6.766468868017658,4355.81,11673.570800000001,Bus
282,WELFARE,D,4166.68,28789.48326,19.52,2015-16,6.909453872147608,4166.68,11166.702400000002,Bus
280,WELFARE,D,5179.71,36081.402799999996,19.67,2015-16,6.965911759538661,5179.71,13881.622800000001,Bus
279,WELFARE,D,4471.25,31341.8965,19.8,2015-16,7.009649762370701,4471.25,11982.95,Bus
278,WELFARE,D,2805.94,19225.17564,19.35,2015-16,6.851598979308182,2805.94,7519.9192,Bus
283,WELFARE,D,4706.76,36953.66508,22.18,2015-16,7.851189582642837,4706.76,12614.116800000002,Bus
274,WELFARE,D,3023.17,19558.30902,18.27,2015-16,6.469470463123145,3023.17,8102.095600000001,Bus
272,WELFARE,D,3818.03,27905.9556,20.64,2015-16,7.308993276637428,3818.03,10232.3204,Bus
273,WELFARE,D,2709.17,22447.07432,23.4,2015-16,8.285590907916447,2709.17,7260.575600000001,Bus
270,WELFARE,D,3429.77,24167.45878,19.9,2015-16,7.046378847561207,3429.77,9191.7836,Bus
271,WELFARE,D,5331.4,37021.25736,19.61,2015-16,6.944002956071577,5331.4,14288.152,Bus
YJ62HPZ,LARGE TIPP,D,302.64,1387.0,16.53,2015-16,4.583002907745176,302.64,811.0752,Truck
YJ62KVY,GULLY TANK,D,7832.67,16336.0,5.89,2015-16,2.085623420876917,7832.67,20991.5556,Truck
1963,FLATBACK,D,1552.49,13180.4946,23.98,2015-16,8.489906279589562,1552.4900000000002,4160.6732,Truck
1962,FLATBACK,D,886.95,8209.243339999999,26.14,2015-16,9.255587507751281,886.95,2377.0260000000003,Truck
YJ63YZE,GULLY TANK,D,7119.79,24577.84048,9.75,2015-16,3.45204570359519,7119.79,19081.037200000002,Truck
465,WELFARE,D,4408.27,28469.2246,18.24,2015-16,6.458139950592862,4408.27,11814.163600000002,Bus
463,WELFARE,D,3977.34,28321.16532,20.11,2015-16,7.120629697234835,3977.34,10659.271200000001,Bus
462,WELFARE,D,2752.59,21174.08638,21.73,2015-16,7.692422910785842,2752.59,7376.941200000001,Bus
461,WELFARE,D,3052.24,19896.27042,18.41,2015-16,6.518579934736456,3052.24,8180.0032,Bus
464,WELFARE,D,4287.38,30313.52824,19.97,2015-16,7.070408557207432,4287.38,11490.1784,Bus
467,WELFARE,D,3705.95,24616.46464,18.76,2015-16,6.6424168269944275,3705.95,9931.946,Bus
469,WELFARE,D,2514.86,18444.64574,20.72,2015-16,7.334263434147427,2514.86,6739.8248,Bus
468,WELFARE,D,2142.02,13795.26248,18.19,2015-16,6.4403051698863685,2142.02,5740.613600000001,Bus
471,WELFARE,D,3840.71,27645.24252,20.33,2015-16,7.197951035095073,3840.71,10293.1028,Bus
470,WELFARE,D,4005.44,29713.24442,20.95,2015-16,7.418222322641208,4005.4399999999996,10734.5792,Bus
472,WELFARE,D,3086.86,20015.36158,18.31,2015-16,6.484052266704677,3086.86,8272.784800000001,Bus
473,WELFARE,D,3345.67,20948.77878,17.69,2015-16,6.261459970648629,3345.67,8966.3956,Bus
474,WELFARE,D,3234.49,23119.77844,20.19,2015-16,7.147889911547106,3234.49,8668.4332,Bus
476,WELFARE,D,5078.52,36258.4302,20.17,2015-16,7.139566290966659,5078.52,13610.433600000002,Bus
475,WELFARE,D,3525.81,26521.9232,21.25,2015-16,7.5222213335375425,3525.81,9449.1708,Bus
466,WELFARE,D,2757.68,22173.48652,22.71,2015-16,8.040630718575034,2757.68,7390.5824,Bus
487,WELFARE,D,2211.4,13779.16908,17.6,2015-16,6.230970914352898,2211.4,5926.552000000001,Bus
485,WELFARE,D,4677.99,34735.99456,20.97,2015-16,7.425410178303075,4677.99,12537.0132,Bus
477,WELFARE,D,4093.62,27926.87702,19.27,2015-16,6.822049193623248,4093.62,10970.901600000001,Bus
479,WELFARE,D,3079.56,22574.21218,20.7,2015-16,7.330336859811141,3079.56,8253.220800000001,Bus
478,WELFARE,D,3917.14,24304.25268,17.52,2015-16,6.20459127833062,3917.14,10497.9352,Bus
480,WELFARE,D,3528.16,26526.75122,21.24,2015-16,7.518579435173008,3528.16,9455.4688,Bus
481,WELFARE,D,3517.08,23507.62938,18.88,2015-16,6.683848357159916,3517.08,9425.7744,Bus
483,WELFARE,D,3667.98,27862.50342,21.45,2015-16,7.596143768504736,3667.98,9830.1864,Bus
482,WELFARE,D,3467.92,28058.8429,22.85,2015-16,8.090971792890263,3467.9199999999996,9294.0256,Bus
484,WELFARE,D,4519.01,32218.9868,20.14,2015-16,7.129656008727575,4519.01,12110.946800000002,Bus
493,WELFARE,D,2325.73,14682.00882,17.83,2015-16,6.312860400820387,2325.73,6232.9564,Bus
495,WELFARE,D,3289.0,26993.45982,23.18,2015-16,8.207193621161448,3289.0,8814.52,Bus
496,WELFARE,D,4756.27,34501.03092,20.49,2015-16,7.253799914638991,4756.27,12746.803600000001,Bus
494,WELFARE,D,2960.23,18591.09568,17.74,2015-16,6.280287572249453,2960.23,7933.416400000001,Bus
491,WELFARE,D,2819.27,19258.97178,19.29,2015-16,6.831190974968697,2819.27,7555.6436,Bus
492,WELFARE,D,2915.07,21471.81428,20.8,2015-16,7.365797143807867,2915.07,7812.387600000001,Bus
488,WELFARE,D,4102.21,32674.43002,22.5,2015-16,7.965079803325525,4102.21,10993.9228,Bus
490,WELFARE,D,3246.63,21841.96248,19.0,2015-16,6.727579822770072,3246.63,8700.968400000002,Bus
489,WELFARE,D,4015.71,32453.95044,22.83,2015-16,8.081746550423214,4015.7099999999996,10762.1028,Bus
486,WELFARE,D,2826.36,16180.30436,16.17,2015-16,5.724785363506418,2826.36,7574.644800000001,Bus
4434,4 AXLE BIN,D,3210.26,5328.0,4.83,2015-16,1.6596786553114078,3210.26,8603.4968,Truck
4435,4 AXLE BIN,D,4013.91,1809.0,1.32,2015-16,0.4506827507343214,4013.91,10757.2788,Truck
4433,4 AXLE BIN,D,5772.38,3978.0,1.97,2015-16,0.6891438193604718,5772.38,15469.978400000002,Truck
1965,FLATBACK,D,404.86,2790.59556,23.19,2015-16,6.892742083683249,404.86,1085.0248000000001,Truck
1101,SMALL VAN,D,50.65,,,2015-16,,,135.742,Van
1077,SMALL VAN,D,567.84,8400.7548,44.69,2015-16,14.794228655959426,567.84,1521.8112,Van
1076,SMALL VAN,D,400.17,5878.91902,45.63,2015-16,14.691053852112852,400.17,1072.4556,Van
1078,SMALL VAN,D,1180.82,18066.45084,44.53,2015-16,15.299919411934082,1180.82,3164.5976,Van
78534,MED TIPPER,D,669.43,5843.51354,24.65,2015-16,8.729088239248316,669.43,1794.0724,Truck
2623,MED TIPPER,D,535.06,4856.98812,25.64,2015-16,9.077464433895265,535.06,1433.9607999999998,Truck
360,MINIBUS,D,2367.79,21249.72536,25.35,2015-16,8.974497468103168,2367.79,6345.6772,Bus
1111,SMALL VAN,D,170.04,2824.3917,61.16,2015-16,16.610160550458716,170.04000000000002,455.7072,Van
1111D,SMALL VAN,D,477.43,7095.58006,41.98,2015-16,14.862032256037535,477.43,1279.5124,Van
8517,SML SWEEPE,D,6155.93,7895.42204,3.62,2015-16,1.282571770634169,6155.93,16497.8924,Truck
YK12DFFR,SML SWEEPE,D,5148.37,10354.49356,5.68,2015-16,2.0112178339940603,5148.37,13797.6316,Truck
8531,SML SWEEPE,D,856.76,,1.13,2015-16,,,2296.1168000000002,Truck
8532,SML SWEEPE,D,6334.88,,0.81,2015-16,,,16977.4784,Truck
8533,SML SWEEPE,D,3480.13,,1.06,2015-16,,,9326.7484,Truck
8534,SML SWEEPE,D,4094.37,,0.89,2015-16,,,10972.9116,Truck
8535,SML SWEEPE,D,4337.96,,1.13,2015-16,,,11625.732800000002,Truck
YK12HAU,LARGE TIPP,D,617.9,1774.0,8.73,2015-16,2.8710147273021525,617.9,1655.972,Truck
1127,SMALL VAN,D,652.92,8899.6502,38.5,2015-16,13.630536972370276,652.92,1749.8256,Van
5026,18TN D/M,D,7007.76,16919.0,6.82,2015-16,2.414323549893261,7007.76,18780.7968,Truck
5029,18TN D/M,D,4172.7,10015.0,6.78,2015-16,2.4001246195508905,4172.7,11182.836,Truck
5030,18TN D/M,D,4875.01,11839.0,6.86,2015-16,2.428507838958279,4875.01,13065.026800000001,Truck
5027,18TN D/M,D,4950.5,12121.0,7.13,2015-16,2.4484395515604485,4950.5,13267.34,Truck
5032,18TN D/M,D,3940.45,9850.0,7.06,2015-16,2.4997144996129883,3940.4500000000003,10560.406,Truck
5031,18TN D/M,D,3947.75,10352.0,7.41,2015-16,2.622253182192388,3947.75,10579.970000000001,Truck
5033,18TN D/M,D,3717.13,8335.0,6.33,2015-16,2.2423213608348376,3717.13,9961.9084,Truck
5035,18TN D/M,D,4665.03,11119.0,6.73,2015-16,2.383478777199718,4665.03,12502.2804,Truck
5028,18TN D/M,D,5262.88,14104.0,7.74,2015-16,2.6799014987991367,5262.88,14104.5184,Truck
5034,18TN D/M,D,6075.84,8940.0,4.16,2015-16,1.471401485226734,6075.84,16283.2512,Truck
5036,18TN D/M,D,4500.61,10320.0,6.48,2015-16,2.2930225013942556,4500.61,12061.6348,Truck
5037,18TN D/M,D,5125.97,11624.0,6.4,2015-16,2.267668363256125,5125.97,13737.599600000001,Truck
5039,18TN D/M,D,5794.2,14878.0,7.25,2015-16,2.567740153947051,5794.199999999999,15528.456,Truck
5040,18TN D/M,D,5263.88,12861.0,6.9,2015-16,2.443254785443437,5263.88,14107.198400000001,Truck
5038,18TN D/M,D,5696.69,8893.0,4.41,2015-16,1.5610819616303504,5696.69,15267.1292,Truck
5041,18TN D/M,D,5487.42,8120.0,4.18,2015-16,1.479748224119896,5487.42,14706.285600000001,Truck
5042,18TN D/M,D,3501.75,8989.0,7.25,2015-16,2.5670022131791246,3501.75,9384.69,Truck
5043,18TN D/M,D,3360.9,7809.0,6.56,2015-16,2.323484780862269,3360.8999999999996,9007.212000000001,Truck
5044,18TN D/M,D,2498.42,,,2015-16,,,6695.765600000001,Truck
4423,3 AXLE BIN,D,16528.84,14170.0,2.44,2015-16,0.8572894407593031,16528.84,44297.2912,Truck
4424,3 AXLE BIN,D,13815.45,10317.0,2.13,2015-16,0.7467726349847453,13815.45,37025.406,Truck
4422,3 AXLE BIN,D,14876.96,10115.0,1.94,2015-16,0.6799104118045622,14876.96,39870.2528,Truck
4425,3 AXLE BIN,D,15746.84,14582.0,2.63,2015-16,0.9260270632076023,15746.84,42201.531200000005,Truck
4419,3 AXLE BIN,D,16105.42,18732.0,3.32,2015-16,1.1630867124235196,16105.42,43162.5256,Truck
4420,3 AXLE BIN,D,14204.96,10200.0,2.05,2015-16,0.7180590441648551,14204.96,38069.2928,Truck
4427,3 AXLE BIN,D,11960.67,8667.0,2.08,2015-16,0.724624958300831,11960.67,32054.5956,Truck
4421,3 AXLE BIN,D,13266.99,9510.0,2.03,2015-16,0.7168167006985006,13266.99,35555.5332,Truck
4426,3 AXLE BIN,D,10543.93,6632.0,1.79,2015-16,0.6289874837939933,10543.93,28257.7324,Truck
4428,3 AXLE BIN,D,11837.12,14985.0,3.62,2015-16,1.2659329296315318,11837.12,31723.481600000003,Truck
4430,2 AXLE BIN,D,6238.84,12347.0,5.86,2015-16,1.9790537984625347,6238.84,16720.091200000003,Truck
4429,2 AXLE BIN,D,10215.25,13756.0,3.85,2015-16,1.3466141308338024,10215.25,27376.870000000003,Truck
1555,MED VAN,D,520.01,9844.33278,61.11,2015-16,18.93104513374743,520.01,1393.6268,Van
4432,2 AXLE BIN,D,5892.56,14326.0,6.96,2015-16,2.4312013793665233,5892.5599999999995,15792.060800000001,Truck
1844,LARGE VAN,D,1545.56,13306.02312,25.24,2015-16,8.609192215119439,1545.56,4142.1008,Van
1845,LARGE VAN,D,122.0,951.11994,22.02,2015-16,7.796065081967213,122.0,326.96000000000004,Van
78004,SMALL VAN,D,324.3,3265.35086,28.44,2015-16,10.068920320690719,324.3,869.1240000000001,Van
784500,3 AXLE BIN,D,2328.4,4201.0,5.1,2015-16,1.804243257172307,2328.4,6240.112000000001,Truck
1929,MED TIPPER,D,518.84,4026.56868,24.54,2015-16,7.760713668953819,518.84,1390.4912000000002,Truck
3401,LARGE TIPP,D,60.74,238.0,11.07,2015-16,3.9183404675666775,60.74,162.78320000000002,Truck
4100,FLATBACK,D,660.74,2082.48596,8.9,2015-16,3.1517479795380936,660.74,1770.7832,Truck
784448,3 AXLE BIN,D,10487.55,10995.0,2.98,2015-16,1.0483859433328089,10487.550000000001,28106.634,Truck
784446,3 AXLE BIN,D,6850.19,7927.0,3.27,2015-16,1.1571941800154448,6850.19,18358.5092,Truck
784447,3 AXLE BIN,D,9194.81,9962.0,3.06,2015-16,1.0834372869042428,9194.81,24642.0908,Truck
784451,3 AXLE BIN,D,9750.02,11048.0,3.2,2015-16,1.133125880767424,9750.02,26130.053600000003,Truck
784454,3 AXLE BIN,D,11527.62,13935.0,3.41,2015-16,1.2088358221384812,11527.62,30894.021600000004,Truck
784452,3 AXLE BIN,D,11583.63,13480.0,3.31,2015-16,1.1637112027922163,11583.63,31044.1284,Truck
784449,3 AXLE BIN,D,9900.09,11214.0,3.2,2015-16,1.1327169753002246,9900.089999999998,26532.2412,Truck
78074,MINIBUS,D,783.84,6171.0,22.24,2015-16,7.872780159216166,783.84,2100.6912,Bus
1956,MED VAN,D,1091.51,8814.35518,22.81,2015-16,8.075377394618465,1091.51,2925.2468000000003,Van
1957,MED VAN,D,1361.44,9907.09704,20.55,2015-16,7.276925196850394,1361.44,3648.6592000000005,Van
1958,FLATBACK,D,511.84,4395.10754,24.25,2015-16,8.586877813379182,511.8399999999999,1371.7312,Truck
776,SMALL VAN,D,693.77,11822.21164,48.13,2015-16,17.040534528734305,693.77,1859.3036,Van
791,SMALL VAN,D,435.94,7707.12926,49.93,2015-16,17.679334908473642,435.94,1168.3192000000001,Van
1104,SMALL VAN,D,1581.81,18925.8384,33.79,2015-16,11.964672368995013,1581.81,4239.2508,Van
1108,SMALL VAN,D,1075.02,10858.21698,28.53,2015-16,10.100479042250376,1075.02,2881.0536,Van
1103,SMALL VAN,D,531.4,9770.30314,51.93,2015-16,18.385967519759127,531.4,1424.152,Van
1106,SMALL VAN,D,1031.1,11997.6297,32.86,2015-16,11.635757637474542,1031.1,2763.348,Van
1107,SMALL VAN,D,1545.48,15605.76998,28.52,2015-16,10.097684848720139,1545.48,4141.8864,Van
1105,SMALL VAN,D,999.36,11023.979,31.16,2015-16,11.03103886487352,999.3599999999999,2678.2848000000004,Van
770,SMALL VAN,D,792.98,13977.1179,49.78,2015-16,17.626066105072006,792.98,2125.1864,Van
784,SMALL VAN,D,853.05,15303.21406,50.67,2015-16,17.939410421428992,853.05,2286.174,Van
771,SMALL VAN,D,1324.37,26375.47326,56.25,2015-16,19.91548680504693,1324.37,3549.3116,Van
YK58YZE,MED VAN,D,430.33,2974.06032,19.52,2015-16,6.91111546952339,430.33,1153.2844,Van
4475,3 AXLE BIN,D,16562.34,18947.0,3.23,2015-16,1.1439808626075785,16562.34,44387.071200000006,Truck
4477,3 AXLE BIN,D,14007.92,15960.0,3.22,2015-16,1.1393554503452332,14007.92,37541.225600000005,Truck
4478,3 AXLE BIN,D,12636.78,12037.0,2.69,2015-16,0.9525369595735622,12636.78,33866.570400000004,Truck
4476,3 AXLE BIN,D,12908.0,15640.0,3.42,2015-16,1.2116516888751163,12907.999999999998,34593.44,Truck
4479,3 AXLE BIN,D,12466.67,12123.0,2.75,2015-16,0.9724328950714184,12466.67,33410.6756,Truck
4474,3 AXLE BIN,D,17322.73,19990.0,3.26,2015-16,1.1539751528771736,17322.73,46424.9164,Truck
4480,3 AXLE BIN,D,12929.64,14054.0,3.07,2015-16,1.0869598844206025,12929.640000000001,34651.4352,Truck
YK59VRL,MINIBUS,D,356.4,4023.35,39.0,2015-16,11.288860830527497,356.4,955.152,Bus
78058,LARGE VAN,D,2889.06,23629.93922,23.1,2015-16,8.179109890414184,2889.06,7742.6808,Van
1954,FLATBACK,D,689.78,4881.12822,20.08,2015-16,7.07635509872713,689.78,1848.6104,Truck
1953,FLATBACK,D,308.0,2179.04636,19.98,2015-16,7.074825844155844,308.0,825.44,Truck
1466,MED VAN,D,1094.35,11822.21164,30.51,2015-16,10.80295302234203,1094.35,2932.8579999999997,Van
769,SMALL VAN,D,406.0,7106.84544,49.44,2015-16,17.50454541871921,406.00000000000006,1088.0800000000002,Van
1464,MED VAN,D,1108.89,8811.1365,22.44,2015-16,7.945906717528339,1108.89,2971.8252,Van
1468,MED VAN,D,319.5,2700.47252,23.87,2015-16,8.452183161189359,319.49999999999994,856.2600000000001,Van
1874,MED VAN,D,1513.85,11865.66382,23.02,2015-16,7.838071024209796,1513.85,4057.118,Van
1005,SMALL VAN,D,253.44,2085.70464,28.96,2015-16,8.229579545454545,253.44,679.2192,Van
1004,SMALL VAN,D,742.61,9293.9385,35.35,2015-16,12.515234780032587,742.61,1990.1948000000002,Van
1003,SMALL VAN,D,1563.5,17878.15806,33.3,2015-16,11.434702948512953,1563.5,4190.18,Van
1252,SMALL VAN,D,72.46,906.05842,35.32,2015-16,12.504256417333702,72.46,194.1928,Van
1247,SMALL VAN,D,1147.12,14522.68416,35.76,2015-16,12.660126368644956,1147.12,3074.2816,Van
1240,SMALL VAN,D,591.77,7660.4583999999995,36.56,2015-16,12.944992818155702,591.77,1585.9436,Van
1250,SMALL VAN,D,45.02,276.80648,17.37,2015-16,6.148522434473567,45.02,120.65360000000001,Van
1231,SMALL VAN,D,1049.11,13540.98676,36.46,2015-16,12.9071181858909,1049.11,2811.6148,Van
1245,SMALL VAN,D,1042.8,11469.76618,31.07,2015-16,10.999008611430764,1042.8,2794.704,Van
1253,SMALL VAN,D,641.43,9879.73826,43.5,2015-16,15.402675677782456,641.43,1719.0324,Van
1254,SMALL VAN,D,889.31,11321.7069,35.96,2015-16,12.730889003834433,889.31,2383.3508,Van
1177,SMALL VAN,D,423.73,6548.40446,43.65,2015-16,15.454191253864488,423.73,1135.5964000000001,Van
1175,SMALL VAN,D,616.27,8016.12254,36.74,2015-16,13.007484609018775,616.27,1651.6036000000001,Van
1176,SMALL VAN,D,1355.64,18637.76654,38.83,2015-16,13.748315585258622,1355.64,3633.1152000000006,Van
1178,SMALL VAN,D,1002.59,15380.462379999999,43.33,2015-16,15.34072988958597,1002.59,2686.9412,Van
1483,MED VAN,D,1617.17,18848.590079999998,32.92,2015-16,11.655292937662706,1617.17,4334.015600000001,Van
1484,MED VAN,D,1037.57,11558.27988,31.46,2015-16,11.139759129504515,1037.57,2780.6876,Van
1501,MED VAN,D,1315.99,14603.15116,31.34,2015-16,11.096703743949421,1315.99,3526.8532,Van
1502,MED VAN,D,1112.21,11846.35174,30.08,2015-16,10.651182546461548,1112.21,2980.7228000000005,Van
1503,MED VAN,D,1501.16,17308.4517,32.57,2015-16,11.53005122705108,1501.16,4023.1088000000004,Van
1505,MED VAN,D,1456.28,17644.80376,34.22,2015-16,12.116353833054083,1456.28,3902.8304000000003,Van
1482,MED VAN,D,2264.01,24027.4462,29.97,2015-16,10.612782717390823,2264.01,6067.546800000001,Van
1891,LARGE VAN,D,3365.71,29957.8641,25.14,2015-16,8.900904742238636,3365.71,9020.1028,Van
1506,MED VAN,D,1680.71,19555.09034,32.86,2015-16,11.635017546156087,1680.7100000000003,4504.3028,Van
1507,MED VAN,D,1641.33,19044.92956,32.77,2015-16,11.603351891453883,1641.33,4398.7644,Van
1508,MED VAN,D,895.45,14186.3321,44.75,2015-16,15.84268479535429,895.45,2399.806,Van
1509,MED VAN,D,2698.15,30955.6549,32.4,2015-16,11.472918444119118,2698.15,7231.042,Van
1510,MED VAN,D,924.81,9520.85544,29.08,2015-16,10.294931326434618,924.8100000000001,2478.4908,Van
1511,MED VAN,D,1372.8,14789.8346,30.43,2015-16,10.773480914918416,1372.8,3679.1040000000003,Van
1512,MED VAN,D,1486.75,16856.22716,32.02,2015-16,11.337633872540776,1486.75,3984.4900000000002,Van
1513,MED VAN,D,954.71,12488.4784,36.95,2015-16,13.080912947387164,954.71,2558.6228,Van
1514,MED VAN,D,1729.18,19418.29644,31.72,2015-16,11.229771591158814,1729.18,4634.2024,Van
1515,MED VAN,D,1008.57,12169.82908,34.08,2015-16,12.066419861784505,1008.5700000000002,2702.9676000000004,Van
1516,MED VAN,D,1038.06,10702.111,29.12,2015-16,10.309722944723813,1038.06,2782.0008,Van
1517,MED VAN,D,2303.26,22503.40122,27.6,2015-16,9.770239234823684,2303.26,6172.736800000001,Van
1518,MED VAN,D,1171.61,14545.21492,35.06,2015-16,12.414724114679801,1171.61,3139.9148,Van
95,MED VAN,D,786.55,7940.48356,28.51,2015-16,10.095332222999174,786.55,2107.954,Van
1750,MED VAN,D,2144.5,22176.7052,29.21,2015-16,10.341200839356494,2144.5,5747.26,Van
917,SMALL VAN,D,1148.75,15895.45118,39.08,2015-16,13.83717186507073,1148.75,3078.65,Van
YN14ORH,MED TIPPER,D,6747.65,50375.56068,21.09,2015-16,7.465645177209844,6747.65,18083.702,Truck
YN15LND,MINIBUS,D,1009.18,13613.40706,38.1,2015-16,13.489572781862503,1009.18,2704.6024,Bus
YN63XGF,MED VAN,D,130.0,1216.66104,26.43,2015-16,9.358931076923076,130.0,348.40000000000003,Van
YN63XGM,SMALL VAN,D,194.58,2117.89144,30.74,2015-16,10.884425120772946,194.58,521.4744000000001,Van
YN63XNF,MED VAN,D,737.56,8206.02466,31.42,2015-16,11.125907939693041,737.56,1976.6607999999999,Van
YN63XNK,MED VAN,D,125.58,614.76788,26.78,2015-16,4.895428252906513,125.58000000000001,336.55440000000004,Van
YN64LMU,MED TIPPER,D,386.17,5397.72636,48.85,2015-16,13.977591112722374,386.17,1034.9356,Truck
YN64LUO,MED TIPPER,D,2287.62,16867.49254,20.83,2015-16,7.373380430316224,2287.62,6130.8216,Truck
YN65NFM,MED VAN,D,813.57,8806.30848,33.23,2015-16,10.824278771341126,813.57,2180.3676,Van
78080,MINIBUS,D,333.02,3118.90092,26.45,2015-16,9.3655063359558,333.0199999999999,892.4936,Bus
,MASTER,D,90.29,,,2015-16,,,241.97720000000004,Van
YOUTH MAS,MASTER,D,263.44,,,2015-16,,,706.0192000000001,Van
75,WELFARE,D,1907.34,19794.882,29.31,2015-16,10.378266066878481,1907.34,5111.6712,Bus
YP12VRE,MINIBUS,D,725.35,6332.0,24.66,2015-16,8.729578824015992,725.35,1943.938,Bus
1872,LARGE VAN,D,2112.59,24751.6492,33.09,2015-16,11.71625786357031,2112.59,5661.7412,Van
86,CAR,D,591.74,7018.33174,33.5,2015-16,11.860499104336363,591.74,1585.8632,Car
YP63YRF,MED TIPPER,D,1607.27,12152.12634,21.35,2015-16,7.56072491865088,1607.27,4307.4836000000005,Truck
YR14JXY,MED TIPPER,D,4229.6,31147.16636,20.8,2015-16,7.36409267070172,4229.6,11335.328000000001,Truck
YR14KAJ,CAR,D,712.73,13557.08016,53.72,2015-16,19.021340704053426,712.73,1910.1164,Car
YS11UEV,MED VAN,D,38.86,,,2015-16,,,104.1448,Van
YS15LOD,MINIBUS,D,256.0,2035.8151,30.1,2015-16,7.952402734375,256.0,686.08,Bus
78016,MINIBUS,D,161.71,825.59142,22.67,2015-16,5.105382598478758,161.71,433.38280000000003,Bus
926,SMALL VAN,D,771.29,9334.172,34.18,2015-16,12.102026475126088,771.29,2067.0572,Van
923,SMALL VAN,D,628.45,8093.37086,36.37,2015-16,12.878305131673164,628.45,1684.2460000000003,Van
1870,LARGE VAN,D,1868.56,21001.887,31.75,2015-16,11.239610716273493,1868.5600000000002,5007.7408000000005,Van
1873,LARGE VAN,D,1624.02,17297.18632,30.08,2015-16,10.650845629979926,1624.02,4352.3736,Van
1864,LARGE VAN,D,2461.05,17166.82978,19.7,2015-16,6.9754087808049405,2461.05,6595.6140000000005,Van
73,MPV,D,231.56,4266.36034,52.04,2015-16,18.42442710312662,231.55999999999997,620.5808000000001,Bus
YT13FNG,MED VAN,D,65.0,692.0162,30.07,2015-16,10.646403076923077,65.0,174.20000000000002,Van
78003,4 X 4,D,378.54,2586.20938,21.96,2015-16,6.832063665662809,378.54,1014.4872000000001,Car
517,4 X 4,D,625.66,5286.6819,23.87,2015-16,8.449768084902344,625.66,1676.7688,Car
905,SMALL VAN,D,936.56,12002.45772,36.2,2015-16,12.815471213803708,936.56,2509.9808,Van
1869,LARGE VAN,D,2029.37,18233.8222,25.38,2015-16,8.984966861636863,2029.3699999999997,5438.7116,Van
4400,4 AXLE BIN,D,16186.99,13377.0,2.33,2015-16,0.8264044149035739,16186.989999999998,43381.133200000004,Truck
YT64FVD,MED VAN,D,1216.04,12745.9728,31.04,2015-16,10.481540738791487,1216.04,3258.9872,Van
YT64FZC,MED VAN,D,1906.48,20823.25026,30.85,2015-16,10.922354422810626,1906.4799999999998,5109.366400000001,Van
YT64GCU,LARGE VAN,D,873.19,9417.85768,32.45,2015-16,10.785576655710669,873.19,2340.1492000000003,Van
YT64GFO,MED VAN,D,650.0,6205.61504,26.97,2015-16,9.547100061538462,650.0,1742.0,Van
4431,2 AXLE BIN,D,9974.14,22116.0,6.31,2015-16,2.217334025790695,9974.14,26730.6952,Truck
YX15RVE,CAR,D,547.32,7462.50958,42.04,2015-16,13.63463710443616,547.32,1466.8176000000003,Car
YY15OBT,CAR,D,142.93,1248.84784,36.88,2015-16,8.737478765829426,142.93,383.05240000000003,Car
84600,GULLY TANK,D,5638.33,10504.0,5.26,2016-17,1.8629629695317584,5638.33,15110.724400000001,Truck
AY61ESG,SMALL VAN,D,1369.43,22690.08466,46.8,2016-17,16.568999262466864,1369.43,3670.0724000000005,Van
AY61ESN,SMALL VAN,D,232.09,3221.89868,39.21,2016-17,13.882109009435993,232.09,622.0012,Van
BF15MOV,MED VAN,D,2023.68,19893.05174,27.76,2016-17,9.830137047359266,2023.68,5423.4624,Van
BF65XVV,MED TIPPER,D,782.43,5318.8687,20.94,2016-17,6.797884411385044,782.43,2096.9124,Truck
BF65YZA,MED TIPPER,D,544.11,3611.35896,20.08,2016-17,6.637185422065391,544.11,1458.2148000000002,Truck
BF65ZCN,MED TIPPER,D,680.79,4388.67018,20.13,2016-17,6.446437491737541,680.79,1824.5172,Truck
BF65ZGZ,MED TIPPER,D,1341.43,5481.41204,11.54,2016-17,4.086245305383061,1341.43,3595.0324000000005,Truck
BG60KXK,MED TIPPER,D,2145.66,17697.91198,23.3,2016-17,8.248236896805645,2145.66,5750.3688,Truck
BN13JXL,MED TIPPER,D,256.74,1884.53714,20.73,2016-17,7.340255277712861,256.74,688.0632,Truck
BN13JYO,MED TIPPER,D,1018.18,6170.20956,18.13,2016-17,6.060038067925122,1018.18,2728.7224,Truck
BT64KJK,SMALL VAN,D,214.49,2101.79804,37.32,2016-17,9.799049093197818,214.49000000000004,574.8332,Van
BU14EYS,SMALL VAN,D,234.6,3320.06842,39.97,2016-17,14.152039300937767,234.6,628.7280000000001,Van
3326,LIBRARY BU,D,2133.56,12256.73344,16.23,2016-17,5.744733422073905,2133.56,5717.9408,Bus
BX64BCE,MED VAN,D,1909.2,16658.27834,25.46,2016-17,8.725266258118584,1909.2,5116.656000000001,Van
BX64BFL,LARGE VAN,D,2096.4,17285.92094,23.29,2016-17,8.245526111429117,2096.4,5618.352000000001,Van
CE65FZW,SMALL VAN,D,930.21,13170.83856,41.65,2016-17,14.158994807624085,930.21,2492.9628000000002,Van
CITY CNT,MASTER,D,5872.6,,,2016-17,,,15738.568000000001,Van
CK13DKU,SMALL VAN,D,426.99,5906.2778,41.1,2016-17,13.832356261270755,426.99,1144.3332,Van
CK65XZA,SMALL VAN,D,92.64,819.15406,38.34,2016-17,8.842336571675302,92.64,248.2752,Van
CN15MXW,SMALL VAN,D,2269.0,27040.13068,33.66,2016-17,11.917201710004406,2269.0,6080.92,Van
CN15MXX,SMALL VAN,D,1164.77,14319.90732,34.72,2016-17,12.294193119671695,1164.77,3121.5836,Van
CN15MXY,SMALL VAN,D,129.98,1929.5986599999999,41.93,2016-17,14.845350515463918,129.98,348.3464,Van
CN15MXZ,SMALL VAN,D,109.59,1533.70102,39.53,2016-17,13.994899352130668,109.59,293.70120000000003,Van
CN15MYA,SMALL VAN,D,88.05,1285.86266,41.25,2016-17,14.603778080636003,88.05,235.97400000000002,Van
CN15MYB,SMALL VAN,D,190.79,2803.47028,41.5,2016-17,14.694010587557,190.79,511.3172,Van
CN15MYC,SMALL VAN,D,149.34,1831.42892,34.64,2016-17,12.263485469398688,149.34,400.23120000000006,Van
CN15MYD,SMALL VAN,D,273.61,3463.29968,35.75,2016-17,12.65779642556924,273.61,733.2748,Van
CN15MYF,SMALL VAN,D,138.96,1816.94486,36.93,2016-17,13.07530843408175,138.96,372.41280000000006,Van
CN15MYG,SMALL VAN,D,172.14,2331.93366,38.26,2016-17,13.546727431160685,172.14,461.3352,Van
CN15MYH,SMALL VAN,D,1209.43,16180.30436,37.79,2016-17,13.378454610849738,1209.43,3241.2724000000003,Van
CN15MYJ,SMALL VAN,D,111.08,1678.54162,42.68,2016-17,15.111105689593087,111.08,297.69440000000003,Van
CN15MYK,SMALL VAN,D,164.55,2286.87214,39.25,2016-17,13.897734062594955,164.55,440.9940000000001,Van
CN65BCF,MED TIPPER,D,775.67,4105.42634,17.34,2016-17,5.292748643108538,775.67,2078.7956,Truck
CN65BCK,MED TIPPER,D,1497.05,15056.98504,29.7,2016-17,10.057770308272937,1497.05,4012.094,Truck
CN65BCV,MED TIPPER,D,315.12,1841.08496,20.79,2016-17,5.842488448844884,315.12,844.5216,Truck
CN65CKK,MED TIPPER,D,3350.39,26452.72158,22.7,2016-17,7.895415632209982,3350.39,8979.0452,Truck
CN66ENC,MED TIPPER,D,445.77,4448.21576,32.21,2016-17,9.978723915920767,445.77,1194.6636,Truck
CN66ENE,MED TIPPER,D,260.24,2298.1375199999998,29.48,2016-17,8.830838917921916,260.24,697.4432,Truck
CN66ENH,MED TIPPER,D,317.16,3295.92832,29.36,2016-17,10.392005044772354,317.16,849.9888000000001,Truck
CX15HFH,MINIBUS,D,1616.05,19941.33194,35.26,2016-17,12.339551338139291,1616.05,4331.014,Bus
DF66EWW,SMALL VAN,D,185.67,2114.67276,37.79,2016-17,11.389415414444983,185.67,497.5956,Van
DF66EXE,SMALL VAN,D,136.01,1250.45718,37.79,2016-17,9.193862068965519,136.01,364.5068,Van
DG13ZFJ,CAR,D,1132.37,16178.69502,42.11,2016-17,14.287463479251482,1132.37,3034.7516,Car
DG16PXZ,MED TIPPER,D,561.43,7885.766,43.75,2016-17,14.045857898580412,561.43,1504.6324,Truck
78023,2 AXLE BIN,D,3117.01,8539.0,7.74,2016-17,2.739484313492738,3117.01,8353.586800000001,Truck
DOC MAST,MASTER,D,1119.14,,,2016-17,,,2999.2952000000005,Van
DX13GYT,TRACTOR,D,2352.67,,0.13,2016-17,,,6305.155600000001,Truck
E015JCZ,SMALL VAN,D,785.77,10640.95608,38.25,2016-17,13.542074754699213,785.77,2105.8636,Van
EA15KWT,MED TIPPER,D,942.44,7330.5437,21.97,2016-17,7.778260366707695,942.44,2525.7392000000004,Truck
EA15KWX,MED TIPPER,D,1073.44,8664.68656,22.8,2016-17,8.07188716649277,1073.44,2876.8192000000004,Truck
EA64TWW,MED VAN,D,1018.21,13100.0276,36.34,2016-17,12.865742430343445,1018.21,2728.8028000000004,Van
EK65HSN,MED VAN,D,260.0,1575.54386,22.82,2016-17,6.059784076923077,260.0,696.8000000000001,Van
EK65HTV,MED VAN,D,1067.14,11592.07602,30.68,2016-17,10.862750923027905,1067.14,2859.9352000000003,Van
EO15VDR,SMALL VAN,D,848.34,9791.22456,32.6,2016-17,11.541627837895184,848.34,2273.5512000000003,Van
FL14RKN,CAR,D,75.92,786.96726,65.43,2016-17,10.36574367755532,75.92,203.46560000000002,Car
1100,SMALL VAN,D,597.47,8613.18768,40.72,2016-17,14.416100691248094,597.47,1601.2196000000001,Van
12,CAR,D,120.45,1776.71136,51.31,2016-17,14.750613200498131,120.45,322.80600000000004,Car
FM65XYT,CAR,D,255.65,3007.85646,37.6,2016-17,11.765524975552513,255.65,685.142,Car
FN62HTP,MED TIPPER,D,905.62,9710.75756,30.29,2016-17,10.722772862790134,905.6199999999999,2427.0616,Truck
FN62HTU,MED TIPPER,D,1619.6,12395.13668,21.62,2016-17,7.653208619412201,1619.6,4340.528,Truck
GN15BYT,MINIBUS,D,249.95,2478.3836,28.01,2016-17,9.915517503500702,249.94999999999996,669.866,Bus
78043,MINIBUS,D,534.55,3418.23816,18.06,2016-17,6.394608848564213,534.55,1432.594,Bus
GN58AFK,MINIBUS,D,498.24,3476.1744,19.71,2016-17,6.9769075144508665,498.24,1335.2832,Bus
GN58OZC,MINIBUS,D,322.0,1676.93228,14.71,2016-17,5.207864223602485,322.0,862.96,Bus
78070,MINIBUS,D,815.61,6345.62762,21.97,2016-17,7.780222925172571,815.61,2185.8348,Bus
GX63HLW,MINIBUS,D,323.05,2483.21162,27.18,2016-17,7.686771769075994,323.05,865.7740000000001,Bus
HWSMAST,MASTER,D,8751.13,,,2016-17,,,23453.0284,Van
HWHMAST,MASTER,D,4037.72,,,2016-17,,,10821.0896,Van
HG12KJV,MED TIPPER,D,1072.26,9704.3202,27.16,2016-17,9.050342454255498,1072.26,2873.6568,Truck
HG12KJX,MED TIPPER,D,423.92,3456.86232,23.03,2016-17,8.154515757690131,423.91999999999996,1136.1056,Truck
HG12KKE,MED TIPPER,D,1365.0,14559.69898,30.13,2016-17,10.66644613919414,1365.0,3658.2000000000003,Truck
HG12KKF,MED TIPPER,D,570.33,3675.73256,20.22,2016-17,6.44492234320481,570.33,1528.4844000000003,Truck
LIBMAST,MASTER,D,66.74,,,2016-17,,,178.8632,Van
78092,MED TIPPER,D,960.42,7407.79202,22.69,2016-17,7.713075550280086,960.42,2573.9256,Truck
HWSMAST1,MASTER,D,1459.83,,,2016-17,,,3912.3444,Van
3305,LIBRARY BU,D,2047.34,7848.0,10.83,2016-17,3.8332665800502115,2047.34,5486.8712000000005,Bus
KP65AHG,MED VAN,D,1868.82,17367.99728,27.14,2016-17,9.293563467856723,1868.82,5008.4376,Van
KR12LHT,MED TIPPER,D,373.53,2674.72308,24.37,2016-17,7.160664685567426,373.53,1001.0604,Truck
KR12LLT,MED TIPPER,D,2553.88,19804.53804,21.9,2016-17,7.75468621861638,2553.88,6844.398400000001,Truck
KR12LOD,MED TIPPER,D,3305.11,30456.7595,26.03,2016-17,9.215051692681937,3305.11,8857.694800000001,Truck
KX13JMU,LUTON,D,162.47,1403.34448,24.4,2016-17,8.637560657352127,162.47,435.4196,Van
KX16LML,MED VAN,D,1426.22,13383.27144,27.68,2016-17,9.383735636858269,1426.22,3822.2696,Van
KX16LMM,MED VAN,D,891.93,10748.78186,36.37,2016-17,12.051149596941464,891.93,2390.3724,Van
KX63OBB,MED VAN,D,55.77,,,2016-17,,,149.4636,Van
LMAST6,MASTER,D,4631.11,,,2016-17,,,12411.3748,Van
LMAST2,MASTER,D,865.76,,,2016-17,,,2320.2368,Van
Loan,SMALL VAN,D,1075.94,22875.15876,60.05,2016-17,21.260626763574173,1075.94,2883.5192,Van
MASTER,MASTER,D,261.72,,,2016-17,,,701.4096000000001,Van
78560,SML SWEEPE,D,9146.8,10029.40688,3.1,2016-17,1.096493514671798,9146.8,24513.424,Truck
78567,SML SWEEPE,D,5889.4,8537.5487,4.11,2016-17,1.4496466023703602,5889.4,15783.592,Truck
78579,SML SWEEPE,D,8131.7,10858.21698,3.77,2016-17,1.3352948313390802,8131.700000000001,21792.956000000002,Truck
78568,SML SWEEPE,D,4623.04,5531.30158,3.4,2016-17,1.1964641404789922,4623.04,12389.7472,Truck
78574,SML SWEEPE,D,12692.33,9799.0,2.18,2016-17,0.7720410673217605,12692.33,34015.4444,Truck
78561,SML SWEEPE,D,7729.93,12477.21302,4.56,2016-17,1.6141430802090055,7729.93,20716.2124,Truck
78562,SML SWEEPE,D,3148.74,5189.0,4.65,2016-17,1.6479607716102316,3148.74,8438.6232,Truck
78563,SML SWEEPE,D,6171.93,6544.0,3.01,2016-17,1.0602842222773103,6171.93,16540.7724,Truck
78564,SML SWEEPE,D,6434.4,14587.05776,6.4,2016-17,2.2670424219818477,6434.4,17244.192,Truck
78565,SML SWEEPE,D,3893.32,7367.55852,5.4,2016-17,1.8923588402700007,3893.32,10434.097600000001,Truck
78566,SML SWEEPE,D,262.73,629.25194,7.86,2016-17,2.395051726106649,262.73,704.1164000000001,Truck
78566DD,SML SWEEPE,D,543.33,1395.29778,7.25,2016-17,2.5680484788250233,543.33,1456.1244000000002,Truck
78569,SML SWEEPE,D,392.73,700.0629,5.03,2016-17,1.7825551905889543,392.73,1052.5164000000002,Truck
78569 D,SML SWEEPE,D,2604.88,6269.98864,6.8,2016-17,2.4070163078529525,2604.88,6981.0784,Truck
78570,SML SWEEPE,D,3984.92,4271.0,3.05,2016-17,1.0717906507533401,3984.92,10679.5856,Truck
78571,SML SWEEPE,D,2428.68,6206.0,7.22,2016-17,2.555297527875225,2428.68,6508.8624,Truck
78572,SML SWEEPE,D,4706.38,7266.1701,4.36,2016-17,1.5438978790492905,4706.38,12613.0984,Truck
78573,SML SWEEPE,D,1718.05,4408.0,7.25,2016-17,2.565699484881115,1718.05,4604.374,Truck
78575,SML SWEEPE,D,10511.27,13904.6976,3.74,2016-17,1.3228370691648106,10511.27,28170.203600000004,Truck
78576,SML SWEEPE,D,6865.19,9971.47064,4.1,2016-17,1.4524682696327413,6865.19,18398.7092,Truck
78577,SML SWEEPE,D,1913.13,2930.60814,4.33,2016-17,1.531839519530821,1913.13,5127.188400000001,Truck
78578,SML SWEEPE,D,5062.89,9141.0512,5.1,2016-17,1.805500652789217,5062.89,13568.545200000002,Truck
78552,SWEEPER,D,10677.68,12888.0,3.41,2016-17,1.2070037686089112,10677.68,28616.1824,Truck
78554,SWEEPER,D,6035.34,12121.0,5.67,2016-17,2.0083375584474115,6035.34,16174.711200000002,Truck
78555,SWEEPER,D,2906.73,7052.12788,6.85,2016-17,2.4261379213067604,2906.73,7790.036400000001,Truck
78551,SWEEPER,D,9677.36,38389.19636,11.2,2016-17,3.9669079542354524,9677.36,25935.324800000002,Truck
78556,SWEEPER,D,10278.38,15553.0,4.27,2016-17,1.5131762009188219,10278.38,27546.058399999998,Truck
LN15KKG,SWEEPER,D,8932.59,7785.0,2.47,2016-17,0.8715277427935235,8932.59,23939.341200000003,Truck
78557,SWEEPER,D,6863.57,9510.0,3.91,2016-17,1.3855763108702905,6863.57,18394.3676,Truck
78558,SWEEPER,D,8187.5,17094.0,5.92,2016-17,2.0878167938931296,8187.500000000001,21942.5,Truck
785600,SWEEPER,D,9172.42,19899.4891,6.13,2016-17,2.1694917044792974,9172.42,24582.085600000002,Truck
LR66EPC,SMALL VAN,D,16.46,,,2016-17,,,44.11280000000001,Van
419,WELFARE,D,4092.84,26446.28422,18.25,2016-17,6.461597379814505,4092.84,10968.811200000002,Bus
420,WELFARE,D,3480.88,27474.65248,22.29,2016-17,7.8930191445841285,3480.88,9328.7584,Bus
421,WELFARE,D,3510.32,25517.69504,20.53,2016-17,7.269335855420588,3510.32,9407.6576,Bus
422,WELFARE,D,3640.45,27601.79034,21.76,2016-17,7.581972102349985,3640.45,9756.406,Bus
417,WELFARE,D,4946.79,38263.66784,21.85,2016-17,7.735049969778382,4946.79,13257.397200000001,Bus
423,WELFARE,D,3396.88,23889.04296,20.25,2016-17,7.0326425896705205,3396.88,9103.638400000002,Bus
418,WELFARE,D,4692.08,34161.46018,20.56,2016-17,7.280664477161515,4692.08,12574.7744,Bus
416,WELFARE,D,5174.69,36081.402799999996,19.69,2016-17,6.972669435270518,5174.69,13868.1692,Bus
415,WELFARE,D,4010.99,27936.53306,19.67,2016-17,6.964996935918564,4010.99,10749.4532,Bus
411,WELFARE,D,5477.83,35812.64302,18.47,2016-17,6.537742686428751,5477.83,14680.584400000002,Bus
412,WELFARE,D,4604.06,30731.95664,18.85,2016-17,6.674968753665243,4604.06,12338.880800000003,Bus
414,WELFARE,D,5031.31,35838.39246,20.12,2016-17,7.123073803840351,5031.31,13483.910800000001,Bus
413,WELFARE,D,3082.71,22146.12774,20.29,2016-17,7.183980244654865,3082.71,8261.6628,Bus
403,WELFARE,D,4380.58,26097.05744,16.83,2016-17,5.957443407037425,4380.58,11739.9544,Bus
410,WELFARE,D,3251.99,21024.41776,18.26,2016-17,6.465092992290875,3251.99,8715.3332,Bus
447,WELFARE,D,1487.94,9461.30986,18.7,2016-17,6.358663561702756,1487.94,3987.6792000000005,Bus
451,WELFARE,D,2338.44,13632.71914,16.93,2016-17,5.829834907032038,2338.44,6267.019200000001,Bus
446,WELFARE,D,1451.58,9734.89766,19.68,2016-17,6.706414844514254,1451.58,3890.2344,Bus
450,WELFARE,D,1362.75,9430.7324,20.27,2016-17,6.920368666299762,1362.75,3652.17,Bus
448,WELFARE,D,2079.33,13231.99348,18.49,2016-17,6.363585135596562,2079.33,5572.6044,Bus
449,WELFARE,D,1613.72,10306.21336,18.68,2016-17,6.386618099794264,1613.72,4324.7696000000005,Bus
MA13MWL,LARGE VAN,D,1026.82,8791.82442,24.18,2016-17,8.562186576030854,1026.82,2751.8776,Van
MA62EYX,MED VAN,D,130.0,589.0184399999999,25.59,2016-17,4.5309110769230765,130.0,348.40000000000003,Van
MA62FNY,MED VAN,D,1755.0,17628.71036,29.46,2016-17,10.044849207977208,1755.0,4703.400000000001,Van
MA62FOC,MED VAN,D,1288.69,14962.03398,34.38,2016-17,11.610266223839712,1288.69,3453.6892000000003,Van
MA62YDX,MED VAN,D,507.09,5170.80942,28.8,2016-17,10.197025025143466,507.0899999999999,1359.0012,Van
MA64HWY,MED VAN,D,1248.08,,,2016-17,,,3344.8544,Van
MA64HXJ,MED VAN,D,417.64,4940.6738,33.41,2016-17,11.82998228139067,417.64,1119.2752,Van
MAILMAST,MASTER,D,1033.98,,,2016-17,,,2771.0664,Van
MASTER LI,MASTER,D,861.71,,,2016-17,,,2309.3828000000003,Van
MC16PYO,MINIBUS,D,1557.65,17131.4243,32.31,2016-17,10.998250120373639,1557.65,4174.502,Bus
MF11BPZ,MED VAN,D,130.04,1569.1065,34.08,2016-17,12.066337280836667,130.04,348.5072,Van
MF11BWV,SMALL VAN,D,565.83,11641.96556,63.17,2016-17,20.575023522966262,565.83,1516.4244,Van
MF12LME,SMALL VAN,D,506.51,8268.78892,46.11,2016-17,16.32502600146098,506.51,1357.4468000000002,Van
MF12LNT,SMALL VAN,D,257.32,7332.15304,80.48,2016-17,28.494299082854035,257.32,689.6176,Van
MF12LOA,MED VAN,D,65.0,640.51732,27.83,2016-17,9.854112615384617,65.0,174.20000000000002,Van
MF12LTE,MED VAN,D,65.0,,,2016-17,,,174.20000000000002,Van
MF12LTU,MED VAN,D,260.0,1297.12804,28.18,2016-17,4.9889540000000006,260.0,696.8000000000001,Van
MF13URJ,MED VAN,D,850.24,7818.17372,28.12,2016-17,9.195255127963868,850.24,2278.6432,Van
MF13UUS,MED VAN,D,193.78,1562.66914,33.95,2016-17,8.064140468572608,193.78,519.3304,Van
MF15OHT,SMALL VAN,D,221.46,2504.13304,31.94,2016-17,11.3073830037027,221.46,593.5128000000001,Van
MF60HFK,MED VAN,D,515.84,5289.9005799999995,28.96,2016-17,10.25492513182382,515.84,1382.4512000000002,Van
MF61YWM,MED VAN,D,22.22,,,2016-17,,,59.5496,Van
MF64EBK,LARGE VAN,D,124.64,629.25194,27.34,2016-17,5.0485553594351735,124.63999999999999,334.03520000000003,Van
MF64EBM,MED VAN,D,195.0,1907.0679,27.62,2016-17,9.779835384615385,195.0,522.6,Van
MJ10SXK,SMALL VAN,D,74.95,680.75082,49.54,2016-17,9.082732755170113,74.95,200.866,Van
MJ15GWE,MED VAN,D,1848.23,17958.62506,28.44,2016-17,9.716661378724508,1848.23,4953.2564,Van
MJ15YGZ,MED VAN,D,2108.82,25823.46964,34.59,2016-17,12.245459375385286,2108.82,5651.637600000001,Van
701,SMALL VAN,D,545.06,10138.842,54.97,2016-17,18.601331963453568,545.06,1460.7608,Van
700,SMALL VAN,D,571.28,11530.9211,59.78,2016-17,20.184359858563226,571.28,1531.0304,Van
13,4 X 4,D,671.52,10125.96728,44.81,2016-17,15.079174529425782,671.52,1799.6736,Car
MJ60OEW,MED VAN,D,594.26,5595.67518,34.04,2016-17,9.41620701376502,594.26,1592.6168,Van
MK12FKS,MED VAN,D,320.47,3658.02982,32.24,2016-17,11.414578026024277,320.47,858.8596000000001,Van
MK12FKY,MED VAN,D,127.25,650.17336,28.78,2016-17,5.109417367387033,127.25,341.03000000000003,Van
702,SMALL VAN,D,1067.07,24893.27112,67.8,2016-17,23.32862054035818,1067.07,2859.7476,Van
1866,LARGE VAN,D,1371.91,11685.41774,25.24,2016-17,8.517627060084116,1371.91,3676.7188000000006,Van
MK58XOT,SMALL VAN,D,626.42,7985.54508,36.01,2016-17,12.747908879026852,626.42,1678.8056,Van
1115,SMALL VAN,D,225.93,4055.5368,50.7,2016-17,17.950412959766297,225.93000000000004,605.4924000000001,Van
ML60UUX,SMALL VAN,D,108.25,1720.38446,44.89,2016-17,15.892697090069284,108.25,290.11,Van
ML60UWF,SMALL VAN,D,87.71,,,2016-17,,,235.0628,Van
ML60UWG,SMALL VAN,D,29.73,,,2016-17,,,79.6764,Van
ML60UXA,MED VAN,D,463.12,5930.4179,36.17,2016-17,12.805359086197962,463.12,1241.1616000000001,Van
ML60UXG,MED VAN,D,375.48,4234.17354,31.85,2016-17,11.27669527005433,375.48,1006.2864000000001,Van
ML62YFM,MED VAN,D,222.73,1198.9583,18.53,2016-17,5.383012167197953,222.73,596.9164,Van
WS13/61,TRACTOR,D,1349.08,,,2016-17,,,3615.5344,Truck
MM16WKV,MPV,D,505.79,6308.6128,35.23,2016-17,12.47279068388066,505.7900000000001,1355.5172000000002,Bus
MT10MJE,MED VAN,D,650.0,1931.208,9.32,2016-17,2.971089230769231,650.0,1742.0,Van
MT10MJJ,MED VAN,D,62.97,642.12666,28.8,2016-17,10.197342544068604,62.97,168.7596,Van
MV13MLN,MED VAN,D,683.54,6535.52974,27.01,2016-17,9.561298153729117,683.54,1831.8872000000001,Van
MV14SFU,FLATBED,D,817.43,5545.78564,20.67,2016-17,6.7844165738962365,817.43,2190.7124,Truck
MV14SOJ,MPV,D,450.96,6619.2154199999995,41.46,2016-17,14.678054417243214,450.96,1208.5728,Bus
736,SMALL VAN,D,33.12,,,2016-17,,,88.7616,Van
737,SMALL VAN,D,20.12,,,2016-17,,,53.921600000000005,Van
735,SMALL VAN,D,20.11,,,2016-17,,,53.894800000000004,Van
MV61XTH,MED VAN,D,585.0,7000.629,33.8,2016-17,11.966887179487179,585.0,1567.8000000000002,Van
711,SMALL VAN,D,596.54,11997.6297,59.54,2016-17,20.112028866463273,596.54,1598.7272,Van
708,SMALL VAN,D,670.61,12277.65486,54.38,2016-17,18.30818934999478,670.61,1797.2348000000002,Van
709,SMALL VAN,D,382.73,7336.98106,58.78,2016-17,19.17012269746296,382.7300000000001,1025.7164,Van
706,SMALL VAN,D,908.97,18906.52632,61.21,2016-17,20.79994534473085,908.9699999999999,2436.0396,Van
707,SMALL VAN,D,497.82,9292.32916,56.53,2016-17,18.666042264272225,497.82000000000005,1334.1576,Van
714,SMALL VAN,D,402.11,7124.54818,53.78,2016-17,17.717908482753476,402.10999999999996,1077.6548,Van
713,SMALL VAN,D,536.02,9720.4136,54.11,2016-17,18.134423342412596,536.02,1436.5336,Van
712,SMALL VAN,D,661.44,12694.47392,56.51,2016-17,19.19217755200774,661.44,1772.6592000000003,Van
715,SMALL VAN,D,571.72,8936.66502,46.4,2016-17,15.631191877142657,571.72,1532.2096000000001,Van
716,SMALL VAN,D,499.89,9973.07998,59.95,2016-17,19.950549080797778,499.89,1339.7052,Van
730,SMALL VAN,D,842.97,16223.75654,56.51,2016-17,19.245947708696633,842.97,2259.1596000000004,Van
704,SMALL VAN,D,511.68,9012.304,53.06,2016-17,17.613164477798623,511.68,1371.3024,Van
703,SMALL VAN,D,278.41,3875.29072,40.78,2016-17,13.919366114722889,278.41,746.1388000000001,Van
705,SMALL VAN,D,471.21,9495.106,60.76,2016-17,20.150476433012884,471.2099999999999,1262.8428000000001,Van
740,SMALL VAN,D,513.68,9203.81546,53.85,2016-17,17.917410566889895,513.68,1376.6624,Van
727,SMALL VAN,D,317.16,6290.91006,61.46,2016-17,19.83513072266364,317.16,849.9888000000001,Van
728,SMALL VAN,D,432.91,7607.35018,53.73,2016-17,17.57259056154859,432.91,1160.1988000000001,Van
729,SMALL VAN,D,451.34,8875.5101,59.84,2016-17,19.664798378162804,451.34,1209.5912,Van
710,SMALL VAN,D,349.2,7132.59488,63.11,2016-17,20.425529438717067,349.2,935.856,Van
722,SMALL VAN,D,162.22,2272.38808,47.22,2016-17,14.008063617309828,162.22,434.74960000000004,Van
MX64FNT,MED VAN,D,378.63,3765.8556,28.09,2016-17,9.946004278583313,378.63,1014.7284000000001,Van
3303,LIBRARY BU,D,2779.37,11773.93144,11.96,2016-17,4.236187135933683,2779.37,7448.7116000000005,Bus
3304,LIBRARY BU,D,3350.89,14542.0,12.26,2016-17,4.339742575852982,3350.89,8980.3852,Bus
OV15WVC,SMALL VAN,D,915.48,13555.47082,41.82,2016-17,14.80695462489623,915.48,2453.4864000000002,Van
OV15WVO,SMALL VAN,D,857.72,12279.2642,41.74,2016-17,14.31616867975563,857.72,2298.6896,Van
OV15WVR,SMALL VAN,D,494.44,7084.31468,40.47,2016-17,14.327956233314458,494.44,1325.0992,Van
OV15WVS,SMALL VAN,D,117.07,1879.70912,45.35,2016-17,16.056283591013923,117.07000000000001,313.7476,Van
OY63PHN,CAR,D,423.43,6978.09824,49.69,2016-17,16.479933495501026,423.43000000000006,1134.7924,Car
PARKING M,MASTER,D,622.05,,,2016-17,,,1667.094,Van
3501,LARGE TIPP,D,2744.79,11436.0,11.77,2016-17,4.166438962543583,2744.79,7356.037200000001,Truck
3503,LARGE TIPP,D,1821.91,6602.0,10.23,2016-17,3.6236696653511973,1821.91,4882.718800000001,Truck
3502,LARGE TIPP,D,3094.09,10267.0,9.37,2016-17,3.3182615890294076,3094.09,8292.1612,Truck
PK64PKX,SMALL VAN,D,538.24,7251.68604,41.49,2016-17,13.4729600921522,538.24,1442.4832000000001,Van
PK64PLJ,SMALL VAN,D,163.96,1744.52456,44.71,2016-17,10.639939985362284,163.96,439.41280000000006,Van
PMCMAST,MASTER,D,5361.16,,,2016-17,,,14367.908800000001,Van
5015,18TN D/M,D,1635.1,3911.0,6.76,2016-17,2.391902635924408,1635.1000000000001,4382.068,Truck
5019,18TN D/M,D,3428.41,8270.0,6.81,2016-17,2.4121969076044,3428.41,9188.1388,Truck
5016,18TN D/M,D,1513.52,4520.0,8.43,2016-17,2.986415772503832,1513.52,4056.2336,Truck
5020,18TN D/M,D,3256.75,8709.0,7.55,2016-17,2.6741383280878175,3256.75,8728.09,Truck
5017,18TN D/M,D,2602.59,6521.0,7.08,2016-17,2.505580978947894,2602.59,6974.941200000001,Truck
5018,18TN D/M,D,2386.67,6331.0,7.49,2016-17,2.6526499264665833,2386.67,6396.275600000001,Truck
5013,18TN D/M,D,1458.78,2933.0,5.68,2016-17,2.0105841867862186,1458.78,3909.5304,Truck
5014,18TN D/M,D,2025.15,4904.0,6.84,2016-17,2.4215490210601684,2025.1499999999999,5427.402000000001,Truck
3105,MED VAN,D,399.85,2386.0,16.85,2016-17,5.9672377141428035,399.85,1071.5980000000002,Van
3106,MED TIPPER,D,943.21,4889.0,14.64,2016-17,5.183363195894869,943.21,2527.8028000000004,Truck
5025,18TN D/M,D,2859.64,7553.0,7.46,2016-17,2.641241554881034,2859.64,7663.8352,Truck
PN14BZH,MED VAN,D,1963.66,30006.1443,43.16,2016-17,15.280722884817127,1963.66,5262.608800000001,Van
4610,HOOKLOADER,D,14472.67,27686.0,5.4,2016-17,1.9129849571640893,14472.67,38786.755600000004,Truck
4611,HOOKLOADER,D,18573.66,34474.0,5.24,2016-17,1.8560692938279262,18573.66,49777.408800000005,Truck
4613,HOOKLOADER,D,17479.27,32056.0,5.25,2016-17,1.8339438660767868,17479.27,46844.443600000006,Truck
4612,HOOKLOADER,D,13093.71,24118.0,5.27,2016-17,1.8419531210023745,13093.71,35091.1428,Truck
4614,HOOKLOADER,D,17158.73,31977.0,5.26,2016-17,1.86359946219796,17158.73,45985.396400000005,Truck
WS 12/54,TRACTOR,D,734.95,,,2016-17,,,1969.6660000000002,Truck
3312,LIBRARY BU,D,2452.79,10116.0,11.65,2016-17,4.124282959405412,2452.79,6573.4772,Bus
3905,HGV,D,6036.62,11901.0,5.57,2016-17,1.9714674768330622,6036.62,16178.1416,Truck
3803,HGV,D,1208.65,4567.0,10.67,2016-17,3.778595954163736,1208.65,3239.1820000000002,Truck
PO16FXZ,MED TIPPER,D,2666.81,18969.29058,20.59,2016-17,7.113101638286943,2666.81,7147.0508,Truck
2214,MED VAN,D,195.0,1099.17922,15.92,2016-17,5.636816512820513,195.0,522.6,Van
5022,18TN D/M,D,3205.45,7867.0,7.19,2016-17,2.4542575925377093,3205.45,8590.606,Truck
5023,18TN D/M,D,3307.3,7830.0,6.69,2016-17,2.367490097662746,3307.3,8863.564,Truck
5024,18TN D/M,D,3236.93,8744.0,7.63,2016-17,2.701325020930326,3236.93,8674.9724,Truck
5021,18TN D/M,D,3110.99,7366.0,6.69,2016-17,2.3677350296850843,3110.99,8337.4532,Truck
3108,MED TIPPER,D,440.59,2203.0,14.29,2016-17,5.000113484191653,440.5899999999999,1180.7812,Truck
430,WELFARE,D,2703.26,17005.89578,17.77,2016-17,6.290884258265945,2703.26,7244.736800000001,Bus
431,WELFARE,D,2181.57,13928.8377,18.03,2016-17,6.384776880870199,2181.57,5846.607600000001,Bus
PO64CCJ,LUTON,D,3173.21,22376.26336,19.92,2016-17,7.051617560766543,3173.21,8504.202800000001,Van
PO64CFD,MED TIPPER,D,2277.99,15457.7107,19.17,2016-17,6.785679787883178,2277.99,6105.013199999999,Truck
PO64CFE,MED TIPPER,D,2304.89,14651.43136,17.95,2016-17,6.356672708892833,2304.89,6177.1052,Truck
PO65DVP,LUTON,D,884.87,7132.59488,24.57,2016-17,8.06061328782759,884.8700000000001,2371.4516000000003,Van
PO65DVU,LARGE VAN,D,2072.82,23008.73398,31.35,2016-17,11.100208402080257,2072.82,5555.1576000000005,Van
PO66DXT,MED TIPPER,D,1992.39,14839.72414,21.25,2016-17,7.448202480438066,1992.39,5339.605200000001,Truck
PO66DXV,MED TIPPER,D,1599.55,11308.83218,20.81,2016-17,7.070008552405364,1599.55,4286.794,Truck
PO66DXZ,MED TIPPER,D,1159.1,7166.39102,19.06,2016-17,6.182720231213874,1159.1,3106.388,Truck
78804,HGV,D,199.73,108.0,2.78,2016-17,0.5407299854803985,199.73000000000002,535.2764,Truck
RCA MAST1,MASTER,D,9034.36,,,2016-17,,,24212.084800000004,Van
RK65ZRX,MED VAN,D,317.69,4018.52198,44.49,2016-17,12.649192546192829,317.69,851.4092,Van
RO15RFJ,MED VAN,D,65.0,812.7167,35.31,2016-17,12.503333846153845,65.0,174.20000000000002,Van
RO15RHA,MED VAN,D,65.0,645.34534,28.04,2016-17,9.928389846153845,65.0,174.20000000000002,Van
RX66MKC,GULLY TANK,D,7925.8,15207.0,5.47,2016-17,1.9186706704685963,7925.8,21241.144,Truck
RX66MKE,GULLY TANK,D,6328.77,10176.0,4.6,2016-17,1.6078953730345706,6328.77,16961.103600000002,Truck
RX66MKF,GULLY TANK,D,6980.21,10629.0,4.32,2016-17,1.5227335567268034,6980.21,18706.9628,Truck
RX66MKJ,GULLY TANK,D,6168.38,5843.0,2.74,2016-17,0.9472503315295102,6168.38,16531.258400000002,Truck
RX66MKL,GULLY TANK,D,4729.32,7856.0,4.82,2016-17,1.6611267581808802,4729.32,12674.5776,Truck
SC63EKV,SMALL VAN,D,44.38,,,2016-17,,,118.93840000000002,Van
SECMAST,MASTER,D,2773.66,,,2016-17,,,7433.4088,Van
SF15URG,MED TIPPER,D,1961.48,13980.33658,20.51,2016-17,7.127442839080694,1961.48,5256.7664,Truck
SG64ABV,MED TIPPER,D,2847.57,17786.42568,17.64,2016-17,6.246176803379724,2847.57,7631.487600000001,Truck
SG65XES,SMALL VAN,D,1055.28,16777.3695,46.28,2016-17,15.898500397998637,1055.28,2828.1504,Van
SJ12RVK,MED TIPPER,D,1791.91,16679.19976,27.18,2016-17,9.308056632308542,1791.91,4802.318800000001,Truck
SJ12RVL,MED TIPPER,D,152.8,936.63588,17.31,2016-17,6.129815968586387,152.8,409.5040000000001,Truck
SJ12RYB,MED TIPPER,D,2209.91,18206.46342,23.79,2016-17,8.238554248815563,2209.91,5922.5588,Truck
SJ12SCZ,MED TIPPER,D,1964.23,18700.5308,27.81,2016-17,9.520540262596539,1964.23,5264.1364,Truck
SJ12SGV,MED TIPPER,D,2016.55,19440.8272,27.23,2016-17,9.640637326126305,2016.55,5404.354,Truck
SJ12SKU,MED TIPPER,D,1968.28,19281.50254,27.67,2016-17,9.796117696669175,1968.2799999999997,5274.990400000001,Truck
SPORTSMAS,MASTER,D,663.6,,,2016-17,,,1778.448,Van
,MASTER,D,9405.64,82415.91074,25.05,2016-17,8.762392643137524,9405.639999999998,25207.1152,Van
TOPMAST,MASTER,D,2954.6,,,2016-17,,,7918.328,Van
TRANMAST,MASTER,D,14541.06,,,2016-17,,,38970.0408,Van
78027,3 AXLE BIN,D,15285.0,22696.0,4.19,2016-17,1.4848544324501145,15285.0,40963.8,Truck
4473,3 AXLE BIN,D,8787.5,18719.0,6.02,2016-17,2.130184921763869,8787.5,23550.5,Truck
784471,3 AXLE BIN,D,9819.55,14275.0,4.11,2016-17,1.4537326048546013,9819.55,26316.394,Truck
78026,2 AXLE BIN,D,2496.59,3867.0,4.47,2016-17,1.548912716945914,2496.59,6690.861200000001,Truck
4483,3 AXLE BIN,D,12111.13,19040.0,4.44,2016-17,1.5721076398321214,12111.13,32457.8284,Truck
78025,3 AXLE BIN,D,9510.13,13792.0,4.1,2016-17,1.4502430566143683,9510.13,25487.1484,Truck
4489,3 AXLE BIN,D,8746.94,9878.0,3.19,2016-17,1.1293092212819569,8746.94,23441.7992,Truck
4493,3 AXLE BIN,D,5146.54,7047.0,3.87,2016-17,1.3692694509320826,5146.54,13792.727200000001,Truck
VO17FZR,CAR,D,36.8,,,2016-17,,,98.624,Car
78024,2 AXLE BIN,D,9966.32,10573.0,3.0,2016-17,1.0608730203324799,9966.32,26709.7376,Truck
4484,3 AXLE BIN,D,8350.55,9530.0,3.22,2016-17,1.1412421936279646,8350.55,22379.474,Truck
4485,3 AXLE BIN,D,8158.06,9776.0,3.38,2016-17,1.1983241113696148,8158.06,21863.600800000004,Truck
4488,3 AXLE BIN,D,11101.92,10853.0,2.76,2016-17,0.9775786530618127,11101.92,29753.145600000003,Truck
4486,3 AXLE BIN,D,8491.43,9719.0,3.23,2016-17,1.1445657562978202,8491.43,22757.032400000004,Truck
4487,3 AXLE BIN,D,11496.18,9432.0,2.32,2016-17,0.8204464439492074,11496.18,30809.762400000003,Truck
VU62HTP,3 AXLE BIN,D,11884.35,17172.0,4.11,2016-17,1.4449254692095066,11884.35,31850.058000000005,Truck
4490,3 AXLE BIN,D,9067.93,7438.0,2.33,2016-17,0.8202533544039268,9067.93,24302.0524,Truck
4491,3 AXLE BIN,D,7752.24,8800.0,3.21,2016-17,1.135155774331032,7752.24,20776.0032,Truck
4492,3 AXLE BIN,D,10456.29,10118.0,2.73,2016-17,0.9676472247804909,10456.29,28022.857200000002,Truck
4417,3 AXLE BIN,D,12818.36,11926.0,2.63,2016-17,0.9303842301199217,12818.36,34353.20480000001,Truck
4418,3 AXLE BIN,D,12566.2,20392.0,4.58,2016-17,1.6227658321529181,12566.2,33677.416000000005,Truck
4449,3 AXLE BIN,D,14673.58,19536.0,3.82,2016-17,1.3313724394455886,14673.58,39325.1944,Truck
4450,3 AXLE BIN,D,11569.44,16464.0,4.1,2016-17,1.4230593702028793,11569.44,31006.099200000004,Truck
4451,3 AXLE BIN,D,11894.43,13050.0,3.13,2016-17,1.0971521964482536,11894.429999999998,31877.0724,Truck
2347,LARGE TIPP,D,63.3,250.0,11.15,2016-17,3.949447077409163,63.3,169.644,Truck
2349,LARGE TIPP,D,164.61,779.0,13.37,2016-17,4.732397788712714,164.61,441.1548000000001,Truck
WJ15HHP,SMALL VAN,D,407.05,5829.02948,40.45,2016-17,14.320180518363838,407.05,1090.894,Van
WN15KRJ,MED TIPPER,D,2282.86,21885.41466,27.78,2016-17,9.586840480800399,2282.86,6118.064800000001,Truck
2653,MED TIPPER,D,579.51,4158.53456,20.27,2016-17,7.175949612603752,579.51,1553.0868,Truck
1432,MED VAN,D,575.53,6220.0991,30.53,2016-17,10.807601862630968,575.53,1542.4204,Van
1430,MED VAN,D,279.59,2809.90764,37.91,2016-17,10.050100647376516,279.59,749.3012,Van
1951,FLATBACK,D,2021.2,7880.93798,11.4,2016-17,3.899138125865822,2021.2,5416.816000000001,Truck
946,SMALL VAN,D,359.09,4610.7591,36.27,2016-17,12.84012113954719,359.09,962.3611999999999,Van
948,SMALL VAN,D,1212.96,16254.334,37.85,2016-17,13.40055236776151,1212.96,3250.7328,Van
945,SMALL VAN,D,295.82,2937.0455,28.04,2016-17,9.92848860793726,295.82,792.7976,Van
1457,MED VAN,D,488.09,5034.01552,29.13,2016-17,10.313703456329776,488.09,1308.0812,Van
1456,MED VAN,D,604.49,6595.07532,30.81,2016-17,10.910147926351138,604.49,1620.0332,Van
1460,MED VAN,D,325.0,3463.29968,30.1,2016-17,10.656306707692307,325.0,871.0,Van
1458,MED VAN,D,315.47,3078.6674199999998,27.56,2016-17,9.75898633784512,315.47,845.4596000000001,Van
1461,MED VAN,D,495.28,4436.95038,25.3,2016-17,8.958468704571153,495.2799999999999,1327.3504,Van
1462,MED VAN,D,325.0,2797.03292,24.31,2016-17,8.606255138461538,325.0,871.0,Van
101,SMALL VAN,D,410.67,5951.33932,40.93,2016-17,14.491780066720237,410.67,1100.5956,Van
105,SMALL VAN,D,519.06,8735.49752,47.53,2016-17,16.829456170770243,519.06,1391.0808,Van
1170,SMALL VAN,D,1398.38,14839.72414,29.97,2016-17,10.612082652783934,1398.38,3747.6584000000007,Van
YA14JYR,HOIST,D,1710.92,10852.0,17.91,2016-17,6.342786337175321,1710.92,4585.265600000001,Truck
1519,MED VAN,D,3608.88,36145.7764,28.29,2016-17,10.015787834452794,3608.88,9671.798400000001,Van
1558,MED VAN,D,1773.5,13967.46186,22.24,2016-17,7.875648074429095,1773.5,4752.9800000000005,Van
1559,MED VAN,D,1296.6,13885.38552,30.25,2016-17,10.709074132346137,1296.6,3474.888,Van
1560,MED VAN,D,1030.14,10507.38086,28.81,2016-17,10.199954239229617,1030.14,2760.7752000000005,Van
1227,SMALL VAN,D,741.04,11423.09532,46.11,2016-17,15.414951041779123,741.04,1985.9872,Van
1228,SMALL VAN,D,376.83,5569.92574,46.85,2016-17,14.78100400711196,376.83,1009.9044,Van
1226,SMALL VAN,D,712.63,11912.33468,50.12,2016-17,16.716016277731782,712.63,1909.8484,Van
1229,SMALL VAN,D,847.18,12039.47254,42.2,2016-17,14.211233197195403,847.18,2270.4424,Van
1201,SMALL VAN,D,310.31,6854.17906,72.29,2016-17,22.088166865392672,310.31,831.6308,Van
1174,SMALL VAN,D,1439.75,22915.39226,44.95,2016-17,15.916230081611392,1439.75,3858.53,Van
1431,MED VAN,D,268.04,3075.44874,32.41,2016-17,11.473842486196089,268.04,718.3472,Van
1435,MED VAN,D,1836.55,18521.89406,28.48,2016-17,10.085156440064251,1836.5499999999997,4921.954,Van
763,SMALL VAN,D,109.29,1689.807,43.67,2016-17,15.46167993412023,109.29,292.89720000000005,Van
767,SMALL VAN,D,162.02,3117.29158,54.34,2016-17,19.24016528823602,162.02,434.21360000000004,Van
YB08PZN,SMALL VAN,D,168.66,3295.92832,68.6,2016-17,19.5418494011621,168.66,452.0088,Van
997,MED VAN,D,175.41,2529.88248,40.74,2016-17,14.422681033008383,175.41,470.09880000000004,Van
1000,SMALL VAN,D,358.54,3732.05946,32.57,2016-17,10.409046298878785,358.54,960.8872000000001,Van
1000D,MED VAN,D,354.17,4501.32398,35.9,2016-17,12.709501030578535,354.17,949.1756000000001,Van
1455,MED VAN,D,234.62,2246.63864,27.05,2016-17,9.575648452817322,234.62,628.7816,Van
996,SMALL VAN,D,162.79,2417.22868,41.94,2016-17,14.848754100374718,162.79,436.2772,Van
999,SMALL VAN,D,212.59,2875.8905799999998,38.21,2016-17,13.527873277200243,212.59,569.7412,Van
1002,SMALL VAN,D,252.64,2993.3724,33.46,2016-17,11.848370804306525,252.64,677.0752,Van
1001,MED VAN,D,157.53,1913.50526,34.31,2016-17,12.146926045832538,157.53,422.1804,Van
768,SMALL VAN,D,38.44,669.48544,49.19,2016-17,17.416374609781478,38.440000000000005,103.0192,Van
742,SMALL VAN,D,359.27,6471.15614,50.87,2016-17,18.011957970328723,359.27,962.8436,Van
745,SMALL VAN,D,491.47,9242.43962,53.12,2016-17,18.805704559790016,491.47,1317.1396000000002,Van
1477,MED VAN,D,1389.45,13005.07654,26.44,2016-17,9.359873719817193,1389.45,3723.7260000000006,Van
1479,MED VAN,D,2735.62,24878.78706,25.69,2016-17,9.094387034748978,2735.62,7331.4616000000005,Van
1154,SMALL VAN,D,1289.72,14760.86648,32.33,2016-17,11.445016344632943,1289.72,3456.4496000000004,Van
1156,SMALL VAN,D,900.85,9644.77462,30.24,2016-17,10.706304734417495,900.85,2414.2780000000002,Van
1155,SMALL VAN,D,936.98,10076.07774,30.37,2016-17,10.753781019872356,936.98,2511.1064,Van
1157,SMALL VAN,D,1130.9,12247.0774,30.59,2016-17,10.829496330356353,1130.9,3030.8120000000004,Van
1480,MED VAN,D,1259.01,11730.47926,27.7,2016-17,9.317224851272032,1259.01,3374.1468,Van
1151,SMALL VAN,D,1163.65,13973.89922,33.92,2016-17,12.008678915481457,1163.65,3118.5820000000003,Van
1478,MED VAN,D,1619.13,15158.37346,26.44,2016-17,9.362048421065634,1619.13,4339.268400000001,Van
1153,SMALL VAN,D,863.16,10578.19182,34.61,2016-17,12.255192339774782,863.16,2313.2688,Van
1152,SMALL VAN,D,1066.49,13927.22836,36.88,2016-17,13.058939474350439,1066.49,2858.1932,Van
1481,MED VAN,D,1404.93,12469.16632,25.07,2016-17,8.8752936587588,1404.93,3765.2124000000003,Van
1740ENE,MED VAN,D,1642.75,17963.45308,30.89,2016-17,10.934988939278648,1642.75,4402.570000000001,Van
1147,SMALL VAN,D,1017.64,11954.17752,33.18,2016-17,11.746961125741912,1017.64,2727.2752,Van
107,SMALL VAN,D,893.84,14112.30246,44.59,2016-17,15.788398885706615,893.84,2395.4912000000004,Van
1524,MED VAN,D,1625.0,14435.7798,25.09,2016-17,8.883556800000001,1624.9999999999998,4355.0,Van
1525,MED VAN,D,1665.9,19033.66418,32.27,2016-17,11.42545421693979,1665.9,4464.612,Van
1526,MED VAN,D,692.85,7119.72016,29.02,2016-17,10.275990705058815,692.85,1856.8380000000002,Van
1531,MED VAN,D,1570.67,17485.4791,31.44,2016-17,11.132497023563193,1570.67,4209.395600000001,Van
1535,MED VAN,D,130.0,568.09702,24.69,2016-17,4.369977076923077,130.0,348.40000000000003,Van
1528,MED VAN,D,1169.09,11035.24438,26.66,2016-17,9.439174383494855,1169.09,3133.1612,Van
1536,MED VAN,D,876.26,8500.53388,27.4,2016-17,9.700926528655879,876.26,2348.3768,Van
1538,MED VAN,D,805.32,6933.03672,24.32,2016-17,8.609045745790493,805.32,2158.2576000000004,Van
1540,MED VAN,D,1150.89,11294.34812,27.72,2016-17,9.813577422690265,1150.89,3084.3852000000006,Van
1521,MED VAN,D,1693.31,17767.1136,29.64,2016-17,10.492534503428198,1693.31,4538.0708,Van
1534,MED VAN,D,1170.08,11913.94402,28.76,2016-17,10.182161920552442,1170.08,3135.8144,Van
1530,MED VAN,D,695.51,869.0436,3.89,2016-17,1.2495055426952884,695.51,1863.9668000000001,Van
1523,MED VAN,D,1154.8,11056.1658,27.04,2016-17,9.574095774160028,1154.8,3094.864,Van
1537,MED VAN,D,1669.03,15953.38742,27.0,2016-17,9.558478529445246,1669.03,4473.0004,Van
1071,SMALL VAN,D,604.1,9789.61522,45.77,2016-17,16.20528922363847,604.1,1618.988,Van
1073,SMALL VAN,D,545.16,8357.30262,43.3,2016-17,15.329999669821705,545.16,1461.0288,Van
1072,SMALL VAN,D,439.96,10769.70328,69.14,2016-17,24.478823711246477,439.96,1179.0928000000001,Van
1074D,SMALL VAN,D,1077.96,14778.56922,38.72,2016-17,13.70975659579205,1077.96,2888.9328,Van
1070,SMALL VAN,D,1223.64,19321.73604,44.6,2016-17,15.790376287143276,1223.64,3279.3552000000004,Van
1068,SMALL VAN,D,911.18,13500.75326,41.85,2016-17,14.81677962641849,911.18,2441.9624,Van
1069,SMALL VAN,D,985.87,14665.91542,42.02,2016-17,14.876114923874344,985.87,2642.1316,Van
1075,SMALL VAN,D,1198.34,18719.84288,44.12,2016-17,15.621478778977586,1198.34,3211.5512,Van
1557,MED VAN,D,1563.85,16597.12342,29.98,2016-17,10.612989365987787,1563.85,4191.118,Van
1955,MED TIPPER,D,1128.26,8577.7822,21.47,2016-17,7.602664456774147,1128.26,3023.7368,Truck
396,MINIBUS,D,490.78,6522.65502,37.54,2016-17,13.29038473450426,490.78,1315.2904,Bus
1718,MED VAN,D,1960.5,16709.77722,24.07,2016-17,8.523222249426167,1960.4999999999998,5254.14,Van
1883,MED VAN,D,952.28,7736.09738,22.94,2016-17,8.123763367917,952.2799999999999,2552.1104,Van
1470,MED VAN,D,390.0,3675.73256,26.62,2016-17,9.424955282051283,390.0,1045.2,Van
1472,MED VAN,D,265.75,2228.9359,23.69,2016-17,8.38734111006585,265.75,712.21,Van
1471,MED VAN,D,650.0,7108.45478,30.89,2016-17,10.936084276923077,650.0,1742.0,Van
369,MINIBUS,D,835.56,8132.0,29.81,2016-17,9.732395040451912,835.5600000000001,2239.3008,Bus
1338ENE,MED VAN,D,2498.22,27503.6206,31.09,2016-17,11.009286852238795,2498.22,6695.2296,Van
YB62YKM,MED VAN,D,380.95,2565.28796,22.48,2016-17,6.733922982018638,380.95,1020.946,Van
284,WELFARE,D,2752.99,18795.48186,19.28,2016-17,6.8272975419453035,2752.99,7378.013199999999,Bus
531,4 X 4,D,921.25,9171.62866,28.12,2016-17,9.955634909090909,921.25,2468.9500000000003,Car
1009,SMALL VAN,D,1361.16,18970.89992,39.36,2016-17,13.93730341767316,1361.16,3647.9088000000006,Van
1010,SMALL VAN,D,1020.88,14060.80358,38.9,2016-17,13.773218772039808,1020.88,2735.9584,Van
1011,SMALL VAN,D,623.63,7705.51992,34.9,2016-17,12.355916039959592,623.63,1671.3284,Van
1012,SMALL VAN,D,686.68,9279.45444,41.04,2016-17,13.513506203763034,686.68,1840.3024,Van
1013,SMALL VAN,D,659.8,7877.7193,33.74,2016-17,11.93955638072143,659.8,1768.264,Van
1014,SMALL VAN,D,790.68,9990.78272,35.69,2016-17,12.635684119997975,790.68,2119.0224,Van
1015,SMALL VAN,D,1074.86,13508.79996,35.5,2016-17,12.567962302067247,1074.86,2880.6248,Van
1016,SMALL VAN,D,1547.25,23884.21494,43.6,2016-17,15.436558371303928,1547.25,4146.63,Van
1017,SMALL VAN,D,522.75,6059.1651,32.74,2016-17,11.590942324246772,522.75,1400.97,Van
1018,SMALL VAN,D,961.19,12325.93506,36.22,2016-17,12.82361974219457,961.19,2575.9892000000004,Van
1019,SMALL VAN,D,1236.7,15988.7929,36.52,2016-17,12.9285945661842,1236.7,3314.356,Van
1020,SMALL VAN,D,923.23,14038.27282,42.95,2016-17,15.205607291790779,923.23,2474.2564,Van
1021,SMALL VAN,D,675.99,8550.42342,35.73,2016-17,12.648742466604535,675.99,1811.6532000000002,Van
1022,SMALL VAN,D,1398.66,17150.73638,34.63,2016-17,12.26226272289191,1398.66,3748.4088000000006,Van
1023,SMALL VAN,D,1089.03,15127.796,39.23,2016-17,13.89107370779501,1089.03,2918.6004000000003,Van
1024,SMALL VAN,D,614.18,7436.76014,34.2,2016-17,12.1084374938943,614.18,1646.0023999999999,Van
1025,SMALL VAN,D,968.35,12578.60144,36.69,2016-17,12.989726276656167,968.35,2595.1780000000003,Van
1037,SMALL VAN,D,1068.16,14871.91094,39.32,2016-17,13.922924412073096,1068.16,2862.6688000000004,Van
1038,SMALL VAN,D,1018.4,13687.4367,37.96,2016-17,13.440138157894737,1018.4000000000001,2729.312,Van
1039,SMALL VAN,D,1031.3,14006.08602,38.36,2016-17,13.58100069814797,1031.3,2763.884,Van
1040,SMALL VAN,D,1020.71,13503.97194,37.37,2016-17,13.22997907339009,1020.71,2735.5028,Van
1041,SMALL VAN,D,1687.11,23151.96524,38.76,2016-17,13.722854609361573,1687.11,4521.4548,Van
1194,SMALL VAN,D,1068.91,16601.95144,43.87,2016-17,15.531664443217856,1068.91,2864.6788000000006,Van
1195,SMALL VAN,D,1248.51,21135.46222,47.81,2016-17,16.92854860593828,1248.51,3346.0068,Van
1196,SMALL VAN,D,521.28,8531.11134,49.95,2016-17,16.365698549723756,521.28,1397.0304,Van
10,CAR,D,95.23,1538.52904,45.63,2016-17,16.15592817389478,95.23,255.21640000000002,Car
11,CAR,D,2523.59,42536.46554,47.61,2016-17,16.855537365419895,2523.59,6763.221200000001,Car
1897,LARGE VAN,D,28.58,,,2016-17,,,76.5944,Van
1967EHE,MED TIPPER,D,2261.71,19819.0221,24.75,2016-17,8.762848508429462,2261.71,6061.3828,Truck
1966,FLATBACK,D,2390.55,20076.5165,23.72,2016-17,8.398283449415407,2390.55,6406.674000000001,Truck
1973,FLATBACK,D,367.91,2500.91436,23.32,2016-17,6.797625397515697,367.91,985.9988000000001,Truck
959,SMALL VAN,D,579.85,8571.34484,41.75,2016-17,14.78200369060964,579.85,1553.998,Van
1947,FLATBACK,D,1646.35,11345.847,19.46,2016-17,6.8915157773255995,1646.35,4412.218,Truck
953,SMALL VAN,D,1178.04,14670.74344,35.17,2016-17,12.453518929747718,1178.04,3157.1472,Van
1459,MED VAN,D,513.36,5523.25488,30.39,2016-17,10.759028517999065,513.36,1375.8048000000001,Van
356,MINIBUS,D,1289.59,16885.19528,36.98,2016-17,13.093460154002436,1289.59,3456.1012,Bus
762,SMALL VAN,D,240.08,4760.42772,56.0,2016-17,19.828505998000665,240.08,643.4144000000001,Van
1882,MED VAN,D,2250.52,15028.01692,18.86,2016-17,6.677575369247996,2250.52,6031.3936,Van
1731,MED VAN,D,714.06,7114.89214,28.14,2016-17,9.963997619247683,714.06,1913.6807999999999,Van
1730,MED VAN,D,1918.88,17253.73414,25.4,2016-17,8.991564944134078,1918.88,5142.598400000001,Van
1723,MED VAN,D,436.27,3622.62434,23.45,2016-17,8.303629266280057,436.2699999999999,1169.2036,Van
1722,MED VAN,D,582.96,5334.9621,25.85,2016-17,9.151506278303827,582.96,1562.3328000000001,Van
1729,MED VAN,D,804.06,7678.16114,26.97,2016-17,9.549239036887796,804.06,2154.8808,Van
1732,MED VAN,D,423.63,3299.147,22.0,2016-17,7.787803035667918,423.63,1135.3284,Van
1733,MED VAN,D,1764.64,15423.91456,24.69,2016-17,8.740544564330401,1764.64,4729.235200000001,Van
1737,MED VAN,D,253.92,2779.33018,30.92,2016-17,10.945692265280403,253.92,680.5056,Van
1724,MED VAN,D,373.6,3316.84974,25.08,2016-17,8.878077462526766,373.6,1001.2480000000002,Van
1961ENE,MED TIPPER,D,1107.25,8572.95418,21.87,2016-17,7.742564172499436,1107.25,2967.4300000000003,Truck
0529ENE,4 X 4,D,1130.65,10042.2816,25.09,2016-17,8.881865829390174,1130.65,3030.1420000000003,Car
1355ENE,MED VAN,D,580.3,4412.81028,24.19,2016-17,7.604360296398415,580.3,1555.204,Van
1353,MED VAN,D,1342.69,12493.30642,26.28,2016-17,9.304684193670914,1342.69,3598.4092000000005,Van
1351ENE,MED VAN,D,1049.41,10676.36156,28.73,2016-17,10.17368002973099,1049.41,2812.4188000000004,Van
1358,MED VAN,D,1681.99,19661.30678,33.02,2016-17,11.689312528611941,1681.99,4507.733200000001,Van
1352ENE,MED VAN,D,1521.64,15401.3838,28.59,2016-17,10.121568702189741,1521.6400000000003,4077.9952000000003,Van
1050,SMALL VAN,D,1107.64,15641.17546,39.88,2016-17,14.121172456754902,1107.64,2968.4752000000003,Van
1171,SMALL VAN,D,1446.84,23074.71692,45.04,2016-17,15.94835428934782,1446.84,3877.5312,Van
1172,SMALL VAN,D,1115.05,14999.0488,37.99,2016-17,13.451458499618852,1115.05,2988.334,Van
293,WELFARE,D,4494.03,31575.2508,19.84,2016-17,7.02604361786637,4494.03,12044.0004,Bus
80,4 X 4,D,746.36,10093.78048,38.2,2016-17,13.52401050431427,746.36,2000.2448000000002,Car
721,SMALL VAN,D,1139.95,20105.48462,51.37,2016-17,17.63716357734988,1139.95,3055.0660000000003,Van
2680,MED TIPPER,D,1847.57,12274.0,18.76,2016-17,6.643320686090378,1847.57,4951.4876,Truck
1026,SMALL VAN,D,893.37,12385.48064,39.16,2016-17,13.863774964460413,893.37,2394.2316,Van
YC63WDY,LARGE TIPP,D,3495.64,18767.0,15.4,2016-17,5.36868785115172,3495.6400000000003,9368.315200000001,Truck
YC63WDZ,LARGE TIPP,D,4381.36,27560.0,18.04,2016-17,6.290284295287308,4381.36,11742.0448,Truck
3433,LARGE TIPP,D,1862.48,11279.0,17.1,2016-17,6.055903956015635,1862.48,4991.446400000001,Truck
3434,LARGE TIPP,D,507.84,1599.0,8.89,2016-17,3.148629489603025,507.8399999999999,1361.0112,Truck
3432,LARGE TIPP,D,1174.63,3935.0,9.46,2016-17,3.3499910610149577,1174.63,3148.0084000000006,Truck
YC64XGC,LARGE VAN,D,783.81,5978.6981,23.24,2016-17,7.62773899286817,783.81,2100.6108,Van
1080,SMALL VAN,D,945.68,15440.00796,46.11,2016-17,16.326884316047714,945.68,2534.4224,Van
1079,SMALL VAN,D,1519.82,24629.339359999998,45.77,2016-17,16.205431801134345,1519.82,4073.1176,Van
1082,SMALL VAN,D,1891.86,30986.232359999998,46.26,2016-17,16.378713202879705,1891.86,5070.1848,Van
1083,SMALL VAN,D,1740.4,28969.72934,47.01,2016-17,16.645443196966216,1740.3999999999999,4664.272000000001,Van
1081,SMALL VAN,D,1360.54,21821.04106,45.3,2016-17,16.038514898496185,1360.54,3646.2472000000002,Van
5046,18TN D/M,D,1935.87,4338.0,7.06,2016-17,2.240852949836508,1935.8699999999997,5188.1316,Truck
5045,18TN D/M,D,1864.53,2920.0,4.98,2016-17,1.5660783146422959,1864.53,4996.9404,Truck
5048,18TN D/M,D,2244.42,5448.0,7.53,2016-17,2.4273531691929318,2244.42,6015.0456,Truck
5047,18TN D/M,D,2770.1,6049.0,6.65,2016-17,2.1836756795783545,2770.1,7423.868,Truck
2602,MED TIPPER,D,473.63,4332.34328,25.84,2016-17,9.14710487089078,473.62999999999994,1269.3284,Truck
429,WELFARE,D,2148.41,9148.0,12.03,2016-17,4.258032684636546,2148.41,5757.7388,Bus
1342ENE,LARGE VAN,D,1294.95,12362.94988,26.96,2016-17,9.547048055909494,1294.95,3470.4660000000003,Van
1340ENE,MED VAN,D,965.21,9483.84062,27.75,2016-17,9.825675884004518,965.21,2586.7628000000004,Van
1350ENE,LARGE VAN,D,1467.68,13886.99486,26.73,2016-17,9.461868295541262,1467.6800000000003,3933.3824000000004,Van
YD13JKN,LARGE VAN,D,653.45,5819.37344,27.38,2016-17,8.905613956691408,653.45,1751.2460000000003,Van
1125,SMALL VAN,D,1243.39,15663.70622,35.58,2016-17,12.597580984244685,1243.39,3332.2852000000003,Van
1894,LARGE VAN,D,2328.22,19859.2556,24.76,2016-17,8.529801994656863,2328.22,6239.6296,Van
98,MPV,D,1121.38,15301.60472,38.54,2016-17,13.64533407052025,1121.38,3005.2984000000006,Bus
1044,SMALL VAN,D,584.09,9374.4055,45.33,2016-17,16.04959081648376,584.09,1565.3612000000003,Van
1045,SMALL VAN,D,630.44,11350.67502,50.85,2016-17,18.00436999555866,630.44,1689.5792000000004,Van
1051,SMALL VAN,D,1159.12,18417.28696,44.88,2016-17,15.889025260542484,1159.12,3106.4416,Van
1179,SMALL VAN,D,845.13,11295.95746,37.75,2016-17,13.365940695514299,845.13,2264.9484,Van
1057,SMALL VAN,D,455.67,9256.92368,57.38,2016-17,20.31497285316128,455.66999999999996,1221.1956,Van
1182,SMALL VAN,D,1312.01,19582.44912,42.16,2016-17,14.925533433434197,1312.01,3516.1868000000004,Van
1183,SMALL VAN,D,747.81,10031.01622,37.89,2016-17,13.413856755058104,747.81,2004.1308,Van
1184,SMALL VAN,D,553.25,8402.36414,42.9,2016-17,15.187282675101672,553.25,1482.71,Van
1595,MED VAN,D,633.99,5586.01914,27.73,2016-17,8.810894714427672,633.9900000000001,1699.0932,Van
18,CAR,D,474.14,7911.51544,52.31,2016-17,16.68603247985827,474.14,1270.6952,Car
1236,SMALL VAN,D,1059.81,15147.10808,41.15,2016-17,14.292286428699484,1059.81,2840.2908,Van
1215,SMALL VAN,D,533.6,7092.36138,37.54,2016-17,13.291531821589205,533.6,1430.0480000000002,Van
749,SMALL VAN,D,158.54,2302.96554,41.03,2016-17,14.526085152012111,158.54,424.8872,Van
790,SMALL VAN,D,142.95,2674.72308,52.85,2016-17,18.71089947534103,142.95,383.106,Van
775,SMALL VAN,D,93.46,1356.67362,41.0,2016-17,14.51608838005564,93.46,250.4728,Van
772,SMALL VAN,D,114.56,2059.9552,50.79,2016-17,17.981452513966477,114.56000000000002,307.0208,Van
794,SMALL VAN,D,88.04,1681.7603,53.95,2016-17,19.102229668332573,88.04,235.94720000000004,Van
789,SMALL VAN,D,158.53,2806.68896,50.0,2016-17,17.704465779347757,158.53,424.8604,Van
785,SMALL VAN,D,119.63,2084.0953,49.2,2016-17,17.421176126389703,119.62999999999998,320.6084,Van
777,SMALL VAN,D,154.52,2809.90764,51.36,2016-17,18.184750453015788,154.52,414.1136000000001,Van
781,SMALL VAN,D,66.26,1355.06428,57.76,2016-17,20.450713552671296,66.26,177.57680000000002,Van
783,SMALL VAN,D,167.31,2980.49768,50.31,2016-17,17.81422317853087,167.31,448.3908,Van
793,SMALL VAN,D,113.67,2344.80838,58.26,2016-17,20.62820779449283,113.67,304.6356,Van
786,SMALL VAN,D,72.56,1263.3319,49.18,2016-17,17.41085859977949,72.56,194.4608,Van
787,SMALL VAN,D,133.71,2589.42806,54.7,2016-17,19.366001495774437,133.71,358.34280000000007,Van
788,SMALL VAN,D,112.84,1852.35034,46.36,2016-17,16.41572438851471,112.84,302.4112,Van
779,SMALL VAN,D,55.16,1301.95606,66.67,2016-17,23.603264321972446,55.16,147.8288,Van
774,SMALL VAN,D,73.78,1300.34672,49.78,2016-17,17.62465058281377,73.78,197.7304,Van
792,SMALL VAN,D,97.48,1631.87076,47.28,2016-17,16.740569963069348,97.48,261.24640000000005,Van
780,SMALL VAN,D,229.62,5077.4677,62.45,2016-17,22.112480184652906,229.62,615.3816,Van
773,SMALL VAN,D,138.05,1618.99604,33.12,2016-17,11.727606229626947,138.05,369.97400000000005,Van
YD64DTY,MED VAN,D,1882.01,16494.12566,25.5,2016-17,8.76410096651984,1882.0099999999998,5043.7868,Van
1067,SMALL VAN,D,868.97,12939.0936,44.36,2016-17,14.89014994763916,868.97,2328.8396000000002,Van
YD64PPV,MED VAN,D,1823.53,15676.58094,24.98,2016-17,8.596831935860665,1823.5300000000002,4887.0604,Van
YD65LME,LUTON,D,3943.55,34439.876,25.08,2016-17,8.733216518111853,3943.55,10568.714000000002,Van
957,SMALL VAN,D,567.58,10246.66778,50.99,2016-17,18.05325730293527,567.58,1521.1144000000002,Van
1948,MED TIPPER,D,1912.82,14221.737579999999,21.0,2016-17,7.43495863698623,1912.82,5126.3576,Truck
78079,MINIBUS,D,818.35,5503.9428,19.0,2016-17,6.725658703488727,818.35,2193.1780000000003,Bus
759,SMALL VAN,D,691.96,12033.03518,49.12,2016-17,17.38978435169663,691.96,1854.4528000000003,Van
952,SMALL VAN,D,627.06,5969.04206,26.89,2016-17,9.519092367556533,627.06,1680.5208,Van
963,SMALL VAN,D,607.08,7761.84682,36.11,2016-17,12.785541971404097,607.08,1626.9744000000003,Van
255,WELFARE,D,1377.23,9443.60712,19.37,2016-17,6.856957167648106,1377.23,3690.9764000000005,Bus
256,WELFARE,D,1705.3,11667.715,19.32,2016-17,6.842030727731191,1705.3,4570.204,Bus
252,WELFARE,D,2421.26,16832.08706,19.63,2016-17,6.951788349867424,2421.26,6488.976800000001,Bus
253,WELFARE,D,2503.1,17493.5258,19.74,2016-17,6.988744277096401,2503.1,6708.308,Bus
254,WELFARE,D,1833.49,12824.83046,19.76,2016-17,6.994764334684127,1833.49,4913.7532,Bus
251,WELFARE,D,1533.83,10871.0917,20.02,2016-17,7.087546664232673,1533.83,4110.6644,Bus
1736,MED VAN,D,591.72,5502.33346,26.26,2016-17,9.298880315013857,591.72,1585.8096000000003,Van
4481,3 AXLE BIN,D,14642.26,15275.0,2.95,2016-17,1.0432132744535338,14642.26,39241.2568,Truck
1960ENE,MED TIPPER,D,1080.16,8500.53388,22.23,2016-17,7.869698822396682,1080.16,2894.8288000000002,Truck
1130,SMALL VAN,D,1348.35,16759.66676,35.11,2016-17,12.429759899135982,1348.35,3613.578,Van
1128,SMALL VAN,D,1509.57,19260.58112,36.04,2016-17,12.758985088468902,1509.57,4045.6476000000002,Van
1131,SMALL VAN,D,564.15,6226.53646,31.17,2016-17,11.037022883984756,564.15,1511.922,Van
1129,SMALL VAN,D,644.26,8072.44944,35.39,2016-17,12.529800763666843,644.26,1726.6168,Van
YE13WBX,SML SWEEPE,D,142.54,954.33862,26.56,2016-17,6.695233758944858,142.54,382.0072,Truck
1549,MED VAN,D,1993.04,9516.02742,13.49,2016-17,4.774629420382933,1993.04,5341.3472,Van
1529,MED VAN,D,2056.17,18676.3907,25.65,2016-17,9.083096582481021,2056.17,5510.5356,Van
4615,HOOKLOADER,D,11785.96,23424.0,5.71,2016-17,1.987449473780668,11785.96,31586.3728,Truck
4616,HOOKLOADER,D,10860.78,21522.0,5.73,2016-17,1.9816256290984624,10860.78,29106.890400000004,Truck
4617,HOOKLOADER,D,10385.77,19699.0,5.46,2016-17,1.8967298524808462,10385.77,27833.863600000004,Truck
57,CAR,D,136.47,1974.66018,40.87,2016-17,14.469555067047704,136.47,365.7396,Car
4457,3 AXLE BIN,D,848.71,1046.0,3.48,2016-17,1.2324586725736706,848.71,2274.5428,Truck
4458,3 AXLE BIN,D,682.72,899.0,3.72,2016-17,1.3167916569018046,682.72,1829.6896000000002,Truck
4462,3 AXLE BIN,D,477.4,518.0,3.06,2016-17,1.0850439882697949,477.3999999999999,1279.432,Truck
4459,3 AXLE BIN,D,1129.33,1291.0,3.23,2016-17,1.1431556763744877,1129.33,3026.6044,Truck
784467,3 AXLE BIN,D,10882.02,13613.0,3.53,2016-17,1.250962597017833,10882.02,29163.8136,Truck
784464,3 AXLE BIN,D,11246.54,13333.0,3.35,2016-17,1.1855201688697146,11246.54,30140.727200000005,Truck
4466,3 AXLE BIN,D,341.85,397.0,3.28,2016-17,1.161328067866023,341.85,916.1580000000001,Truck
784470,3 AXLE BIN,D,4559.82,5452.0,3.38,2016-17,1.1956612322416236,4559.82,12220.3176,Truck
739,SMALL VAN,D,253.22,3720.79408,48.48,2016-17,14.69391864781613,253.21999999999997,678.6296,Van
94,CAR,D,1740.64,26021.41846,42.22,2016-17,14.949339587737843,1740.64,4664.9152,Car
93,CAR,D,1213.91,20583.458599999998,47.89,2016-17,16.956330040942078,1213.91,3253.2788000000005,Car
374,MINIBUS,D,528.1,3904.25884,23.81,2016-17,7.393029426245029,528.1,1415.3080000000002,Bus
231,WELFARE,D,1099.76,6754.39998,17.97,2016-17,6.141703626245726,1099.76,2947.3568,Bus
1237DD,SMALL VAN,D,301.86,2177.43702,23.82,2016-17,7.213400318028224,301.86,808.9848000000001,Van
1238DD,SMALL VAN,D,261.37,3184.88386,41.56,2016-17,12.18534590809963,261.37,700.4716000000001,Van
1239DD,SMALL VAN,D,205.4,2525.05446,44.3,2016-17,12.293351801363192,205.4,550.4720000000001,Van
1241DD,SMALL VAN,D,387.2,5400.94504,44.57,2016-17,13.948721694214875,387.2,1037.6960000000001,Van
5049,18TN D/M,D,2998.81,6637.0,6.61,2016-17,2.2132112404587154,2998.81,8036.8108,Truck
1258,SMALL VAN,D,576.18,9355.09342,45.86,2016-17,16.236407754521156,576.18,1544.1624,Van
1266,SMALL VAN,D,431.87,5428.30382,35.5,2016-17,12.569300530252159,431.87,1157.4116000000001,Van
965,SMALL VAN,D,697.65,10397.94574,42.1,2016-17,14.904243875868987,697.65,1869.702,Van
960,SMALL VAN,D,838.3,11717.60454,39.48,2016-17,13.977817654777526,838.3,2246.6440000000002,Van
980,SMALL VAN,D,558.79,5819.37344,29.41,2016-17,10.41424048390272,558.79,1497.5572,Van
976,SMALL VAN,D,896.0,11991.19234,37.8,2016-17,13.383027165178571,896.0,2401.28,Van
986,SMALL VAN,D,518.92,7422.27608,40.4,2016-17,14.303314730594312,518.92,1390.7056,Van
954,SMALL VAN,D,1234.98,16127.19614,36.88,2016-17,13.058669889390922,1234.98,3309.7464000000004,Van
78967,SMALL VAN,D,95.63,597.06514,35.08,2016-17,6.2434920004182795,95.63,256.2884,Van
1952,FLATBACK,D,399.22,2315.84026,19.42,2016-17,5.800912429237012,399.22,1069.9096000000002,Truck
853,SMALL VAN,D,745.28,8445.81632,32.01,2016-17,11.332407041648777,745.28,1997.3504,Van
994,SMALL VAN,D,181.18,2058.34586,32.09,2016-17,11.36077856275527,181.18,485.5624,Van
1884,LARGE VAN,D,1673.01,15236.0,25.72,2016-17,9.106938990203286,1673.01,4483.6668,Van
744,SMALL VAN,D,77.08,1277.81596,46.82,2016-17,16.57778879086663,77.08,206.5744,Van
743,SMALL VAN,D,124.82,1485.42082,44.65,2016-17,11.900503284730013,124.82,334.5176,Van
0743 (D),SMALL VAN,D,322.11,6477.5935,56.8,2016-17,20.10988016516097,322.11,863.2548,Van
1169,SMALL VAN,D,1803.16,21212.71054,33.23,2016-17,11.764186505911843,1803.16,4832.468800000001,Van
1160,SMALL VAN,D,1589.8,17173.26714,30.51,2016-17,10.802155705120141,1589.8,4260.664,Van
1150,SMALL VAN,D,436.61,5104.82648,33.02,2016-17,11.691959597810403,436.60999999999996,1170.1148,Van
1739ENE,MED VAN,D,1281.89,12219.71862,26.92,2016-17,9.532579722129043,1281.89,3435.4652000000006,Van
1138,SMALL VAN,D,922.74,10864.65434,33.26,2016-17,11.774339835706698,922.74,2472.9432,Van
1158,SMALL VAN,D,1564.71,16806.33762,30.34,2016-17,10.740864198477672,1564.71,4193.4228,Van
1749,MED VAN,D,2565.11,22625.71106,24.91,2016-17,8.820561714702293,2565.11,6874.4948,Van
1148,SMALL VAN,D,928.48,10220.91834,31.09,2016-17,11.008226714630364,928.4799999999999,2488.3264000000004,Van
1134,SMALL VAN,D,560.53,6437.36,32.44,2016-17,11.484416534351418,560.53,1502.2204,Van
106,SMALL VAN,D,552.43,9530.51148,48.73,2016-17,17.251980305197037,552.43,1480.5123999999998,Van
1133,SMALL VAN,D,1010.52,12385.48064,34.62,2016-17,12.256541820053043,1010.5199999999999,2708.1936,Van
1164,SMALL VAN,D,1180.16,14289.32986,34.2,2016-17,12.107959819007592,1180.16,3162.8288000000002,Van
1132,SMALL VAN,D,824.79,11711.16718,40.1,2016-17,14.19896844045151,824.79,2210.4372,Van
1135,SMALL VAN,D,766.81,9678.57076,35.65,2016-17,12.62186299083215,766.81,2055.0508,Van
1161,SMALL VAN,D,1567.83,21664.93508,39.03,2016-17,13.818421053302973,1567.83,4201.7844000000005,Van
1136,SMALL VAN,D,1115.47,13228.7748,33.5,2016-17,11.859372999722089,1115.47,2989.4596,Van
1149,SMALL VAN,D,834.26,8346.03724,28.26,2016-17,10.004120106441636,834.26,2235.8168,Van
1166,SMALL VAN,D,1392.94,16201.22578,32.85,2016-17,11.630957385099142,1392.94,3733.0792000000006,Van
1145,SMALL VAN,D,1204.75,16280.08344,38.17,2016-17,13.513246266860344,1204.75,3228.73,Van
1142,SMALL VAN,D,601.57,6529.09238,30.65,2016-17,10.853420848779027,601.57,1612.2076000000002,Van
1165,SMALL VAN,D,2293.97,26735.96542,32.92,2016-17,11.654888869514425,2293.97,6147.8396,Van
1141,SMALL VAN,D,1118.71,13605.36036,34.35,2016-17,12.16165079421834,1118.71,2998.1428,Van
1168,SMALL VAN,D,1017.93,11756.2287,32.62,2016-17,11.5491523975126,1017.9299999999998,2728.0524,Van
1167,SMALL VAN,D,1582.74,18092.20028,32.29,2016-17,11.430936401430431,1582.74,4241.7432,Van
1143,SMALL VAN,D,899.28,8989.77324,28.23,2016-17,9.996634240725914,899.2800000000001,2410.0704,Van
1146,SMALL VAN,D,879.12,10180.68484,32.71,2016-17,11.580540586040586,879.12,2356.0416,Van
1144,SMALL VAN,D,971.04,10573.3638,30.75,2016-17,10.888700568462678,971.0400000000001,2602.3872,Van
1162,SMALL VAN,D,1310.1,15708.76774,33.87,2016-17,11.990510449584,1310.1,3511.0679999999998,Van
1139,SMALL VAN,D,1007.93,12419.27678,34.8,2016-17,12.321566755627872,1007.93,2701.2524,Van
1140,SMALL VAN,D,1081.85,12383.8713,32.33,2016-17,11.446939316910848,1081.85,2899.3579999999997,Van
1890,LARGE VAN,D,2737.47,25400.21322,26.21,2016-17,9.278718385954916,2737.47,7336.4196,Van
1137,SMALL VAN,D,1041.1,10895.2318,29.56,2016-17,10.465115550859668,1041.1,2790.148,Van
1741ENE,MED VAN,D,1717.87,14440.60782,23.74,2016-17,8.406112115584998,1717.87,4603.8916,Van
1742ENE,MED VAN,D,2658.78,22041.52064,23.41,2016-17,8.290088175779868,2658.78,7125.530400000001,Van
YF15FUY,MED TIPPER,D,67.85,157.71532,17.89,2016-17,2.3244704495210025,67.85,181.838,Truck
1544,MED VAN,D,1940.72,16215.70984,23.6,2016-17,8.355512304711652,1940.7200000000003,5201.1296,Van
1548,MED VAN,D,1259.22,11563.107899999999,25.94,2016-17,9.182754324105398,1259.22,3374.7096,Van
1554,MED VAN,D,4415.08,52057.32098,33.3,2016-17,11.790799029689156,4415.08,11832.4144,Van
1551,MED VAN,D,1588.72,16255.94334,28.9,2016-17,10.2321008988368,1588.72,4257.7696000000005,Van
1541,MED VAN,D,967.89,8838.49528,25.79,2016-17,9.131714636993873,967.8899999999999,2593.9452,Van
1552,MED VAN,D,780.96,7961.40498,28.79,2016-17,10.194382529194836,780.96,2092.9728,Van
1556,MED VAN,D,1235.0,13473.39448,30.81,2016-17,10.909631157894738,1235.0,3309.8,Van
1532,MED VAN,D,1227.06,12185.92248,28.05,2016-17,9.930991540755953,1227.06,3288.5208000000002,Van
1542,MED VAN,D,1727.61,15855.21768,25.92,2016-17,9.17754451525518,1727.61,4629.9948,Van
1550,MED VAN,D,2005.36,22336.02986,31.46,2016-17,11.138164648741373,2005.36,5374.3648,Van
1561,MED VAN,D,1652.25,17326.15444,29.62,2016-17,10.486400024209411,1652.25,4428.030000000001,Van
1546,MED VAN,D,1950.44,19551.87166,28.31,2016-17,10.024338949160189,1950.4400000000003,5227.1792000000005,Van
1545,MED VAN,D,1093.16,11728.86992,30.3,2016-17,10.729325917523509,1093.16,2929.6688000000004,Van
1533,MED VAN,D,1902.36,16629.31022,24.69,2016-17,8.741410784499253,1902.36,5098.3248,Van
1543,MED VAN,D,1105.0,9573.96366,26.0,2016-17,8.66422050678733,1105.0,2961.4,Van
1539,MED VAN,D,1601.86,15811.7655,27.88,2016-17,9.87087854119586,1601.8599999999997,4292.9848,Van
1547,MED VAN,D,1617.75,14836.50546,25.9,2016-17,9.171074306907743,1617.75,4335.570000000001,Van
1553,MED VAN,D,1585.62,13280.27368,24.67,2016-17,8.375445365219914,1585.6200000000001,4249.4616,Van
1527,MED VAN,D,2077.58,20393.55648,27.72,2016-17,9.816015017472251,2077.58,5567.914400000001,Van
1522,MED VAN,D,715.0,5566.70706,24.19,2016-17,7.785604279720279,715.0,1916.2,Van
1520,MED VAN,D,1583.51,15740.95454,28.08,2016-17,9.940546343250123,1583.5099999999998,4243.8068,Van
1219,SMALL VAN,D,740.53,11732.0886,47.49,2016-17,15.842826894251415,740.53,1984.6204,Van
1218,SMALL VAN,D,617.38,9528.90214,46.7,2016-17,15.434419871068062,617.38,1654.5784,Van
1217,SMALL VAN,D,557.59,7509.18044,41.06,2016-17,13.467207876755321,557.59,1494.3412,Van
1216,SMALL VAN,D,795.43,11843.13306,44.29,2016-17,14.88896956363225,795.43,2131.7524,Van
1220,SMALL VAN,D,785.43,11730.47926,44.46,2016-17,14.93510466878016,785.43,2104.9524,Van
1221,SMALL VAN,D,760.87,9919.97176,38.91,2016-17,13.037669720188731,760.87,2039.1316000000002,Van
1223,SMALL VAN,D,882.46,13973.89922,46.94,2016-17,15.835164449380141,882.46,2364.9928000000004,Van
1224,SMALL VAN,D,813.4,13896.6509,51.28,2016-17,17.08464580772068,813.4,2179.9120000000003,Van
1222,SMALL VAN,D,989.68,14073.6783,42.0,2016-17,14.220433170317678,989.68,2652.3424,Van
1225,SMALL VAN,D,845.76,12264.78014,43.04,2016-17,14.501489949867576,845.76,2266.6368,Van
942,SMALL VAN,D,848.26,11648.40292,38.79,2016-17,13.732113880178249,848.26,2273.3368,Van
993,SMALL VAN,D,691.39,8614.79702,35.19,2016-17,12.460112266593384,691.39,1852.9252000000001,Van
989,SMALL VAN,D,901.49,11659.6683,36.53,2016-17,12.933774417908129,901.49,2415.9932000000003,Van
718,SMALL VAN,D,304.41,5204.60556,48.29,2016-17,17.097354094806345,304.41,815.8188000000001,Van
717,SMALL VAN,D,110.48,1157.11546,44.01,2016-17,10.473528783490224,110.48,296.0864,Van
719,SMALL VAN,D,164.81,3023.94986,51.82,2016-17,18.348096960135916,164.81,441.6908,Van
1719,MED VAN,D,1218.61,10753.60988,24.92,2016-17,8.824488458161348,1218.6100000000001,3265.8748,Van
1717,MED VAN,D,651.27,6345.62762,27.52,2016-17,9.743466795645432,651.27,1745.4036,Van
1469,MED VAN,D,1785.34,21289.95886,33.68,2016-17,11.92487641569673,1785.34,4784.7112,Van
90,CAR,D,507.7,8363.73998,50.87,2016-17,16.473783691156196,507.7,1360.636,Car
1112,SMALL VAN,D,83.9,601.89316,40.1,2016-17,7.173935160905839,83.9,224.85200000000003,Van
1113,SMALL VAN,D,876.53,12063.61264,40.19,2016-17,13.762920424857107,876.53,2349.1004000000003,Van
741,SMALL VAN,D,242.89,3131.77564,41.61,2016-17,12.893802297336244,242.88999999999996,650.9452,Van
0741(D),SMALL VAN,D,126.94,2240.2012799999998,49.84,2016-17,17.647717661887505,126.94,340.1992,Van
1303ENE,MED VAN,D,931.45,7317.66898,22.19,2016-17,7.856212335605776,931.45,2496.286,Van
1304ENE,MED VAN,D,425.85,5594.06584,43.32,2016-17,13.136235388047435,425.85,1141.278,Van
1305ENE,MED VAN,D,1024.71,10721.42308,29.55,2016-17,10.462885187028526,1024.71,2746.2228000000005,Van
1307ENE,MED VAN,D,925.1,10306.21336,31.47,2016-17,11.14064788671495,925.0999999999999,2479.268,Van
1306ENE,MED VAN,D,1066.0,13027.6073,34.52,2016-17,12.221019981238273,1066.0,2856.88,Van
1308ENE,MED VAN,D,613.16,4911.70568,25.23,2016-17,8.010479613803902,613.16,1643.2688,Van
1309ENE,MED VAN,D,1783.7,28741.20306,45.51,2016-17,16.11324945898974,1783.7000000000003,4780.316000000001,Van
1311ENE,MED VAN,D,1443.42,17255.34348,33.76,2016-17,11.954485513571932,1443.42,3868.3656000000005,Van
1310ENE,MED VAN,D,799.95,,,2016-17,,,2143.8660000000004,Van
1312ENE,MED VAN,D,1228.18,12372.60592,28.45,2016-17,10.073935351495708,1228.18,3291.5224000000003,Van
1326ENE,MED VAN,D,1108.84,12198.797199999999,31.07,2016-17,11.001404350492406,1108.84,2971.6911999999998,Van
1314ENE,MED VAN,D,786.3,12686.42722,45.57,2016-17,16.134334503370216,786.3,2107.284,Van
1313ENE,MED VAN,D,303.41,2306.18422,27.32,2016-17,7.600884018325038,303.41,813.1388000000001,Van
1319ENE,MED VAN,D,756.16,8207.634,30.66,2016-17,10.854361510791367,756.16,2026.5088,Van
1320ENE,MED VAN,D,1077.17,10611.98796,27.83,2016-17,9.851729959059387,1077.17,2886.8156000000004,Van
1315ENE,MED VAN,D,1107.52,10742.3445,27.4,2016-17,9.699458700520081,1107.52,2968.1536,Van
1316ENE,MED VAN,D,1142.17,13309.2418,32.91,2016-17,11.652592696358685,1142.17,3061.0156,Van
1321ENE,MED VAN,D,1009.52,9770.30314,27.34,2016-17,9.678166990252793,1009.5200000000001,2705.5136,Van
1322ENE,MED VAN,D,684.18,14287.72052,58.98,2016-17,20.882984770089745,684.18,1833.6024,Van
1324ENE,MED VAN,D,1783.71,23700.75018,37.53,2016-17,13.287333804261904,1783.71,4780.3428,Van
1323ENE,MED VAN,D,699.0,6648.18354,29.51,2016-17,9.510992188841202,699.0,1873.3200000000002,Van
1325ENE,MED VAN,D,1213.43,12377.43394,28.81,2016-17,10.200369151908227,1213.43,3251.9924000000005,Van
1317ENE,MED VAN,D,913.88,11337.8003,35.04,2016-17,12.406224340175955,913.8799999999999,2449.1984,Van
1318ENE,MED VAN,D,1025.01,63984.13972,176.31,2016-17,,,2747.0268,Van
1332ENE,MED VAN,D,645.2,8074.05878,35.34,2016-17,12.514040266584004,645.2,1729.1360000000002,Van
1330ENE,MED VAN,D,912.38,10513.81822,32.55,2016-17,11.523507990091847,912.38,2445.1784000000002,Van
1331ENE,MED VAN,D,609.34,7866.45392,40.82,2016-17,12.90979407227492,609.34,1633.0312000000001,Van
1327ENE,MED VAN,D,1655.81,18946.75982,32.32,2016-17,11.44259294242697,1655.81,4437.5708,Van
1328ENE,MED VAN,D,503.95,4926.18974,27.61,2016-17,9.775155749578332,503.94999999999993,1350.586,Van
1329ENE,MED VAN,D,974.75,12459.51028,36.1,2016-17,12.782262405745064,974.75,2612.3300000000004,Van
1302ENE,MED VAN,D,1343.19,12435.37018,26.15,2016-17,9.258087225187799,1343.19,3599.7492,Van
1301ENE,MED VAN,D,1096.15,8843.3233,22.79,2016-17,8.067621493408748,1096.15,2937.6820000000002,Van
1504,MED VAN,D,1621.73,17585.25818,30.63,2016-17,10.843517835891301,1621.73,4346.236400000001,Van
1027,SMALL VAN,D,958.07,11889.80392,35.05,2016-17,12.410162013214066,958.07,2567.6276000000003,Van
1028,SMALL VAN,D,1095.58,14529.12152,37.46,2016-17,13.26157972945837,1095.58,2936.1544,Van
1029,SMALL VAN,D,935.16,11794.852859999999,35.62,2016-17,12.612657577312973,935.16,2506.2288,Van
1030,SMALL VAN,D,761.13,9788.00588,36.32,2016-17,12.85983456177,761.13,2039.8284,Van
4410,3 AXLE BIN,D,16347.59,18721.0,3.23,2016-17,1.145184091355362,16347.589999999998,43811.5412,Truck
4402,3 AXLE BIN,D,16427.73,17885.0,3.09,2016-17,1.0887079346933508,16427.73,44026.3164,Truck
4401,3 AXLE BIN,D,20195.58,24871.0,3.48,2016-17,1.231507092145905,20195.58,54124.15440000001,Truck
4408,3 AXLE BIN,D,17441.32,18260.0,2.96,2016-17,1.046939107819821,17441.32,46742.7376,Truck
4405,3 AXLE BIN,D,14996.3,16501.0,3.11,2016-17,1.1003380833939038,14996.3,40190.084,Truck
4406,3 AXLE BIN,D,16051.31,14248.0,2.51,2016-17,0.8876534064820878,16051.31,43017.510800000004,Truck
4407,3 AXLE BIN,D,17479.85,17803.0,2.88,2016-17,1.018487000746574,17479.85,46845.998,Truck
4404,3 AXLE BIN,D,14918.23,14657.0,2.77,2016-17,0.9824892095107798,14918.23,39980.856400000004,Truck
4415,3 AXLE BIN,D,13697.98,18655.0,3.85,2016-17,1.361879634807468,13697.98,36710.5864,Truck
4416,3 AXLE BIN,D,15350.07,17734.0,3.26,2016-17,1.1553041777659645,15350.070000000002,41138.187600000005,Truck
4411,3 AXLE BIN,D,16505.87,18088.0,3.11,2016-17,1.0958525663900176,16505.87,44235.7316,Truck
4412,3 AXLE BIN,D,16084.29,15766.0,2.77,2016-17,0.9802111252657095,16084.29,43105.89720000001,Truck
4414,3 AXLE BIN,D,15526.65,13286.0,2.42,2016-17,0.8556900554852463,15526.65,41611.422,Truck
4403,3 AXLE BIN,D,16484.74,18307.0,3.15,2016-17,1.1105422348183835,16484.74,44179.103200000005,Truck
4409,3 AXLE BIN,D,16080.02,17614.0,3.09,2016-17,1.0953966475166075,16080.02,43094.4536,Truck
4413,3 AXLE BIN,D,18749.83,20442.0,3.08,2016-17,1.09024988493229,18749.83,50249.544400000006,Truck
1968,MED TIPPER,D,1117.24,7766.67484,20.85,2016-17,6.9516619884715904,1117.24,2994.2032000000004,Truck
376,MINIBUS,D,637.77,9392.10824,41.59,2016-17,14.726481709707262,637.77,1709.2236,Bus
377,MINIBUS,D,635.81,8542.37672,37.95,2016-17,13.43542366430223,635.81,1703.9708,Bus
1084,SMALL VAN,D,220.24,3577.56282,45.88,2016-17,16.24392853250999,220.23999999999998,590.2432000000001,Van
1969,MED TIPPER,D,2319.3,21624.70158,26.33,2016-17,9.323805277454404,2319.3,6215.724000000001,Truck
928,SMALL VAN,D,755.81,8619.62504,34.11,2016-17,11.40448663023776,755.81,2025.5708,Van
2211,LARGE VAN,D,2058.91,16947.95954,23.25,2016-17,8.231520338431501,2058.91,5517.8787999999995,Van
366,MED VAN,D,2004.43,18334.0,25.83,2016-17,9.146739970964314,2004.43,5371.8724,Van
1110,SMALL VAN,D,38.25,486.02067999999997,35.89,2016-17,12.706423006535948,38.25,102.51,Van
424,WELFARE,D,1389.82,5702.0,11.59,2016-17,4.102689556921041,1389.82,3724.7176,Bus
428,WELFARE,D,1430.9,6146.0,12.13,2016-17,4.295198825913761,1430.9,3834.8120000000004,Bus
426,WELFARE,D,1827.83,7781.0,12.02,2016-17,4.256960439428174,1827.8300000000002,4898.5844,Bus
427,WELFARE,D,1962.31,7780.0,11.2,2016-17,3.964715055215537,1962.31,5258.9908000000005,Bus
425,WELFARE,D,1612.1,7089.0,12.42,2016-17,4.397369890205322,1612.1,4320.428,Bus
85,MPV,D,1235.76,,,2016-17,,,3311.8368,Bus
81,MPV,D,1593.95,,,2016-17,,,4271.786,Bus
1735,MED VAN,D,130.0,944.68258,20.52,2016-17,7.266789076923077,130.0,348.40000000000003,Van
84,MPV,D,614.88,7304.79426,33.55,2016-17,11.880032298985167,614.88,1647.8784,Bus
82,MPV,D,1444.34,,,2016-17,,,3870.8312,Bus
83,MPV,D,1311.48,16515.04708,35.57,2016-17,12.592679324122365,1311.48,3514.7664000000004,Bus
1344EHE,LARGE VAN,D,1003.42,8354.08394,23.52,2016-17,8.32561035259413,1003.42,2689.1656000000003,Van
1341ENE,LARGE VAN,D,1231.68,10842.12358,24.86,2016-17,8.802711402312289,1231.68,3300.9024000000004,Van
1349ENE,LARGE VAN,D,1309.24,10714.98572,23.12,2016-17,8.184126455042621,1309.2399999999998,3508.7632000000003,Van
1348ENE,LARGE VAN,D,1674.47,18552.47152,31.29,2016-17,11.079608186470942,1674.47,4487.5796,Van
1347ENE,LARGE VAN,D,520.0,6165.38154,33.49,2016-17,11.856502961538462,520.0,1393.6000000000001,Van
285,WELFARE,D,3204.01,23454.52116,20.68,2016-17,7.32036453069747,3204.01,8586.7468,Bus
1189,SMALL VAN,D,1487.11,21215.929219999998,40.29,2016-17,14.266550033286038,1487.11,3985.4548,Van
1185,SMALL VAN,D,644.0,8886.77548,38.98,2016-17,13.799340807453417,644.0,1725.92,Van
3113,LARGE TIPP,D,752.55,4847.33208,18.19,2016-17,6.441209328283835,752.55,2016.834,Truck
3115,LARGE TIPP,D,1542.13,11258.94264,20.62,2016-17,7.3009037111008785,1542.13,4132.9084,Truck
287,WELFARE,D,3918.84,29524.95164,21.28,2016-17,7.534104898388298,3918.84,10502.4912,Bus
3114,LARGE TIPP,D,1071.39,6084.91454,16.04,2016-17,5.679458031155788,1071.39,2871.3252,Truck
286,WELFARE,D,4024.41,30682.0671,21.53,2016-17,7.623991367678741,4024.41,10785.4188,Bus
1192,SMALL VAN,D,1042.29,15423.91456,41.8,2016-17,14.798102792888734,1042.29,2793.3372,Van
1042,SMALL VAN,D,688.01,9900.65968,40.64,2016-17,14.390284559817445,688.01,1843.8668,Van
1053,SMALL VAN,D,627.46,7963.01432,35.84,2016-17,12.690871641220157,627.46,1681.5928000000001,Van
1046,SMALL VAN,D,770.18,21375.25388,83.02,2016-17,27.753582123659406,770.18,2064.0824,Van
1180,SMALL VAN,D,739.28,10288.51062,39.31,2016-17,13.916933529921003,739.28,1981.2704,Van
1181,SMALL VAN,D,867.19,11287.91076,36.76,2016-17,13.016652359921125,867.19,2324.0692000000004,Van
1064,SMALL VAN,D,528.92,8761.24696,46.78,2016-17,16.56440853059064,528.92,1417.5056,Van
1061,SMALL VAN,D,580.24,8518.23662,41.46,2016-17,14.6805401557976,580.24,1555.0432,Van
1052,SMALL  VAN,D,550.39,8893.21284,45.64,2016-17,16.158020385544795,550.39,1475.0452,Van
1054,SMALL VAN,D,397.86,5491.06808,43.94,2016-17,13.801508269240436,397.86,1066.2648000000002,Van
288,WELFARE,D,4425.59,33820.280099999996,21.58,2016-17,7.641982221579495,4425.59,11860.5812,Bus
1055,SMALL VAN,D,556.41,8302.58506,42.15,2016-17,14.921703527973976,556.41,1491.1788,Van
1056,SMALL VAN,D,628.93,8917.35294,40.05,2016-17,14.178609606792492,628.93,1685.5324,Van
1058,SMALL VAN,D,781.63,15279.07396,55.21,2016-17,19.547706664278493,781.63,2094.7684,Van
1059,SMALL VAN,D,775.09,11823.82098,43.09,2016-17,15.254771678127701,775.09,2077.2412000000004,Van
1893,LARGE VAN,D,1922.58,16886.80462,24.81,2016-17,8.783408035036253,1922.58,5152.5144,Van
1895,LARGE VAN,D,3272.01,27057.83342,23.36,2016-17,8.269483717959297,3272.01,8768.9868,Van
1896,LARGE VAN,D,3101.37,27876.98748,25.39,2016-17,8.988604223294868,3101.3699999999994,8311.6716,Van
1486,MED VAN,D,1631.91,22094.62886,38.24,2016-17,13.539122169727497,1631.91,4373.518800000001,Van
1060,SMALL VAN,D,978.02,16180.30436,46.73,2016-17,16.543940164822807,978.0199999999999,2621.0936,Van
1062,SMALL VAN,D,908.73,12033.03518,37.4,2016-17,13.241595611457749,908.73,2435.3964,Van
1065,SMALL VAN,D,530.37,7631.49028,40.64,2016-17,14.388993118011953,530.37,1421.3916000000002,Van
1066,SMALL VAN,D,446.1,5825.8108,40.44,2016-17,13.059427930957185,446.1,1195.5480000000002,Van
1063,SMALL VAN,D,478.41,7093.97072,41.88,2016-17,14.828224159193997,478.41,1282.1388000000002,Van
1043,SMALL VAN,D,876.33,13236.8215,42.66,2016-17,15.104836648294592,876.33,2348.5644,Van
1188,SMALL VAN,D,540.27,8420.06688,44.02,2016-17,15.584923982453219,540.27,1447.9236,Van
1186,SMALL VAN,D,1648.19,23269.44706,39.88,2016-17,14.118182406154629,1648.19,4417.149200000001,Van
1190,SMALL VAN,D,1783.31,24523.12292,38.84,2016-17,13.751463806068491,1783.31,4779.2708,Van
1187,SMALL VAN,D,1624.62,25619.08346,44.54,2016-17,15.769277406408886,1624.62,4353.9816,Van
3311,LIBRARY BU,D,3207.75,11913.0,10.49,2016-17,3.71381809679682,3207.75,8596.77,Bus
289,WELFARE,D,3694.78,25509.64834,19.5,2016-17,6.904240127964317,3694.78,9902.010400000001,Bus
78041,MINIBUS,D,167.81,1221.4890599999999,20.56,2016-17,7.2790004171384295,167.81,449.73080000000004,Bus
1412,MED VAN,D,829.05,10040.67226,34.21,2016-17,12.111057547795669,829.05,2221.854,Van
2632,MED TIPPER,D,1248.66,12472.385,28.21,2016-17,9.988615796133455,1248.66,3346.4088000000006,Truck
750,SMALL VAN,D,594.8,11913.94402,56.57,2016-17,20.03016815736382,594.8,1594.064,Van
752,SMALL VAN,D,296.04,4140.83182,39.51,2016-17,13.987406499121741,296.04,793.3872000000001,Van
2638,MED TIPPER,D,529.49,3967.0231,21.16,2016-17,7.492158680994919,529.49,1419.0332,Truck
2644,MED TIPPER,D,833.11,6088.13322,22.16,2016-17,7.307718332513113,833.11,2232.7348,Truck
755,SMALL VAN,D,109.17,1705.9004,44.13,2016-17,15.626091417055967,109.17,292.5756,Van
751,SMALL VAN,D,51.23,489.23936,68.82,2016-17,9.549860628537965,51.230000000000004,137.2964,Van
1453,MED VAN,D,1679.01,16647.01296,28.0,2016-17,9.914778923294085,1679.0099999999998,4499.7468,Van
1875,MED VAN,D,1182.48,11606.0,27.72,2016-17,9.814965157973074,1182.48,3169.0464,Van
2220,LARGE VAN,D,1632.16,12068.44066,20.88,2016-17,7.394152938437408,1632.16,4374.188800000001,Van
1876,LARGE VAN,D,2093.09,17135.0,23.12,2016-17,8.186461165071735,2093.09,5609.481200000001,Van
368,MINIBUS,D,1231.75,10650.0,24.42,2016-17,8.646235031459305,1231.75,3301.09,Bus
1333ENE,MED VAN,D,715.39,7356.29314,29.06,2016-17,10.282913012482702,715.39,1917.2452,Van
1334ENE,MED VAN,D,1893.44,21705.16858,33.53,2016-17,11.463351666807505,1893.44,5074.4192,Van
1336ENE,MED VAN,D,1598.95,13920.791,24.59,2016-17,8.706207823884423,1598.95,4285.186000000001,Van
1335ENE,MED VAN,D,715.0,6823.6016,26.95,2016-17,9.543498741258741,715.0,1916.2,Van
1337ENE,MED VAN,D,1229.5,11844.7424,27.21,2016-17,9.633788043920292,1229.5,3295.0600000000004,Van
1031,SMALL VAN,D,960.98,14241.04966,41.86,2016-17,14.819298695082104,960.98,2575.4264000000003,Van
1032,SMALL VAN,D,1242.97,17319.71708,39.36,2016-17,13.934139263216327,1242.97,3331.1596000000004,Van
1033,SMALL VAN,D,841.64,10636.12806,35.69,2016-17,12.637384226034884,841.64,2255.5952,Van
1034,SMALL VAN,D,900.89,11360.33106,35.62,2016-17,12.610120059052715,900.89,2414.3852,Van
1035,SMALL VAN,D,1211.92,16931.86614,39.46,2016-17,13.971108769555745,1211.92,3247.9456000000005,Van
1036,SMALL VAN,D,1121.01,14282.8925,35.99,2016-17,12.741092853765801,1121.01,3004.3068000000003,Van
YG63FVS,LARGE TIPP,D,1531.67,4616.0,8.51,2016-17,3.013703996291629,1531.67,4104.8756,Truck
1047,SMALL VAN,D,525.23,6846.13236,36.82,2016-17,13.034541743617082,525.23,1407.6164,Van
2606,MED TIPPER,D,1143.31,5423.0,13.4,2016-17,4.743245488974994,1143.31,3064.0708,Truck
2600,MED TIPPER,D,994.78,7699.08256,21.86,2016-17,7.739482659482499,994.78,2666.0104,Truck
2607,MED TIPPER,D,445.95,5450.83458,34.52,2016-17,12.222972485704675,445.95,1195.146,Truck
1407,MED VAN,D,440.72,7103.62676,45.52,2016-17,16.118230985659828,440.72,1181.1296000000002,Van
1937,FLATBACK,D,1323.74,9052.5375,19.32,2016-17,6.838606901657426,1323.74,3547.6232000000005,Truck
1939,FLATBACK,D,1181.35,8130.38568,19.44,2016-17,6.882283556947561,1181.35,3166.018,Truck
1936,FLATBACK,D,832.37,3321.67776,11.27,2016-17,3.990626476206495,832.37,2230.7516,Truck
522,4 X 4,D,832.35,11046.50976,37.48,2016-17,13.271472049017841,832.35,2230.6980000000003,Car
358,MINIBUS,D,462.54,8515.01794,52.0,2016-17,18.409257448004496,462.54,1239.6072000000001,Bus
1881,MED VAN,D,1534.24,12127.98624,22.33,2016-17,7.904882052351653,1534.24,4111.7632,Van
1880,MED VAN,D,2056.68,18354.5227,26.03,2016-17,8.924345401326411,2056.68,5511.9024,Van
1879,MED VAN,D,916.12,7172.82838,22.11,2016-17,7.829572959874252,916.12,2455.2016000000003,Van
1725,MED VAN,D,2829.28,24698.54098,24.66,2016-17,8.729620603121642,2829.28,7582.470400000001,Van
1721,MED VAN,D,430.64,3707.91936,24.32,2016-17,8.610253018762771,430.64000000000004,1154.1152,Van
1728,MED VAN,D,1811.66,14432.56112,22.5,2016-17,7.966484395526754,1811.66,4855.2488,Van
1734,MED VAN,D,459.23,4565.69758,28.08,2016-17,9.942071685212202,459.2300000000001,1230.7364000000002,Van
1726,MED VAN,D,447.61,3967.0231,25.03,2016-17,8.862677554120774,447.61,1199.5948,Van
1727,MED VAN,D,413.56,3373.17664,23.04,2016-17,8.156438340265016,413.56,1108.3408000000002,Van
YH13PLU,GULLY TANK,D,4321.57,8242.0,5.39,2016-17,1.907177252711399,4321.57,11581.8076,Truck
290,WELFARE,D,2200.6,15430.35192,19.8,2016-17,7.011883995274016,2200.6,5897.608,Bus
375,MINIBUS,D,545.72,5660.04878,29.29,2016-17,10.371708531847833,545.72,1462.5296,Bus
291,WELFARE,D,2258.89,9474.0,11.85,2016-17,4.194095330007216,2258.89,6053.8252,Bus
292,WELFARE,D,2904.23,14020.0,13.63,2016-17,4.82744135278542,2904.23,7783.3364,Bus
1972,FLATBACK,D,65.0,,,2016-17,,,174.20000000000002,Truck
1970,FLATBACK,D,65.0,,,2016-17,,,174.20000000000002,Truck
1971,FLATBACK,D,65.0,,,2016-17,,,174.20000000000002,Truck
0747D,SMALL VAN,D,96.43,1720.38446,74.11,2016-17,17.84075972207819,96.43,258.43240000000003,Van
1454,MED VAN,D,1607.15,12742.75412,22.39,2016-17,7.928789546713125,1607.15,4307.162,Van
881114,SMALL VAN,D,955.79,9322.90662,28.3,2016-17,9.754137017545695,955.79,2561.5172000000002,Van
103,SMALL VAN,D,572.54,9781.56852,48.25,2016-17,17.084515527299406,572.54,1534.4072,Van
1114D,SMALL VAN,D,581.74,7494.69638,36.39,2016-17,12.88324058857909,581.74,1559.0632,Van
104,SMALL VAN,D,366.01,6815.5549,52.59,2016-17,18.621225922788994,366.01,980.9068000000001,Van
102,SMALL VAN,D,625.47,11032.0257,49.82,2016-17,17.637977361024507,625.4700000000001,1676.2596,Van
1048,SMALL VAN,D,493.87,6823.6016,39.02,2016-17,13.816594650414077,493.87,1323.5716,Van
YH64KSN,MED VAN,D,60.65,,,2016-17,,,162.542,Van
1049,SMALL VAN,D,607.3,10076.07774,46.86,2016-17,16.591598452165325,607.3,1627.564,Van
YH66PVK,MED TIPPER,D,1095.92,8040.26264,21.68,2016-17,7.336541572377545,1095.92,2937.0656000000004,Truck
1598,MED VAN,D,388.03,2880.7186,25.19,2016-17,7.42395845682035,388.03,1039.9204,Van
1597,MED VAN,D,563.55,4871.47218,27.6,2016-17,8.644259036465265,563.55,1510.314,Van
1600,MED VAN,D,840.38,8769.29366,31.69,2016-17,10.4349147528499,840.38,2252.2184,Van
1599,MED VAN,D,249.86,1747.74324,26.7,2016-17,6.9948900984551345,249.86,669.6248,Van
78051,MED VAN,D,581.29,4792.61452,23.29,2016-17,8.24479093051661,581.29,1557.8572,Van
3412,LARGE TIPP,D,730.87,3396.0,13.12,2016-17,4.646517164475214,730.87,1958.7316,Truck
3419,LARGE TIPP,D,527.97,1938.0,12.34,2016-17,3.6706631058582873,527.97,1414.9596000000001,Truck
3416,LARGE TIPP,D,2793.18,13747.0,13.9,2016-17,4.9216305429653655,2793.1800000000003,7485.7224,Truck
3417,LARGE TIPP,D,2002.52,9395.0,13.25,2016-17,4.691588598366059,2002.5199999999998,5366.7536,Truck
3421,LARGE TIPP,D,1157.93,5924.0,14.45,2016-17,5.116026011935091,1157.93,3103.2524000000003,Truck
784453,3 AXLE BIN,D,689.21,708.0,2.9,2016-17,1.027263098329972,689.21,1847.0828000000001,Truck
363,MINIBUS,D,498.64,4799.05188,27.18,2016-17,9.624281806513718,498.64,1336.3552,Bus
359,WELFARE,D,183.97,1408.1725,21.62,2016-17,7.65435940642496,183.97,493.0396,Bus
361,MINIBUS,D,299.23,2943.48286,27.78,2016-17,9.836857467499916,299.23,801.9364,Bus
0244D,WELFARE,D,1825.93,14059.19424,21.75,2016-17,7.699744371361444,1825.93,4893.4924,Bus
248,WELFARE,D,2128.57,15380.462379999999,20.41,2016-17,7.2257254306882075,2128.57,5704.567600000001,Bus
3904,HGV,D,2655.16,10053.54698,10.69,2016-17,3.7864185133852573,2655.16,7115.8288,Truck
0243D,WELFARE,D,1108.16,8051.52802,20.52,2016-17,7.265672845076523,1108.16,2969.8688,Bus
245,WELFARE,D,1726.94,12580.21078,20.58,2016-17,7.28468318528727,1726.94,4628.1992,Bus
249,WELFARE,D,2293.19,16590.68606,20.43,2016-17,7.23476295466141,2293.19,6145.7492,Bus
247,WELFARE,D,1715.01,12963.2337,21.35,2016-17,7.558692777301591,1715.01,4596.2268,Bus
246,WELFARE,D,1461.79,10521.86492,20.33,2016-17,7.197931932767361,1461.79,3917.5972,Bus
250,WELFARE,D,2586.72,19489.1074,21.28,2016-17,7.534293390857921,2586.72,6932.4096,Bus
3426,LARGE TIPP,D,3523.85,15708.0,12.59,2016-17,4.457624473232402,3523.8500000000004,9443.918,Truck
3427,LARGE TIPP,D,2386.01,12377.0,14.65,2016-17,5.187321092535236,2386.01,6394.506800000001,Truck
3428,LARGE TIPP,D,2126.09,14332.0,19.04,2016-17,6.741012845175886,2126.09,5697.921200000001,Truck
3310,LIBRARY BU,D,3382.88,13618.0,11.37,2016-17,4.025564016459348,3382.8800000000006,9066.118400000001,Bus
YJ09EHP,GULLY TANK,D,4188.9,7771.0,5.24,2016-17,1.8551409677958415,4188.9,11226.252,Truck
YJ09EHE,GULLY TANK,D,5045.89,10777.0,6.03,2016-17,2.135797649175864,5045.89,13522.985200000001,Truck
3109,FLATBACK,D,1040.57,3895.0,10.57,2016-17,3.7431407786117226,1040.57,2788.7276,Truck
3430,LARGE TIPP,D,1596.33,7589.0,13.43,2016-17,4.754029555292452,1596.33,4278.1644,Truck
2666,MED TIPPER,D,29.22,156.10598,15.09,2016-17,5.342436002737851,29.219999999999995,78.3096,Truck
3110,MED TIPPER,D,1150.86,7705.51992,18.91,2016-17,6.695445075856316,1150.86,3084.3048,Truck
3111,MED TIPPER,D,1051.72,7285.48218,19.57,2016-17,6.927207032289963,1051.72,2818.6096000000002,Truck
3112,MED TIPPER,D,2692.17,22981.3752,24.11,2016-17,8.536375934654943,2692.17,7215.015600000001,Truck
WS09/68,TRACTOR,D,3952.84,,0.14,2016-17,,,10593.611200000001,Truck
3431,LARGE TIPP,D,2288.13,11149.0,13.76,2016-17,4.87253783657397,2288.13,6132.188400000001,Truck
3302,LIBRARY BU,D,3068.62,13314.0,12.25,2016-17,4.338758138837654,3068.62,8223.901600000001,Bus
WS10/49,TRACTOR,D,4019.51,,0.11,2016-17,,,10772.286800000002,Truck
WS10/53,TRACTOR,D,2756.84,,0.17,2016-17,,,7388.3312000000005,Truck
Sep-68,TRACTOR,D,293.16,,0.21,2016-17,,,785.6688000000001,Truck
WS10/56,TRACTOR,D,4626.67,,0.2,2016-17,,,12399.475600000002,Truck
78071,MINIBUS,D,259.21,3823.79184,41.67,2016-17,14.75171420855677,259.21,694.6828,Bus
258,WELFARE,D,2877.1,16497.34434,16.2,2016-17,5.734018400472698,2877.1,7710.628000000001,Bus
268,WELFARE,D,3512.69,22080.1448,17.75,2016-17,6.285822204635194,3512.69,9414.0092,Bus
265,WELFARE,D,2814.79,18312.67986,18.38,2016-17,6.505877831028247,2814.79,7543.6372,Bus
259,WELFARE,D,2975.03,19408.6404,18.43,2016-17,6.5238469528038365,2975.03,7973.080400000001,Bus
260,WELFARE,D,3399.2,23396.58492,19.44,2016-17,6.882968027771241,3399.2,9109.856,Bus
262,WELFARE,D,2314.14,16865.8832,20.58,2016-17,7.288186194439404,2314.14,6201.8952,Bus
261,WELFARE,D,3126.53,21211.1012,19.16,2016-17,6.784230824588281,3126.53,8379.100400000001,Bus
257,WELFARE,D,2299.08,14472.79462,17.78,2016-17,6.295037414965987,2299.08,6161.5344000000005,Bus
263,WELFARE,D,3157.28,18954.80652,16.96,2016-17,6.003524084021689,3157.28,8461.510400000001,Bus
264,WELFARE,D,3514.27,25448.49342,20.45,2016-17,7.241473597646168,3514.27,9418.2436,Bus
266,WELFARE,D,3167.55,19355.53218,17.26,2016-17,6.110568792915659,3167.55,8489.034000000001,Bus
267,WELFARE,D,2833.28,17985.98384,17.93,2016-17,6.348113790377231,2833.28,7593.190400000001,Bus
YJ12FJJ,MED TIPPER,D,3071.91,21606.99884,19.87,2016-17,7.033734334664753,3071.91,8232.7188,Truck
YJ12NTE,MED VAN,D,430.21,965.604,6.34,2016-17,2.2444945491736594,430.21000000000004,1152.9628,Van
YJ12NTF,MED VAN,D,420.52,3814.1358,25.62,2016-17,9.0700461333587,420.52,1126.9936,Van
YJ12NTL,MED VAN,D,486.91,4791.00518,27.79,2016-17,9.839611386087778,486.91,1304.9188000000001,Van
YJ12NTN,MED VAN,D,360.35,3260.52284,25.56,2016-17,9.048211017066741,360.34999999999997,965.7380000000002,Van
YJ12NTT,MED VAN,D,65.0,69.20162,3.01,2016-17,1.0646403076923079,65.0,174.20000000000002,Van
YJ12NTU,MED VAN,D,130.0,1075.03912,23.36,2016-17,8.269531692307691,130.0,348.40000000000003,Van
YJ12OJR,MED TIPPER,D,142.99,4650.9926,91.87,2016-17,32.52669837051542,142.99,383.21320000000003,Truck
YJ12OVP,LARGE TIPP,D,609.42,2805.07962,13.0,2016-17,4.602867677463818,609.42,1633.2456,Truck
13/18,TRACTOR,D,269.48,,0.35,2016-17,,,722.2064000000001,Truck
13/17,TRACTOR,D,5258.92,,0.14,2016-17,,,14093.905600000002,Truck
13/22,TRACTOR,D,3155.6,,0.16,2016-17,,,8457.008,Truck
1339ENE,MED VAN,D,1475.82,15124.57732,28.95,2016-17,10.248253391334988,1475.82,3955.1976,Van
1124,SMALL VAN,D,1041.9,12692.86458,34.41,2016-17,12.182421134465878,1041.9,2792.2920000000004,Van
1346ENE,MED VAN,D,971.25,12955.187,37.67,2016-17,13.338673873873875,971.2499999999999,2602.9500000000003,Van
1343ENE,LARGE VAN,D,1375.85,14698.10222,30.17,2016-17,10.682924897336193,1375.85,3687.278,Van
1122,SMALL VAN,D,468.79,5159.54404,31.09,2016-17,11.006088099148872,468.79,1256.3572000000001,Van
1345ENE,LARGE VAN,D,1441.73,13975.50856,27.38,2016-17,9.69356853224945,1441.73,3863.8364,Van
1126,SMALL VAN,D,346.72,4441.7784,36.18,2016-17,12.810851407475772,346.72,929.2096000000001,Van
1123,SMALL VAN,D,760.88,10198.38758,37.86,2016-17,13.403411286930924,760.88,2039.1584,Van
436,WELFARE,D,5191.81,34600.81,18.82,2016-17,6.66449850822738,5191.81,13914.050800000003,Bus
434,WELFARE,D,3365.96,21909.55476,18.38,2016-17,6.509154820615812,3365.96,9020.7728,Bus
437,WELFARE,D,4686.13,30448.7128,18.35,2016-17,6.497624436368603,4686.13,12558.8284,Bus
435,WELFARE,D,3192.85,21626.31092,19.13,2016-17,6.773356380663044,3192.85,8556.838,Bus
439,WELFARE,D,4171.39,25231.23252,17.08,2016-17,6.0486390675530215,4171.39,11179.325200000001,Bus
441,WELFARE,D,4329.63,25754.26802,16.8,2016-17,5.948376193808708,4329.63,11603.4084,Bus
432,WELFARE,D,2775.46,17221.54734,17.53,2016-17,6.204934439696483,2775.46,7438.232800000001,Bus
444,WELFARE,D,4276.44,27905.9556,18.43,2016-17,6.525510845469597,4276.44,11460.859199999999,Bus
442,WELFARE,D,3902.01,23531.76948,17.03,2016-17,6.030678927014538,3902.01,10457.386800000002,Bus
445,WELFARE,D,4346.17,28906.965079999998,18.79,2016-17,6.651135385868477,4346.17,11647.735600000002,Bus
440,WELFARE,D,3094.06,20755.65798,18.95,2016-17,6.708227371156345,3094.06,8292.0808,Bus
438,WELFARE,D,3859.92,25030.06502,18.32,2016-17,6.484607199112935,3859.92,10344.5856,Bus
433,WELFARE,D,3443.77,22809.17582,18.71,2016-17,6.623315674391728,3443.77,9229.303600000001,Bus
443,WELFARE,D,4589.08,27635.586479999998,17.01,2016-17,6.022031971549853,4589.08,12298.734400000001,Bus
1964,FLATBACK,D,2272.91,21489.51702,26.7,2016-17,9.454627336762124,2272.91,6091.3988,Truck
2735,MED TIPPER,D,568.71,3740.10616,18.57,2016-17,6.576473351972006,568.71,1524.1428,Truck
2734,MED TIPPER,D,1619.88,10777.74998,18.79,2016-17,6.653424932711065,1619.88,4341.2784,Truck
2227,LARGE VAN,D,2053.49,15065.03174,20.72,2016-17,7.336306356495528,2053.49,5503.3532,Van
2226,LARGE VAN,D,2250.17,15670.14358,19.67,2016-17,6.96398209024207,2250.17,6030.4556,Van
497,WELFARE,D,3273.79,21298.00556,18.37,2016-17,6.505611404518922,3273.79,8773.7572,Bus
1573,MED VAN,D,639.58,4667.086,22.94,2016-17,7.297110603833766,639.58,1714.0744000000002,Van
1574,MED VAN,D,2008.84,20396.77516,29.64,2016-17,10.153509069910994,2008.84,5383.6912,Van
217,WELFARE,D,2671.55,17636.75706,19.11,2016-17,6.60169454436563,2671.55,7159.754000000001,Bus
228,WELFARE,D,2674.29,18457.52046,19.98,2016-17,6.901839538718688,2674.29,7167.0972,Bus
216,WELFARE,D,2393.38,17697.91198,21.47,2016-17,7.394526560763439,2393.38,6414.258400000001,Bus
221,WELFARE,D,3191.95,21436.4088,19.35,2016-17,6.715772114224848,3191.95,8554.426,Bus
214,WELFARE,D,3530.69,22104.2849,18.0,2016-17,6.260613336203405,3530.69,9462.2492,Bus
213,WELFARE,D,3411.9,22754.45826,19.2,2016-17,6.669145713532049,3411.9,9143.892000000002,Bus
215,WELFARE,D,2881.78,21246.50668,21.3,2016-17,7.372702524134388,2881.78,7723.170400000001,Bus
219,WELFARE,D,1768.34,11905.89732,19.74,2016-17,6.732810047841479,1768.34,4739.1512,Bus
229,WELFARE,D,841.0,5663.26746,20.29,2016-17,6.733968442330559,841.0,2253.88,Bus
209,WELFARE,D,6045.91,38546.91168,18.2,2016-17,6.375700544665732,6045.91,16203.0388,Bus
208,WELFARE,D,3841.34,25915.20202,19.31,2016-17,6.7463963148276385,3841.34,10294.791200000001,Bus
207,WELFARE,D,3098.94,19173.67676,17.79,2016-17,6.187172633222972,3098.94,8305.1592,Bus
226,WELFARE,D,3480.5,25017.1903,20.69,2016-17,7.187815055308145,3480.5,9327.74,Bus
223,WELFARE,D,4693.09,29244.92648,17.84,2016-17,6.231486393825816,4693.09,12577.481200000002,Bus
224,WELFARE,D,3005.4,16809.5563,16.15,2016-17,5.593117821255074,3005.4,8054.472000000001,Bus
227,WELFARE,D,4115.44,27769.1617,19.36,2016-17,6.747555959994558,4115.44,11029.3792,Bus
220,WELFARE,D,3847.37,28268.057099999998,21.11,2016-17,7.347371607097835,3847.37,10310.9516,Bus
218,WELFARE,D,3468.36,24519.90424,20.25,2016-17,7.069596074225282,3468.36,9295.204800000001,Bus
222,WELFARE,D,4151.95,26354.55184,18.2,2016-17,6.347511853466444,4151.95,11127.226,Bus
211,WELFARE,D,3704.05,12730.0,9.88,2016-17,3.436778661195178,3704.05,9926.854000000001,Bus
210,WELFARE,D,4083.64,26875.978,18.82,2016-17,6.581377888354507,4083.64,10944.155200000001,Bus
225,WELFARE,D,3379.84,22665.94456,19.31,2016-17,6.7062182115129705,3379.84,9057.971200000002,Bus
202,WELFARE,D,3905.79,24350.92354,17.61,2016-17,6.234570609274948,3905.79,10467.5172,Bus
201,WELFARE,D,2260.98,13114.51166,16.38,2016-17,5.80036606250387,2260.98,6059.4264,Bus
212,WELFARE,D,4473.95,29296.42536,18.75,2016-17,6.548223686004538,4473.95,11990.186,Bus
204,WELFARE,D,3047.57,20295.386739999998,18.81,2016-17,6.6595309508887395,3047.57,8167.487600000001,Bus
205,WELFARE,D,6633.16,45241.76608,19.44,2016-17,6.820544971024368,6633.16,17776.8688,Bus
206,WELFARE,D,3204.06,22376.26336,20.09,2016-17,6.983721703089206,3204.06,8586.8808,Bus
203,WELFARE,D,4167.67,28192.41812,19.11,2016-17,6.7645514448120885,4167.67,11169.3556,Bus
1587,MED VAN,D,1144.99,11572.76394,30.26,2016-17,10.107305688259286,1144.99,3068.5732000000003,Van
1572,MED VAN,D,578.97,4111.8637,22.6,2016-17,7.102032402369725,578.97,1551.6396000000002,Van
1581,MED VAN,D,1203.2,10951.5587,27.18,2016-17,9.102026845079786,1203.2,3224.5760000000005,Van
1563,MED VAN,D,1231.41,12565.72672,30.43,2016-17,10.204340325318132,1231.41,3300.1788000000006,Van
1567,MED VAN,D,1338.01,12251.90542,27.18,2016-17,9.156811548493659,1338.0099999999998,3585.8668000000002,Van
1576,MED VAN,D,552.23,4232.5642,24.54,2016-17,7.664495228437426,552.23,1479.9764000000002,Van
1562,MED VAN,D,767.8,6928.2087,27.84,2016-17,9.023454936181299,767.7999999999998,2057.704,Van
1586,MED VAN,D,65.0,,,2016-17,,,174.20000000000002,Van
1585,MED VAN,D,706.41,5555.44168,24.46,2016-17,7.86433045964808,706.41,1893.1788000000001,Van
1566,MED VAN,D,895.05,7742.53474,26.35,2016-17,8.65039354226021,895.05,2398.734,Van
1564,MED VAN,D,649.74,5964.21404,28.81,2016-17,9.17938566195709,649.74,1741.3032,Van
1578,MED VAN,D,833.36,7098.79874,26.09,2016-17,8.518285902851108,833.3600000000001,2233.4048000000003,Van
1577,MED VAN,D,700.42,5471.756,24.32,2016-17,7.812107021501386,700.42,1877.1256,Van
1584,MED VAN,D,970.02,9495.106,29.63,2016-17,9.788567246036164,970.02,2599.6536,Van
1582,MED VAN,D,824.82,7901.8594,29.34,2016-17,9.580101597924395,824.82,2210.5176,Van
1570,MED VAN,D,1147.65,12168.21974,31.74,2016-17,10.602727085783993,1147.65,3075.702,Van
1571,MED VAN,D,1338.89,13643.98452,30.25,2016-17,10.190519400398838,1338.89,3588.2252000000003,Van
1575,MED VAN,D,657.16,4929.40842,23.51,2016-17,7.501078002312983,657.16,1761.1888000000001,Van
1569,MED VAN,D,1704.74,15477.02278,26.66,2016-17,9.07881716860049,1704.7399999999998,4568.7032,Van
1579,MED VAN,D,697.93,6158.94418,25.85,2016-17,8.824587250870433,697.93,1870.4524,Van
1568,MED VAN,D,700.11,4866.64416,21.64,2016-17,6.95125645969919,700.11,1876.2948000000001,Van
1588,MED VAN,D,1932.81,21734.1367,32.87,2016-17,11.244838706339474,1932.8100000000002,5179.9308,Van
1565,MED VAN,D,805.95,8368.568,31.72,2016-17,10.383482846330416,805.95,2159.9460000000004,Van
1580,MED VAN,D,1074.13,10159.76342,28.44,2016-17,9.458597581298351,1074.13,2878.6684000000005,Van
1583,MED VAN,D,775.49,7662.06774,30.46,2016-17,9.880292124979047,775.49,2078.3132,Van
YJ16XJD,MED TIPPER,D,323.88,2082.48596,20.38,2016-17,6.429807212547857,323.88,867.9984000000001,Truck
YJ16XJF,MED TIPPER,D,1589.97,14149.31728,25.63,2016-17,8.899109593262766,1589.9699999999998,4261.1196,Truck
YJ16XJH,MED TIPPER,D,1193.39,9491.88732,23.19,2016-17,7.953717829041637,1193.39,3198.2852000000003,Truck
YJ16XJL,MED TIPPER,D,1615.24,9250.48632,16.58,2016-17,5.727004234664817,1615.24,4328.8432,Truck
1212,SMALL VAN,D,2000.8,31617.09364,45.54,2016-17,15.802225929628149,2000.8,5362.144,Van
1207,SMALL VAN,D,362.83,4525.46408,40.52,2016-17,12.472684397651793,362.83,972.3844,Van
1209,SMALL VAN,D,433.76,5605.33122,40.56,2016-17,12.922655892659536,433.76,1162.4768000000001,Van
1208,SMALL VAN,D,530.83,7522.05516,44.04,2016-17,14.170365578433772,530.83,1422.6244000000002,Van
4437,3 AXLE BIN,D,16609.08,20334.0109,3.49,2016-17,1.2242707543102929,16609.08,44512.33440000001,Truck
4438,3 AXLE BIN,D,15248.24,16836.91508,3.17,2016-17,1.1041874393372613,15248.239999999998,40865.283200000005,Truck
4436,3 AXLE BIN,D,14743.68,15515.64694,2.97,2016-17,1.0523591762707818,14743.68,39513.0624,Truck
4446,3 AXLE BIN,D,19033.99,25878.1872,3.84,2016-17,1.3595776397907111,19033.99,51011.09320000001,Truck
4447,3 AXLE BIN,D,20301.27,24917.411219999998,3.47,2016-17,1.2273818938421093,20301.27,54407.403600000005,Truck
4448,3 AXLE BIN,D,19556.56,25446.88408,3.7,2016-17,1.3011942836572483,19556.56,52411.5808,Truck
4440,3 AXLE BIN,D,12392.03,20047.54838,4.63,2016-17,1.617777586077503,12392.03,33210.640400000004,Truck
4441,3 AXLE BIN,D,12757.14,13557.08016,3.03,2016-17,1.062705289743626,12757.14,34189.1352,Truck
4442,3 AXLE BIN,D,15565.81,31420.75416,5.75,2016-17,2.018574951126861,15565.81,41716.370800000004,Truck
4443,3 AXLE BIN,D,13471.97,14810.75602,3.13,2016-17,1.0993756681465294,13471.970000000001,36104.8796,Truck
4444,3 AXLE BIN,D,13646.49,13989.992619999999,2.93,2016-17,1.0251714997775985,13646.49,36572.5932,Truck
4439,3 AXLE BIN,D,14896.01,19180.11412,3.67,2016-17,1.287600781685834,14896.01,39921.306800000006,Truck
1592,MED VAN,D,1415.78,15185.73224,31.73,2016-17,10.726053652403621,1415.78,3794.2904000000003,Van
1590,MED VAN,D,770.1,6606.3407,26.46,2016-17,8.578549149461109,770.0999999999999,2063.8680000000004,Van
1591,MED VAN,D,1047.79,9837.89542,28.27,2016-17,9.38918621097739,1047.79,2808.0772,Van
0460D,WELFARE,D,172.25,1465.0,24.02,2016-17,8.505079825834542,172.25,461.63000000000005,Bus
3411,LARGE TIPP,D,1257.94,7611.0,17.09,2016-17,6.050368062069733,1257.94,3371.2792000000004,Truck
3408,LARGE TIPP,D,1624.81,7965.0,14.43,2016-17,4.902111631513839,1624.8099999999997,4354.4908000000005,Truck
78084,SMALL VAN,D,342.46,2137.20352,17.63,2016-17,6.2407391228172635,342.46,917.7928,Van
3409,LARGE TIPP,D,1361.57,6124.0,12.7,2016-17,4.497748922200107,1361.5700000000002,3649.0076,Truck
345,MINIBUS,D,73.87,542.34758,20.74,2016-17,7.341919317720319,73.87,197.97160000000002,Bus
349,MINIBUS,D,335.37,2877.49992,24.23,2016-17,8.580075498702925,335.37,898.7916,Bus
340,MINIBUS,D,297.26,2467.11822,23.44,2016-17,8.29952977191684,297.26,796.6568,Bus
352,MINIBUS,D,111.32,989.7441,25.11,2016-17,8.890981854114266,111.32,298.3376,Bus
346,MINIBUS,D,162.51,1303.5654,22.66,2016-17,8.021447295551043,162.51,435.5268,Bus
351,MINIBUS,D,55.05,461.88058,23.7,2016-17,8.3902012715713,55.05,147.534,Bus
2221,LARGE VAN,D,521.47,3001.4191,17.76,2016-17,5.7556889178668,521.47,1397.5396,Van
4607,HOOKLOADER,D,5214.76,8530.0,4.62,2016-17,1.6357416256932245,5214.76,13975.556800000002,Truck
4608,HOOKLOADER,D,5945.32,9620.0,4.57,2016-17,1.6180794305436883,5945.32,15933.4576,Truck
4609,HOOKLOADER,D,17046.68,26688.0,4.42,2016-17,1.5655834449875283,17046.68,45685.1024,Truck
3104,MED TIPPER,D,212.03,490.0,9.19,2016-17,2.31099372730274,212.03,568.2404,Truck
2222,LARGE VAN,D,590.02,6612.77806,31.66,2016-17,11.207718484119182,590.02,1581.2536,Van
2219,MED VAN,D,375.26,2153.29692,18.31,2016-17,5.738146671640995,375.26,1005.6968,Van
2218,MED VAN,D,201.27,745.12442,13.33,2016-17,3.7021136781437867,201.27,539.4036000000001,Van
2217,MED VAN,D,370.75,2224.10788,19.63,2016-17,5.9989423600809175,370.75,993.61,Van
1877,MED VAN,D,2198.82,29515.2956,37.91,2016-17,13.423243194076823,2198.82,5892.837600000001,Van
1878,MED VAN,D,3344.79,29507.2489,25.23,2016-17,8.821853957946537,3344.79,8964.0372,Van
2223,LARGE VAN,D,581.58,5790.40532,28.12,2016-17,9.956335018398155,581.58,1558.6344000000001,Van
2224,LARGE VAN,D,218.54,1184.47424,15.31,2016-17,5.41994252768372,218.54,585.6872,Van
2225,LARGE VAN,D,204.31,724.203,10.01,2016-17,3.544628260975968,204.31,547.5508000000001,Van
YJ61DWK,LARGE TIPP,D,2978.53,28119.0,26.66,2016-17,9.44056296226662,2978.5300000000007,7982.460400000001,Truck
YJ61ECE,LARGE TIPP,D,2085.32,9206.0,12.83,2016-17,4.414670170525387,2085.32,5588.6576000000005,Truck
277,WELFARE,D,3212.83,23454.52116,20.62,2016-17,7.300268349087876,3212.83,8610.3844,Bus
281,WELFARE,D,2415.64,17810.56578,20.82,2016-17,7.373021551224521,2415.64,6473.9152,Bus
276,WELFARE,D,3816.75,26789.07364,19.82,2016-17,7.018818010087116,3816.75,10228.890000000001,Bus
275,WELFARE,D,3913.42,27020.8186,19.5,2016-17,6.904655927551859,3913.42,10487.965600000001,Bus
282,WELFARE,D,3503.43,23760.29576,19.16,2016-17,6.782009562057755,3503.43,9389.1924,Bus
280,WELFARE,D,4285.57,29598.98128,19.51,2016-17,6.906661489603484,4285.57,11485.3276,Bus
279,WELFARE,D,3514.9,24941.55132,20.04,2016-17,7.09594905118211,3514.9,9419.932,Bus
278,WELFARE,D,3050.05,22429.37158,20.77,2016-17,7.353771767675939,3050.05,8174.134000000001,Bus
283,WELFARE,D,3816.76,25588.506,18.94,2016-17,6.704248105723178,3816.76,10228.9168,Bus
274,WELFARE,D,2882.03,19939.7226,19.54,2016-17,6.91863811271916,2882.03,7723.840400000001,Bus
272,WELFARE,D,2053.52,15776.36002,21.7,2016-17,7.682593799914294,2053.52,5503.4336,Bus
273,WELFARE,D,2567.01,21706.77792,23.88,2016-17,8.456055067958442,2567.01,6879.586800000001,Bus
270,WELFARE,D,3066.2,23644.42328,21.78,2016-17,7.711311486530559,3066.2,8217.416,Bus
271,WELFARE,D,3185.07,24083.7731,21.36,2016-17,7.561458021330771,3185.07,8535.9876,Bus
YJ62HBF,LARGE TIPP,D,3823.36,18643.0,14.04,2016-17,4.876077586206897,3823.3599999999997,10246.604800000001,Truck
YJ62HPZ,LARGE TIPP,D,4064.31,23363.0,16.24,2016-17,5.748331205050796,4064.31,10892.3508,Truck
YJ62JZK,LARGE TIPP,D,2357.76,12447.0,15.32,2016-17,5.279163273615635,2357.76,6318.796800000001,Truck
YJ62KVY,GULLY TANK,D,4297.58,7446.0,4.89,2016-17,1.73260299982781,4297.58,11517.5144,Truck
1963,FLATBACK,D,1500.34,14337.610059999999,27.96,2016-17,9.55624062545823,1500.34,4020.9112,Truck
1962,FLATBACK,D,761.59,5566.70706,22.57,2016-17,7.30932268018225,761.59,2041.0612,Truck
YJ63YZE,GULLY TANK,D,2192.63,5946.5113,7.66,2016-17,2.712045032677652,2192.63,5876.2484,Truck
465,WELFARE,D,4535.59,30429.40072,18.95,2016-17,6.709028091163443,4535.59,12155.381200000002,Bus
463,WELFARE,D,4374.04,30920.24942,19.97,2016-17,7.069036730345402,4374.04,11722.4272,Bus
462,WELFARE,D,2930.56,21325.36434,20.55,2016-17,7.276890539692073,2930.56,7853.9008,Bus
461,WELFARE,D,3186.3,20982.57492,18.6,2016-17,6.585247754448733,3186.3,8539.284000000001,Bus
464,WELFARE,D,2908.53,20836.12498,20.23,2016-17,7.163799231914403,2908.53,7794.860400000001,Bus
467,WELFARE,D,3620.22,24304.25268,18.96,2016-17,6.713473954621543,3620.22,9702.1896,Bus
469,WELFARE,D,2779.65,19962.25336,20.28,2016-17,7.181570830859999,2779.65,7449.462,Bus
468,WELFARE,D,2381.4,14920.19114,17.72,2016-17,6.265302401948434,2381.4,6382.152000000001,Bus
471,WELFARE,D,3385.98,25339.0583,21.14,2016-17,7.483522731971246,3385.98,9074.4264,Bus
470,WELFARE,D,2456.51,18370.6161,21.12,2016-17,7.478339636313305,2456.51,6583.446800000001,Bus
472,WELFARE,D,3589.91,24555.30972,19.32,2016-17,6.840090620656229,3589.91,9620.9588,Bus
473,WELFARE,D,2361.07,13283.49236,15.89,2016-17,5.626047664829929,2361.07,6327.667600000001,Bus
474,WELFARE,D,3490.29,25002.70624,20.23,2016-17,7.163503960988915,3490.29,9353.977200000001,Bus
476,WELFARE,D,5260.68,37053.44416,19.89,2016-17,7.043470456290821,5260.68,14098.622400000002,Bus
475,WELFARE,D,3843.46,30241.107939999998,22.22,2016-17,7.868198950945241,3843.46,10300.472800000001,Bus
466,WELFARE,D,3056.72,25902.3273,23.93,2016-17,8.473895973461751,3056.72,8192.0096,Bus
487,WELFARE,D,2440.3,15647.61282,18.11,2016-17,6.412167692496824,2440.3,6540.004000000001,Bus
485,WELFARE,D,4596.16,32857.89478,20.19,2016-17,7.148988455580311,4596.16,12317.7088,Bus
477,WELFARE,D,3215.86,20626.91078,18.12,2016-17,6.414119638292711,3215.86,8618.5048,Bus
479,WELFARE,D,4182.29,31409.48878,21.21,2016-17,7.510117371105304,4182.29,11208.5372,Bus
478,WELFARE,D,4451.41,26972.5384,17.11,2016-17,6.059324663421253,4451.41,11929.7788,Bus
480,WELFARE,D,3020.44,22501.79188,21.04,2016-17,7.449839056561296,3020.44,8094.779200000001,Bus
481,WELFARE,D,2905.95,19572.79308,19.02,2016-17,6.735419769782688,2905.95,7787.946,Bus
483,WELFARE,D,2541.74,17990.81186,19.99,2016-17,7.07814798523846,2541.74,6811.8632,Bus
482,WELFARE,D,3266.48,27259.00092,23.57,2016-17,8.345068979451886,3266.48,8754.1664,Bus
484,WELFARE,D,3637.52,25054.20512,19.45,2016-17,6.88771611427566,3637.52,9748.553600000001,Bus
493,WELFARE,D,2883.55,21706.77792,21.26,2016-17,7.527796611815297,2883.55,7727.914000000001,Bus
495,WELFARE,D,3033.94,25171.68694,23.43,2016-17,8.296698992069718,3033.94,8130.9592,Bus
496,WELFARE,D,4067.52,29111.35126,20.21,2016-17,7.157027195932657,4067.52,10900.9536,Bus
494,WELFARE,D,3088.99,17540.19666,16.04,2016-17,5.678295060845132,3088.9899999999993,8278.4932,Bus
491,WELFARE,D,3300.26,23166.4493,19.83,2016-17,7.019583093453242,3300.26,8844.696800000002,Bus
492,WELFARE,D,3598.75,25181.34298,19.76,2016-17,6.997247094129906,3598.75,9644.650000000001,Bus
488,WELFARE,D,4253.85,35064.29992,23.28,2016-17,8.24295636188394,4253.85,11400.318000000001,Bus
490,WELFARE,D,3766.13,26903.33678,20.18,2016-17,7.143496581371329,3766.13,10093.228400000002,Bus
489,WELFARE,D,3770.48,30271.6854,22.68,2016-17,8.028602565190639,3770.48,10104.886400000001,Bus
486,WELFARE,D,3538.63,25815.42294,20.91,2016-17,7.295315684318507,3538.63,9483.528400000001,Bus
YJ64TSY,MED VAN,D,376.75,4420.85698,36.01,2016-17,11.734192382216323,376.75,1009.69,Van
4434,4 AXLE BIN,D,20408.71,12593.0,1.74,2016-17,0.6170404694858225,20408.71,54695.3428,Truck
4435,4 AXLE BIN,D,16505.6,8233.0,1.41,2016-17,0.4988004071345483,16505.6,44235.008,Truck
4433,4 AXLE BIN,D,20717.03,24920.0,3.41,2016-17,1.2028751225441099,20717.03,55521.6404,Truck
1965,FLATBACK,D,2385.4,19889.83306,23.55,2016-17,8.338154213129874,2385.4,6392.872,Truck
YJ65TPZ,MED VAN,D,1199.4,10368.97762,25.82,2016-17,8.645137251959312,1199.4,3214.3920000000003,Van
1077,SMALL VAN,D,1487.69,25359.97972,48.15,2016-17,17.04654848792423,1487.69,3987.0092000000004,Van
1078,SMALL VAN,D,1744.12,28915.01178,46.82,2016-17,16.578567862303053,1744.12,4674.2416,Van
297,WELFARE,D,676.5,4375.79546,20.21,2016-17,6.468285971914265,676.5,1813.0200000000002,Bus
295,WELFARE,D,639.66,4181.06532,20.35,2016-17,6.536387018103367,639.66,1714.2888,Bus
233,WELFARE,D,2284.26,14810.75602,18.85,2016-17,6.483831096285011,2284.26,6121.8168000000005,Bus
232,WELFARE,D,1559.61,11508.39034,21.75,2016-17,7.3790180493841415,1559.61,4179.7548,Bus
230,WELFARE,D,1101.27,6710.9478,17.86,2016-17,6.093826037211583,1101.27,2951.4036,Bus
234,WELFARE,D,1546.49,10842.12358,20.65,2016-17,7.010794495923025,1546.49,4144.5932,Bus
238,WELFARE,D,994.9,5849.9509,17.74,2016-17,5.879938586792642,994.9,2666.332,Bus
235,WELFARE,D,900.32,5510.38016,18.42,2016-17,6.120468455660209,900.32,2412.8576000000003,Bus
236,WELFARE,D,958.14,6471.15614,19.89,2016-17,6.753873275304236,958.1399999999999,2567.8152,Bus
237,WELFARE,D,1157.36,7393.30796,19.03,2016-17,6.388079733185872,1157.36,3101.7248,Bus
296,WELFARE,D,672.13,3901.04016,17.82,2016-17,5.8039964887744935,672.13,1801.3084000000001,Bus
239,WELFARE,D,1053.84,6784.97744,19.19,2016-17,6.438337356714492,1053.84,2824.2912,Bus
242,WELFARE,D,566.49,2887.15596,16.21,2016-17,5.096570036540804,566.49,1518.1932000000002,Bus
241,WELFARE,D,1058.33,4932.0,13.89,2016-17,4.6601721580225455,1058.33,2836.3244,Bus
240,WELFARE,D,613.62,3521.23592,17.39,2016-17,5.738463413839184,613.62,1644.5016,Bus
294,WELFARE,D,879.6,5993.18216,20.62,2016-17,6.813531332423829,879.6,2357.328,Bus
3901,HGV,D,1488.17,1773.0,4.04,2016-17,1.1913961442577123,1488.1700000000003,3988.2956000000004,Truck
78534,MED TIPPER,D,557.0,4332.34328,25.13,2016-17,7.777995116696589,557.0,1492.76,Truck
2623,MED TIPPER,D,735.01,11706.33916,48.69,2016-17,15.926775363600495,735.01,1969.8268,Truck
360,MINIBUS,D,59.21,328.30536,15.66,2016-17,5.544762033440297,59.21,158.68280000000001,Bus
1111,SMALL VAN,D,730.11,11112.4927,42.99,2016-17,15.220299269973019,730.11,1956.6948000000002,Van
YK12DFFR,SML SWEEPE,D,1358.68,2689.20714,5.79,2016-17,1.979279256337033,1358.68,3641.2624000000005,Truck
8532,SML SWEEPE,D,1614.84,,1.53,2016-17,,,4327.7712,Truck
1127,SMALL VAN,D,628.58,8325.115819999999,37.41,2016-17,13.24432183652041,628.58,1684.5944000000002,Van
5026,18TN D/M,D,6156.72,14419.0,6.61,2016-17,2.3419937889005835,6156.719999999999,16500.0096,Truck
5029,18TN D/M,D,5671.31,14170.0,7.06,2016-17,2.498540901484842,5671.31,15199.110800000002,Truck
5030,18TN D/M,D,4473.7,11563.0,7.3,2016-17,2.5846614659007088,4473.7,11989.516,Truck
5027,18TN D/M,D,4441.05,9899.0,6.3,2016-17,2.2289773814751017,4441.05,11902.014000000001,Truck
5032,18TN D/M,D,5288.95,14331.0,7.65,2016-17,2.709611548606056,5288.95,14174.386,Truck
5031,18TN D/M,D,4347.34,11548.0,7.5,2016-17,2.6563369784741933,4347.34,11650.871200000001,Truck
5033,18TN D/M,D,5514.41,14012.0,7.3,2016-17,2.5409789986598748,5514.41,14778.6188,Truck
5035,18TN D/M,D,5737.12,15541.0,7.65,2016-17,2.7088504336670662,5737.120000000001,15375.481600000001,Truck
5028,18TN D/M,D,5420.93,14349.0,7.48,2016-17,2.646962790517494,5420.93,14528.092400000001,Truck
5034,18TN D/M,D,6238.63,9790.0,4.43,2016-17,1.5692547883108952,6238.63,16719.528400000003,Truck
5036,18TN D/M,D,4905.29,12773.0,7.35,2016-17,2.6039235193026307,4905.29,13146.1772,Truck
5037,18TN D/M,D,5851.63,14335.0,6.92,2016-17,2.4497447719695193,5851.630000000001,15682.368400000001,Truck
5039,18TN D/M,D,6168.19,14523.0,6.79,2016-17,2.3544994560803088,6168.1900000000005,16530.7492,Truck
5040,18TN D/M,D,5534.43,13422.0,6.85,2016-17,2.425181997062028,5534.43,14832.272400000002,Truck
5038,18TN D/M,D,6117.66,9298.0,4.29,2016-17,1.5198621695223338,6117.66,16395.3288,Truck
5041,18TN D/M,D,6722.37,11481.0,4.82,2016-17,1.7078798102454937,6722.37,18015.9516,Truck
5042,18TN D/M,D,5629.02,12879.0,6.57,2016-17,2.287964867774497,5629.02,15085.773600000002,Truck
5043,18TN D/M,D,3797.37,9297.0,6.91,2016-17,2.448273410281326,3797.3700000000003,10176.9516,Truck
5044,18TN D/M,D,5873.1,9115.0,4.38,2016-17,1.5519912822870374,5873.1,15739.908000000001,Truck
4423,3 AXLE BIN,D,19699.21,35732.0,5.15,2016-17,1.8138798459430607,19699.21,52793.8828,Truck
4424,3 AXLE BIN,D,17184.1,12663.0,2.08,2016-17,0.73690213627714,17184.1,46053.388,Truck
4422,3 AXLE BIN,D,16993.39,26745.0,4.45,2016-17,1.5738472429574089,16993.39,45542.2852,Truck
4425,3 AXLE BIN,D,16969.13,16329.0,2.72,2016-17,0.9622767932121445,16969.13,45477.26840000001,Truck
4419,3 AXLE BIN,D,17341.29,20921.0,3.41,2016-17,1.2064269728491939,17341.29,46474.65720000001,Truck
4420,3 AXLE BIN,D,15698.0,11919.0,2.14,2016-17,0.7592686966492547,15698.0,42070.64,Truck
4427,3 AXLE BIN,D,15765.37,10795.0,1.93,2016-17,0.6847286172160881,15765.37,42251.191600000006,Truck
4421,3 AXLE BIN,D,14834.45,10686.0,2.03,2016-17,0.7203502657665096,14834.450000000003,39756.326,Truck
4426,3 AXLE BIN,D,13746.88,8745.0,1.8,2016-17,0.6361443469354501,13746.88,36841.6384,Truck
4428,3 AXLE BIN,D,14739.3,18764.0,3.6,2016-17,1.2730591005000238,14739.3,39501.324,Truck
4430,2 AXLE BIN,D,5791.77,13202.0,6.49,2016-17,2.279441345219164,5791.77,15521.943600000002,Truck
4429,2 AXLE BIN,D,11414.1,15856.0,3.92,2016-17,1.3891590226123829,11414.1,30589.788000000004,Truck
1555,MED VAN,D,1752.82,19780.39794,33.1,2016-17,11.284899727296585,1752.82,4697.5576,Van
4432,2 AXLE BIN,D,7894.28,19014.0,6.8,2016-17,2.408579376459918,7894.28,21156.6704,Truck
1230,SMALL VAN,D,355.67,4980.9073,41.99,2016-17,14.004294149070766,355.67,953.1956000000001,Van
1233,SMALL VAN,D,382.6,5709.93832,47.56,2016-17,14.924041610036591,382.6,1025.3680000000002,Van
1232,SMALL VAN,D,3029.84,51621.18984,48.82,2016-17,17.037595991867555,3029.8400000000006,8119.971200000001,Van
1235,SMALL VAN,D,553.69,8922.18096,49.13,2016-17,16.11403666311474,553.69,1483.8892000000003,Van
1844,LARGE VAN,D,237.6,2156.5156,25.64,2016-17,9.076244107744108,237.60000000000002,636.768,Van
78004,SMALL VAN,D,232.86,2101.79804,25.49,2016-17,9.026015803487073,232.86,624.0648000000001,Van
784500,3 AXLE BIN,D,2400.1,4789.0,5.64,2016-17,1.9953335277696764,2400.1,6432.268,Truck
1929,MED TIPPER,D,155.33,1654.40152,30.08,2016-17,10.650882121933945,155.33,416.28440000000006,Truck
4100,FLATBACK,D,513.17,1995.5816,10.98,2016-17,3.888733947814565,513.17,1375.2956,Truck
784451,3 AXLE BIN,D,733.5,805.0,3.1,2016-17,1.0974778459441037,733.5,1965.7800000000002,Truck
784454,3 AXLE BIN,D,797.1,938.0,3.32,2016-17,1.1767657759377743,797.1,2136.228,Truck
784452,3 AXLE BIN,D,707.93,678.0,2.71,2016-17,0.957721808653398,707.93,1897.2524,Truck
78074,MINIBUS,D,753.7,6164.0,23.1,2016-17,8.178320286586175,753.7,2019.9160000000002,Bus
1956,MED VAN,D,835.31,6390.68914,21.61,2016-17,7.650679556092949,835.31,2238.6308,Van
1957,MED VAN,D,1428.79,11083.52458,21.91,2016-17,7.7572803421076575,1428.79,3829.1572,Van
1958,FLATBACK,D,474.81,4591.44702,27.31,2016-17,9.670072281544195,474.81,1272.4908,Truck
776,SMALL VAN,D,159.52,2782.54886,49.27,2016-17,17.443260155466398,159.52,427.51360000000005,Van
791,SMALL VAN,D,42.31,782.13924,52.21,2016-17,18.485919168045378,42.31,113.39080000000001,Van
1104,SMALL VAN,D,1514.27,18618.45446,34.73,2016-17,12.295333368553825,1514.27,4058.2436000000002,Van
1108,SMALL VAN,D,1321.72,14036.66348,30.0,2016-17,10.619997790757497,1321.72,3542.2096,Van
1103,SMALL VAN,D,1535.87,19542.21562,35.94,2016-17,12.723873517940971,1535.87,4116.1316,Van
1106,SMALL VAN,D,1191.55,13363.95936,31.68,2016-17,11.215609382736773,1191.55,3193.3540000000003,Van
1107,SMALL VAN,D,1700.93,18132.43378,30.11,2016-17,10.660305703350518,1700.9300000000003,4558.4924,Van
1105,SMALL VAN,D,908.62,9771.912479999999,30.38,2016-17,10.754674649468424,908.62,2435.1016,Van
770,SMALL VAN,D,149.99,2634.48958,49.61,2016-17,17.5644348289886,149.99,401.9732000000001,Van
784,SMALL VAN,D,106.27,1990.75358,52.91,2016-17,18.732978074715348,106.27,284.8036,Van
771,SMALL VAN,D,214.33,4348.43668,57.3,2016-17,20.288511547613492,214.33,574.4044000000001,Van
YK58YZE,MED VAN,D,820.22,6955.56748,23.95,2016-17,8.48012421057765,820.22,2198.1896,Van
4475,3 AXLE BIN,D,11629.89,13489.0,3.28,2016-17,1.159856198123972,11629.890000000001,31168.1052,Truck
4477,3 AXLE BIN,D,12258.75,13722.0,3.16,2016-17,1.1193637197919852,12258.75,32853.450000000004,Truck
4478,3 AXLE BIN,D,11383.8,12324.0,3.06,2016-17,1.082591050440099,11383.800000000001,30508.584,Truck
4476,3 AXLE BIN,D,11445.67,13943.0,3.45,2016-17,1.2181899355826264,11445.67,30674.395600000003,Truck
4479,3 AXLE BIN,D,14254.84,14986.0,2.97,2016-17,1.0512920523836113,14254.840000000002,38202.9712,Truck
4474,3 AXLE BIN,D,12376.31,13650.0,3.12,2016-17,1.1029135501615588,12376.309999999998,33168.510800000004,Truck
4480,3 AXLE BIN,D,12402.01,14274.0,3.25,2016-17,1.1509424681966876,12402.009999999998,33237.3868,Truck
YK59VRL,MINIBUS,D,396.21,5170.80942,36.86,2016-17,13.050678730975998,396.21,1061.8428,Bus
78058,LARGE VAN,D,2828.65,21544.23458,21.51,2016-17,7.616437021193856,2828.65,7580.782000000001,Van
YK61AZV,SML SWEEPE,D,611.01,596.0,2.89,2016-17,0.9754341172812229,611.01,1637.5068,Truck
1466,MED VAN,D,578.07,5977.08876,29.2,2016-17,10.33973179718719,578.07,1549.2276000000002,Van
769,SMALL VAN,D,90.03,1730.0405,54.27,2016-17,19.21626679995557,90.03,241.28040000000001,Van
1464,MED VAN,D,360.5,3178.4465,24.9,2016-17,8.81677253814147,360.50000000000006,966.1400000000001,Van
1468,MED VAN,D,130.0,616.37722,26.78,2016-17,4.74136323076923,130.0,348.40000000000003,Van
1874,MED VAN,D,2086.04,18914.57302,25.61,2016-17,9.067214923970777,2086.04,5590.5872,Van
1005,SMALL VAN,D,163.04,1823.38222,31.59,2016-17,11.183649533856723,163.04,436.9472,Van
1004,SMALL VAN,D,37.67,461.88058,34.63,2016-17,12.26123121847624,37.67,100.9556,Van
1003,SMALL VAN,D,391.44,4760.42772,34.35,2016-17,12.161321581851624,391.44,1049.0592000000001,Van
1202,SMALL VAN,D,516.1,6353.67432,37.58,2016-17,12.31093648517729,516.1,1383.1480000000001,Van
1203,SMALL VAN,D,360.51,4921.36172,40.71,2016-17,13.651110149510416,360.51,966.1668000000001,Van
1204,SMALL VAN,D,361.68,4815.14528,42.9,2016-17,13.313274939172748,361.68,969.3024,Van
1205,SMALL VAN,D,115.66,1091.1325199999999,42.82,2016-17,9.43396610755663,115.66000000000001,309.9688,Van
1206,SMALL VAN,D,779.01,11238.02122,43.08,2016-17,14.426029473305864,779.01,2087.7468,Van
1593,MED VAN,D,1132.24,10232.183719999999,27.08,2016-17,9.037115558538824,1132.24,3034.4032,Van
1214,SMALL VAN,D,418.3,6197.56834,46.39,2016-17,14.816084962945254,418.3,1121.044,Van
1210,SMALL VAN,D,410.11,4977.68862,38.14,2016-17,12.13744756284899,410.11,1099.0948,Van
1211,SMALL VAN,D,920.69,12300.18562,39.55,2016-17,13.359747167884954,920.6900000000002,2467.4492000000005,Van
1213,SMALL VAN,D,3724.06,61768.07854,47.42,2016-17,16.586220023307895,3724.06,9980.480800000001,Van
1594,MED VAN,D,891.65,9237.6116,31.56,2016-17,10.360131890315706,891.6500000000001,2389.6220000000003,Van
1596,MED VAN,D,955.45,9417.85768,29.87,2016-17,9.856986425244648,955.45,2560.606,Van
1247D,SMALL VAN,D,278.12,3505.14252,35.6,2016-17,12.60298619301021,278.12,745.3616000000001,Van
1240D,SMALL VAN,D,130.32,1610.94934,34.91,2016-17,12.36148971761817,130.32,349.2576,Van
1231D,SMALL VAN,D,221.2,2735.878,34.93,2016-17,12.368345388788429,221.2,592.816,Van
1245D,SMALL VAN,D,314.88,4161.75324,37.33,2016-17,13.216950076219513,314.88,843.8784,Van
1253D,SMALL VAN,D,134.1,1794.4141,37.79,2016-17,13.381164056674123,134.1,359.38800000000003,Van
1254D,SMALL VAN,D,266.0,3579.17216,38.0,2016-17,13.455534436090225,266.0,712.88,Van
1177,SMALL VAN,D,375.32,5375.1956,40.45,2016-17,14.321633805819035,375.32,1005.8576,Van
1175,SMALL VAN,D,908.47,11910.725339999999,37.03,2016-17,13.110752517969772,908.47,2434.6996000000004,Van
1176,SMALL VAN,D,1302.28,18071.27886,39.19,2016-17,13.876646235832538,1302.28,3490.1104,Van
1178,SMALL VAN,D,427.51,6966.8328599999995,46.03,2016-17,16.29630385254146,427.51,1145.7268000000001,Van
1483,MED VAN,D,961.31,11304.00416,33.21,2016-17,11.75895825488136,961.31,2576.3108,Van
1484,MED VAN,D,960.82,10832.46754,31.84,2016-17,11.274190316604566,960.82,2574.9976,Van
1501,MED VAN,D,1041.0,11547.0145,31.33,2016-17,11.092232949087416,1041.0,2789.88,Van
1502,MED VAN,D,1274.12,13605.36036,30.16,2016-17,10.678240950616898,1274.12,3414.6416,Van
1503,MED VAN,D,1035.95,12478.82236,34.02,2016-17,12.045776688064095,1035.95,2776.3460000000005,Van
1505,MED VAN,D,1049.25,10454.27264,28.14,2016-17,9.963566966881105,1049.25,2811.9900000000002,Van
1482,MED VAN,D,1088.38,12799.08102,33.21,2016-17,11.759753964607947,1088.38,2916.8584000000005,Van
1891,LARGE VAN,D,3727.87,28533.5982,21.62,2016-17,7.654129087119455,3727.87,9990.6916,Van
1506,MED VAN,D,1448.87,15065.03174,29.37,2016-17,10.397780159710672,1448.87,3882.9716,Van
1507,MED VAN,D,1805.13,20517.47566,32.1,2016-17,11.366203907751796,1805.13,4837.7484,Van
1508,MED VAN,D,1153.56,13330.16322,32.64,2016-17,11.555673931134923,1153.56,3091.5408,Van
1509,MED VAN,D,2219.62,27450.51238,34.93,2016-17,12.367212576927583,2219.62,5948.5816,Van
1510,MED VAN,D,998.07,10732.68846,30.37,2016-17,10.753442604226155,998.07,2674.8276,Van
1511,MED VAN,D,1363.66,14041.4915,29.08,2016-17,10.296915286801696,1363.66,3654.6088000000004,Van
1512,MED VAN,D,1483.48,16045.1198,30.55,2016-17,10.815865262760536,1483.48,3975.7264000000005,Van
1513,MED VAN,D,1011.66,12253.51476,36.56,2016-17,12.112285510942412,1011.66,2711.2488000000003,Van
1514,MED VAN,D,850.91,12036.25386,39.95,2016-17,14.145155022270277,850.91,2280.4388,Van
1515,MED VAN,D,776.34,9557.87026,34.77,2016-17,12.311448927016512,776.34,2080.5912000000003,Van
1516,MED VAN,D,900.59,9104.03638,28.55,2016-17,10.108968986997413,900.5899999999999,2413.5812,Van
1517,MED VAN,D,2027.6,20202.04502,28.14,2016-17,9.96352585322549,2027.6,5433.968,Van
1518,MED VAN,D,1302.12,14723.85166,31.94,2016-17,11.307599652873776,1302.12,3489.6816,Van
95,MED VAN,D,901.57,8820.79254,27.63,2016-17,9.783813281275997,901.57,2416.2076,Van
1750,MED VAN,D,2125.01,21363.9885,28.4,2016-17,10.053594336026652,2125.01,5695.026800000001,Van
1602,MED VAN,D,320.24,2278.82544,25.22,2016-17,7.115992505620785,320.24,858.2432000000001,Van
1360,MED VAN,D,327.97,2505.74238,26.29,2016-17,7.640157270482056,327.97,878.9596000000001,Van
1359,MED VAN,D,216.76,1815.33552,32.12,2016-17,8.374863997047427,216.75999999999996,580.9168,Van
YM16VMJ,MINIBUS,D,2142.72,30350.54306,41.26,2016-17,14.164493288903824,2142.72,5742.4896,Bus
YM16VOB,MINIBUS,D,506.03,5631.08066,34.59,2016-17,11.127958144774025,506.03,1356.1604,Bus
917,SMALL VAN,D,758.39,10537.95832,39.25,2016-17,13.895170453196904,758.39,2032.4852,Van
YN14ORH,MED TIPPER,D,5240.76,36338.8972,19.58,2016-17,6.933898365885863,5240.76,14045.2368,Truck
YN15LND,MINIBUS,D,1126.99,15293.55802,38.33,2016-17,13.57026949662375,1126.99,3020.3332,Bus
YN64LMU,MED TIPPER,D,3486.31,26956.445,21.84,2016-17,7.7320849264695335,3486.31,9343.310800000001,Truck
YN64LUO,MED TIPPER,D,1335.81,11347.45634,23.99,2016-17,8.494813139593207,1335.81,3579.9708,Truck
YN65NFM,MED VAN,D,822.3,10439.78858,35.86,2016-17,12.695839207102033,822.3,2203.764,Van
YN66NRL,MINIBUS,D,1447.49,8212.0,16.31,2016-17,5.673268899957858,1447.49,3879.2732,Bus
78080,MINIBUS,D,288.15,2116.2821,26.31,2016-17,7.34437653999653,288.15,772.242,Bus
YO65LLT,LARGE VAN,D,2347.94,19321.73604,23.87,2016-17,8.229229043331602,2347.94,6292.479200000001,Van
,MASTER,D,417.09,,,2016-17,,,1117.8012,Van
YOUTH MAS,MASTER,D,907.25,,,2016-17,,,2431.4300000000003,Van
75,WELFARE,D,649.71,7150.29762,31.08,2016-17,11.005367964168629,649.71,1741.2228000000002,Bus
1872,LARGE VAN,D,1759.57,18663.51598,29.96,2016-17,10.606861892394164,1759.5700000000002,4715.6476,Van
86,CAR,D,1147.09,13532.94006,33.32,2016-17,11.797627091161113,1147.09,3074.2012,Car
YP63YRF,MED TIPPER,D,165.73,1226.31708,20.9,2016-17,7.399487600313764,165.73,444.1564,Truck
YR14JXY,MED TIPPER,D,3044.82,19658.0881,18.24,2016-17,6.456239810563514,3044.82,8160.1176000000005,Truck
YR14KAJ,CAR,D,567.42,9480.621939999999,47.19,2016-17,16.708297099150542,567.42,1520.6856,Car
YR16JHV,CAR,D,1711.35,21223.97592,36.27,2016-17,12.401890858094488,1711.35,4586.418,Car
YS15LOD,MINIBUS,D,260.0,5145.05998,55.89,2016-17,19.788692230769232,260.0,696.8000000000001,Bus
78016,MINIBUS,D,260.0,2113.06342,22.95,2016-17,8.127167,260.0,696.8000000000001,Bus
926,SMALL VAN,D,717.52,9635.11858,37.93,2016-17,13.42836238711116,717.52,1922.9536,Van
923,SMALL VAN,D,710.08,9068.6309,36.07,2016-17,12.771280559936908,710.08,1903.0144000000003,Van
1870,LARGE VAN,D,2113.11,23525.33212,31.44,2016-17,11.133037144303891,2113.11,5663.134800000001,Van
1873,LARGE VAN,D,1168.02,10972.48012,26.53,2016-17,9.39408582044828,1168.02,3130.2936,Van
1864,LARGE VAN,D,1349.27,9118.52044,19.09,2016-17,6.758113972740816,1349.27,3616.0436,Van
YT12GUF,MED TIPPER,D,224.99,946.29192,15.74,2016-17,4.205928796835415,224.99,602.9732,Truck
78003,4 X 4,D,307.13,1878.09978,21.81,2016-17,6.114999446488458,307.13,823.1084000000001,Car
905,SMALL VAN,D,173.97,2203.18646,35.77,2016-17,12.664174627809391,173.97,466.23960000000005,Van
1869,LARGE VAN,D,1491.31,10228.96504,19.37,2016-17,6.85904677095976,1491.31,3996.7108000000003,Van
4400,4 AXLE BIN,D,15016.13,11190.0,2.1,2016-17,0.7451986630376802,15016.13,40243.2284,Truck
YT64FZC,MED VAN,D,1681.66,17802.51908,29.9,2016-17,10.586277297432298,1681.6599999999999,4506.848800000001,Van
YT64GFO,MED VAN,D,325.0,3220.28934,27.99,2016-17,9.908582584615385,325.0,871.0,Van
4431,2 AXLE BIN,D,14272.07,10525.0,2.08,2016-17,0.737454342642658,14272.070000000002,38249.147600000004,Truck
YX15RVE,CAR,D,275.09,4150.48786,42.61,2016-17,15.08774531971355,275.09,737.2411999999999,Car
YX65XRN,SMALL VAN,D,140.92,1437.14062,39.45,2016-17,10.198272920806131,140.92,377.6656,Van
YX65XRP,MED VAN,D,722.73,12210.06258,49.2,2016-17,16.89436245900959,722.73,1936.9164,Van
U1,Jaguar XJL Portfolio V6 D Limousine,D,780.946580912863,6662.6676,24.1,2018-19,8.53152797238946,780.946580912863,2092.936836846473,Car
FL65FBA,Vauxhall CORSA  CDTI Car,D,197.3668341463415,3151.08772,45.1,2018-19,15.96563948360019,197.3668341463415,528.9431155121953,Car
MJ16XMY,Vauxhall Mokka 4x4 Utility Vehicle,D,526.028250628859,8143.2604,43.73,2018-19,15.480652208821203,526.028250628859,1409.7557116853422,Car
YD16NAK,Peugeot 308 Car Car,D,3587.7643210595534,67606.76406,53.23,2018-19,18.84370265436892,3587.764321059553,9615.208380439604,Car
YH17VCF,Peugeot Expert Combi 9 seat MPV,D,1100.6712211382114,14377.84356,36.9,2018-19,13.06279594112743,1100.6712211382114,2949.798872650407,Van
YC59GZB,Ford Kuga Zetec 4x4 Utility Vehicle,D,487.30956919468343,6619.2154199999995,38.37,2018-19,13.583183746912178,487.30956919468343,1305.9896454417517,Car
YG10TZO,Peugeot Expert Welfare MPV Welfare,D,864.7453804347826,9575.573,31.28,2018-19,11.073286098603415,864.7453804347826,2317.5176195652175,Van
YG10KZK,Peugeot Expert Welfare MPV Welfare,D,859.2684861529201,10105.04586,33.22,2018-19,11.760056400115262,859.2684861529201,2302.839542889826,Van
YP59ZSK,Ford Mondeo car Car,D,521.9065543562067,4792.61452,25.94,2018-19,9.182897742895543,521.9065543562067,1398.709565674634,Car
YD14UWM,Peugeot Expert Tepee MPV,D,895.2884763231199,11378.0338,35.9,2018-19,12.708790631069775,895.2884763231199,2399.3731165459612,Van
YF13TLN,Ford Fiesta 1.4 TDi Van Car Derived Van,D,264.2243887089311,4042.66208,43.22,2018-19,15.300109500691802,264.2243887089311,708.1213617399353,Van
YB13YCG,Ford Fiesta 1.4 TDi Van Car Derived Van,D,584.2943352678573,9266.57972,44.8,2018-19,15.859437890582893,584.2943352678573,1565.9088185178575,Van
YJ16CVB,Volkswagen CR50 Welfare Treka Welfare Bus,D,2566.973232758621,16865.8832,18.56,2018-19,6.570338554670056,2566.973232758621,6879.488263793105,Bus
YJ16CVA,Volkswagen CR50 Welfare Treka Welfare Bus,D,2573.097008859358,16450.67348,18.06,2018-19,6.3933358996412295,2573.097008859358,6895.89998374308,Bus
YJ16CVX,Volkswagen CR50 Welfare Treka Welfare Bus,D,3044.378588588589,21532.9692,19.98,2018-19,7.073026094951924,3044.378588588589,8158.934617417419,Bus
YJ16CVR,Volkswagen CR50 Welfare Treka Welfare Bus,D,1740.2564511446121,11033.63504,17.91,2018-19,6.3402351031325805,1740.2564511446121,4663.887289067561,Bus
YJ16CVS,Volkswagen CR50 Welfare Treka Welfare Bus,D,4422.504728150408,30810.8143,19.68,2018-19,6.966824501934627,4422.504728150408,11852.312671443093,Bus
YJ16CVT,Volkswagen CR50 Welfare Treka Welfare Bus,D,1188.5682657381617,7552.63262,17.95,2018-19,6.354395315534887,1188.5682657381617,3185.3629521782736,Bus
YJ16CRZ,Volkswagen CR50 Welfare Treka Welfare Bus,D,2246.565324986391,14609.58852,18.37,2018-19,6.503077545759103,2246.565324986391,6020.795070963528,Bus
YJ16CRX,Volkswagen CR50 Welfare Treka Welfare Bus,D,2995.2559397530867,21471.81428,20.25,2018-19,7.168607528667491,2995.2559397530867,8027.285918538273,Bus
YJ16 CRV,Volkswagen CR50 Welfare Treka Welfare Bus,D,3839.942653998026,27540.63542,20.26,2018-19,7.172147581768068,3839.942653998026,10291.04631271471,Bus
YJ16CUO,Volkswagen CR50 Welfare Treka Welfare Bus,D,3177.8301928494043,20766.92336,18.46,2018-19,6.534938023664291,3177.8301928494043,8516.584916836404,Bus
YJ16CUC,Volkswagen CR50 Welfare Treka Welfare Bus,D,2785.173895671476,17767.1136,18.02,2018-19,6.3791756872389245,2785.173895671476,7464.266040399557,Bus
YJ16CVF,Volkswagen CR50 Welfare Treka Welfare Bus,D,2417.4240798045603,15763.4853,18.42,2018-19,6.520777811261985,2417.4240798045603,6478.696533876222,Bus
YJ16CPY,Volkswagen CR50 Welfare Treka Welfare Bus,D,2357.5338674638765,16750.01072,20.07,2018-19,7.104886572857113,2357.5338674638765,6318.190764803189,Bus
YJ16CPX,Volkswagen CR50 Welfare Treka Welfare Bus,D,1936.9030743842366,13919.18166,20.3,2018-19,7.186307794170375,1936.9030743842366,5190.900239349754,Bus
YJ16CPZ,Volkswagen CR50 Welfare Treka Welfare Bus,D,2040.7648008542449,13531.33072,18.73,2018-19,6.630519457379857,2040.7648008542449,5469.249666289376,Bus
YJ16CPU,Volkswagen CR50 Welfare Treka Welfare Bus,D,2066.676440789474,15568.75516,21.28,2018-19,7.533232998026875,2066.676440789474,5538.692861315791,Bus
YJ16CPN,Volkswagen CR50 Welfare Treka Welfare Bus,D,1994.0700852442676,14160.58266,20.06,2018-19,7.101346519756537,1994.0700852442676,5344.1078284546375,Bus
YJ16CSZ,Volkswagen CR50 Welfare Treka Welfare Bus,D,3017.6378471131648,23127.82514,21.65,2018-19,7.664214962748206,3017.6378471131648,8087.269430263282,Bus
YJ16CRF,Volkswagen CR50 Welfare Treka Welfare Bus,D,1904.7222110045434,13357.522,19.81,2018-19,7.012845192242124,1904.7222110045434,5104.655525492177,Bus
YJ16CSY,Volkswagen CR50 Welfare Treka Welfare Bus,D,2773.3243972350238,21304.44292,21.7,2018-19,7.681915228251089,2773.3243972350238,7432.509384589864,Bus
YJ16CPV,Volkswagen CR50 Welfare Treka Welfare Bus,D,2647.0792329297824,19350.70416,20.65,2018-19,7.310209652690554,2647.0792329297824,7094.172344251817,Bus
YJ16CTV,Volkswagen CR50 Welfare Treka Welfare Bus,D,2223.8980810810813,14273.23646,18.13,2018-19,6.418116271345266,2223.8980810810813,5960.046857297298,Bus
YJ16CSU,Volkswagen CR50 Welfare Treka Welfare Bus,D,3851.2967067156355,25986.01298,19.06,2018-19,6.747341209698883,3851.2967067156355,10321.475173997904,Bus
YJ16CSV,Volkswagen CR50 Welfare Treka Welfare Bus,D,2057.5881821601292,13555.47082,18.61,2018-19,6.588038820172939,2057.5881821601292,5514.336328189147,Bus
YJ16CUV,Volkswagen CR50 Welfare Treka Welfare Bus,D,2933.2300361565135,20964.87218,20.19,2018-19,7.147367210064032,2933.2300361565135,7861.056496899457,Bus
YJ16CSF,Volkswagen CR50 Welfare Treka Welfare Bus,D,2328.9523292503677,16827.25904,20.41,2018-19,7.225248378276716,2328.9523292503677,6241.592242390986,Bus
YJ16CSX,Volkswagen CR50 Welfare Treka Welfare Bus,D,2887.498071164998,19390.93766,18.97,2018-19,6.715480731793694,2887.498071164998,7738.494830722195,Bus
YJ16CPO,Volkswagen CR50 Welfare Treka Welfare Bus,D,2123.132533852898,15430.35192,20.53,2018-19,7.267729015483635,2123.132533852898,5689.995190725767,Bus
YJ16CRK,Volkswagen CR50 Welfare Treka Welfare Bus,D,750.8425522312374,5241.62038,19.72,2018-19,6.980984714336936,750.8425522312374,2012.2580399797164,Bus
YJ66EAF,Volkswagen CR50 Welfare Treka Welfare Bus,D,2197.835713382508,14767.30384,18.98,2018-19,6.719020784894272,2197.835713382508,5890.199711865122,Bus
YJ66EAA,Volkswagen CR50 Welfare Treka Welfare Bus,D,2526.3271571428572,18154.96454,20.3,2018-19,7.186307794170375,2526.3271571428572,6770.556781142858,Bus
YJ66EAE,Volkswagen CR50 Welfare Treka Welfare Bus,D,3125.6015884057974,22904.12688,20.7,2018-19,7.327909918193436,3125.6015884057974,8376.612256927538,Bus
YJ66EAG,Volkswagen CR50 Welfare Treka Welfare Bus,D,3790.812479424889,27067.48946,20.17,2018-19,7.14028710386288,3790.812479424889,10159.377444858703,Bus
YJ66EAM,Volkswagen CR50 Welfare Treka Welfare Bus,D,2752.9626175858484,18731.10826,19.22,2018-19,6.803982059308108,2752.9626175858484,7377.939815130074,Bus
YJ66EAO,Volkswagen CR50 Welfare Treka Welfare Bus,D,2200.234137281292,17361.55992,22.29,2018-19,7.890778361185106,2200.234137281292,5896.627487913863,Bus
YJ66EAP,Volkswagen CR50 Welfare Treka Welfare Bus,D,2608.6950301556426,18986.99332,20.56,2018-19,7.278349174785364,2608.6950301556426,6991.302680817123,Bus
YJ66EAK,Volkswagen CR50 Welfare Treka Welfare Bus,D,2133.939062061522,13998.03932,18.53,2018-19,6.559718395368328,2133.939062061522,5718.956686324878,Bus
YJ66EBF,Volkswagen CR50 Welfare Treka Welfare Bus,D,2527.402682761542,21124.19684,23.61,2018-19,8.358065370461208,2527.402682761542,6773.4391898009335,Bus
YJ66EBL,Volkswagen CR50 Welfare Treka Welfare Bus,D,1699.8798359412046,12691.25524,21.09,2018-19,7.46597198911592,1699.8798359412046,4555.677960322429,Bus
YJ66EBK,Volkswagen CR50 Welfare Treka Welfare Bus,D,3623.9335808538162,29750.25924,23.19,2018-19,8.209383140236994,3623.9335808538162,9712.141996688228,Bus
YJ66EBG,Volkswagen CR50 Welfare Treka Welfare Bus,D,2690.54835673516,16687.24646,17.52,2018-19,6.202173032210096,2690.54835673516,7210.669596050228,Bus
YE09BXG,Mercedes Sprinter 511 CDi Wel Welfare Bus,D,1854.6249578564,12618.83494,19.22,2018-19,6.803982059308107,1854.6249578564,4970.394887055152,Van
YE09BXC,Mercedes Sprinter 511 CDi Wel Welfare Bus,D,1699.7000760925453,11703.12048,19.45,2018-19,6.885403280621368,1699.7000760925453,4555.1962039280215,Van
YJ11LWW,Volkswagen CR50 Welfare Mellor Welfare Bus,D,1200.4179037081342,7105.2361,16.72,2018-19,5.918968784163972,1200.4179037081342,3217.1199819378,Bus
YJ11LWO,Volkswagen CR50 Welfare Mellor Welfare Bus,D,734.1388227571116,3563.07876,13.71,2018-19,4.853412800890435,734.1388227571116,1967.4920449890592,Bus
YJ11LWS,Volkswagen CR50 Welfare Mellor Welfare Bus,D,1688.2987271565496,9353.48408,15.65,2018-19,5.540183102402284,1688.2987271565496,4524.640588779554,Bus
YJ11LWT,Volkswagen CR50 Welfare Mellor Welfare Bus,D,2634.146308278314,18360.96006,19.69,2018-19,6.970364555035206,2634.146308278314,7059.512106185882,Bus
YJ11LWV,Volkswagen CR50 Welfare Mellor Welfare Bus,D,2242.1492427184467,17168.43912,21.63,2018-19,7.657134856547054,2242.1492427184467,6008.959970485437,Bus
YJ11LWU,Volkswagen CR50 Welfare Mellor Welfare Bus,D,1233.4862631296892,8148.08842,18.66,2018-19,6.605739085675823,1233.4862631296892,3305.743185187567,Bus
YJ11LWX,Volkswagen CR50 Welfare Mellor Welfare Bus,D,1438.8349509476031,9137.83252,17.94,2018-19,6.350855262434312,1438.8349509476031,3856.0776685395767,Bus
YJ11LWY,Volkswagen CR50 Welfare Mellor Welfare Bus,D,1959.6040578947368,13180.4946,19.0,2018-19,6.726100891095425,1959.6040578947368,5251.738875157895,Bus
YJ11LWR,Volkswagen CR50 Welfare Mellor Welfare Bus,D,2438.5050393057686,16910.94472,19.59,2018-19,6.93496402402944,2438.5050393057686,6535.19350533946,Bus
YJ11LWZ,Volkswagen CR50 Welfare Mellor Welfare Bus,D,1504.387786366403,8749.98158,16.43,2018-19,5.816307244247254,1504.387786366403,4031.75926746196,Bus
YJ11LXA,Volkswagen CR50 Welfare Mellor Welfare Bus,D,1187.1628144388044,7451.2442,17.73,2018-19,6.276514147322204,1187.1628144388044,3181.596342695996,Bus
YJ11LWP,Volkswagen CR50 Welfare Mellor Welfare Bus,D,1789.3335136809499,12269.60816,19.37,2018-19,6.857082855816757,1789.3335136809499,4795.413816664946,Bus
YJ62EWX,Volkswagen CR50 Welfare Mellor Welfare Bus,D,954.4193705994293,7102.01742,21.02,2018-19,7.441191617411885,954.4193705994293,2557.8439132064705,Bus
YJ62EXB,Volkswagen CR50 Welfare Mellor Welfare Bus,D,1785.4723195219124,15864.87372,25.1,2018-19,8.885533282447113,1785.4723195219124,4785.065816318725,Bus
YJ62EWR,Volkswagen CR50 Welfare Mellor Welfare Bus,D,1136.2900823108387,7868.06326,19.56,2018-19,6.924343864727709,1136.2900823108387,3045.2574205930478,Bus
YJ62EWT,Volkswagen CR50 Welfare Mellor Welfare Bus,D,1630.4647012750456,12675.16184,21.96,2018-19,7.77395660886608,1630.4647012750456,4369.6453994171225,Bus
YJ62EUF,Volkswagen CR50 Welfare Mellor Welfare Bus,D,1217.9583641732286,8761.24696,20.32,2018-19,7.193387900371527,1217.9583641732286,3264.1284159842526,Bus
YJ62EOC,Volkswagen CR50 Welfare Mellor Welfare Bus,D,2244.294169281978,16708.16788,21.03,2018-19,7.444731670512462,2244.294169281978,6014.708373675702,Bus
YJ62ENY,Volkswagen CR50 Welfare Mellor Welfare Bus,D,984.2252238163559,7285.48218,20.91,2018-19,7.402251033305543,984.225223816356,2637.723599827834,Bus
YJ62EKU,Volkswagen CR50 Welfare Mellor Welfare Bus,D,1652.0717335972854,10340.0095,17.68,2018-19,6.258813881819321,1652.0717335972854,4427.552246040726,Bus
YJ62ETV,Volkswagen CR50 Welfare Mellor Welfare Bus,D,1915.6059805687205,14308.64194,21.1,2018-19,7.469512042216498,1915.6059805687205,5133.824027924171,Bus
YJ62ESN,Volkswagen CR50 Welfare Mellor Welfare Bus,D,1998.1224447248867,14012.52338,19.81,2018-19,7.012845192242124,1998.1224447248867,5354.968151862697,Bus
YJ62EPX,Volkswagen CR50 Welfare Mellor Welfare Bus,D,1970.5889613428283,13714.79548,19.66,2018-19,6.959744395733476,1970.5889613428283,5281.17841639878,Bus
YJ62ENF,Volkswagen CR50 Welfare Mellor Welfare Bus,D,1743.0683378183567,12840.92386,20.81,2018-19,7.366850502299778,1743.0683378183567,4671.423145353197,Bus
YJ62EPF,Volkswagen CR50 Welfare Mellor Welfare Bus,D,2456.0505399361023,19049.75758,21.91,2018-19,7.756256343363198,2456.0505399361023,6582.215447028754,Bus
YJ62EUA,Volkswagen CR50 Welfare Mellor Welfare Bus,D,1158.4820303186023,7980.71706,19.46,2018-19,6.8889433337219455,1158.4820303186023,3104.7318412538543,Bus
YB63HPY,Volkswagen CR50 Welfare Mellor Welfare Bus,D,2621.136868834081,16553.67124,17.84,2018-19,6.315454731428546,2621.136868834081,7024.646808475337,Bus
YG14DRO,Volkswagen CR50 Welfare Mellor Welfare Bus,D,2240.3165304226663,17075.0974,21.53,2018-19,7.621734325541288,2240.3165304226663,6004.048301532746,Bus
YG14LGD,Volkswagen CR50 Welfare Mellor Welfare Bus,D,1882.556059053197,13655.2499,20.49,2018-19,7.253568803081328,1882.556059053197,5045.250238262568,Bus
YG14LFZ,Volkswagen CR50 Welfare Mellor Welfare Bus,D,2262.5033420289856,16579.42068,20.7,2018-19,7.327909918193436,2262.5033420289856,6063.508956637682,Bus
YG14RHZ,Volkswagen CR50 Welfare Mellor Welfare Bus,D,2450.890206596427,18940.32246,21.83,2018-19,7.727935918558584,2450.890206596427,6568.385753678425,Bus
YG14YKN,Volkswagen CR50 Welfare Mellor Welfare Bus,D,1914.8187089322382,13204.6347,19.48,2018-19,6.896023439923099,1914.8187089322382,5131.714139938399,Bus
YH14EHJ,Volkswagen CR50 Welfare Mellor Welfare Bus,D,1394.0862361331222,9342.2187,18.93,2018-19,6.7013205193913885,1394.0862361331222,3736.1511128367674,Bus
YH14NFU,Volkswagen CR50 Welfare Mellor Welfare Bus,D,2263.845114017769,16236.63126,20.26,2018-19,7.172147581768069,2263.845114017769,6067.104905567621,Bus
YH14ZPN,Volkswagen CR50 Welfare Mellor Welfare Bus,D,2305.83857708628,17313.27972,21.21,2018-19,7.508452626322839,2305.83857708628,6179.647386591231,Bus
YC14VKZ,Volkswagen CR50 Coachbuilt Mell Coachbuilt Bus,D,2656.794756807512,20033.06432,21.3,2018-19,7.540313104228029,2656.794756807512,7120.209948244133,Bus
YJ66EBM,Volkswagen CR50 Welfare Mellor Welfare Bus,D,2604.7206127139366,18856.63678,20.45,2018-19,7.239408590679023,2604.7206127139366,6980.651242073351,Bus
YJ66DSV,Volkswagen CR50 Welfare Mellor Welfare Bus,D,2878.0683614067566,22017.38054,21.61,2018-19,7.6500547503459,2878.0683614067566,7713.223208570108,Bus
YJ66EAW,Volkswagen CR50 Welfare Mellor Welfare Bus,D,1935.0645940834142,14125.17718,20.62,2018-19,7.299589493388824,1935.0645940834142,5185.973112143551,Bus
YJ66DSU,Volkswagen CR50 Welfare Mellor Welfare Bus,D,2348.2002795753288,16442.62678,19.78,2018-19,7.002225032940394,2348.2002795753288,6293.176749261881,Bus
YH08CKO,Ford Transit 17st Minibus Minibus to 17 Seats,D,216.98647730352306,2267.56006,29.52,2018-19,10.450236752901942,216.98647730352306,581.5237591734418,Van
YG59GBV,Ford Transit 17st Minibus Minibus to 17 Seats,D,783.2904001139926,9730.06964,35.09,2018-19,12.422046329923075,783.2904001139926,2099.2182723055002,Van
YB60HYK,Ford Transit 17st Minibus Minibus to 17 Seats,D,284.9991465611354,3696.65398,36.64,2018-19,12.97075456051244,284.9991465611354,763.7977127838428,Van
YE63TYB,Ford Transit 17st Minibus Minibus to 17 Seats,D,329.00894613379677,2681.16044,23.02,2018-19,8.149202237527192,329.0089461337968,881.7439756385754,Van
YH14FNO,Ford Transit 14st minibus Minibus to 17 Seats,D,473.9314750116768,3592.04688,21.41,2018-19,7.57925368833437,473.9314750116768,1270.136353031294,Van
YF65FKA,Ford Transit 14st minibus Minibus to 17 Seats,D,381.28923697234353,4636.50854,34.35,2018-19,12.160082400480412,381.28923697234353,1021.8551550858807,Van
YF65FKR,Ford Transit 14st minibus Minibus to 17 Seats,D,360.1866646403243,3775.51164,29.61,2018-19,10.482097230807131,360.1866646403243,965.3002612360692,Van
MV17BKA,Vauxhall Movano Bus Minibus to 17 Seats,D,865.204599534041,11831.86768,38.63,2018-19,13.67522512752717,865.204599534041,2318.74832675123,Van
SF68LJL,Fiat Ducato Welfare,D,704.6079270998416,4721.80356,18.93,2018-19,6.7013205193913885,704.6079270998416,1888.3492446275757,Van
SF68LJK,Fiat Ducato Welfare,D,626.4433129067245,4089.33294,18.44,2018-19,6.527857917463138,626.4433129067245,1678.8680785900217,Van
LX65AUM,Mercedes Sprinter Coachbuilt Coachbuilt Bus,D,3895.141836406901,23179.32402,16.81,2018-19,5.9508292620691625,3895.141836406901,10438.980121570496,Van
SF68LJJ,Fiat Ducato Welfare,D,1113.5624494949495,7024.7690999999995,17.82,2018-19,6.308374625227392,1113.5624494949495,2984.347364646465,Van
SF68LJC,Fiat Ducato Welfare,D,697.3302457948997,4549.60418,18.43,2018-19,6.524317864362562,697.3302457948997,1868.8450587303314,Van
SF68LJE,Fiat Ducato Welfare,D,879.2151104734578,4338.78064,13.94,2018-19,4.934834022203695,879.2151104734578,2356.296496068867,Van
SF68LHZ,Fiat  Ducato Welfare,D,811.8357168234065,5500.72412,19.14,2018-19,6.7756616345034955,811.8357168234065,2175.71972108673,Van
SF68LHX,Fiat Ducato Welfare,D,508.8352369281046,3307.1937,18.36,2018-19,6.499537492658526,508.8352369281046,1363.6784349673205,Van
SF68LJA,Fiat Ducato welfare,D,725.2322633507853,4903.65898,19.1,2018-19,6.761501422101191,725.2322633507853,1943.6224657801047,Van
LX65AUH,Mercedes Sprinter Coachbuilt Coachbuilt Bus,D,3326.103227018791,23184.15204,19.69,2018-19,6.970364555035206,3326.103227018791,8913.956648410362,Van
LX65AUJ,Mercedes Sprinter Coachbuilt Coachbuilt Bus,D,2651.7983412240187,16259.16202,17.32,2018-19,6.131371970198566,2651.7983412240187,7106.81955448037,Van
LX65AUL,Mercedes Sprinter Coachbuilt Coachbuilt Bus,D,2376.9268125346644,15171.24818,18.03,2018-19,6.382715740339501,2376.9268125346644,6370.163857592901,Van
LX65AUK,Mercedes Sprinter Coachbuilt Coachbuilt Bus,D,3452.066035588973,24379.89166,19.95,2018-19,7.062405935650195,3452.066035588973,9251.536975378449,Van
LX65AUF,Mercedes Sprinter Coachbuilt Coachbuilt Bus,D,2791.6594427194864,18460.73914,18.68,2018-19,6.612819191876976,2791.6594427194864,7481.647306488224,Van
LX65AUE,Mercedes Sprinter Coachbuilt Coachbuilt Bus,D,3029.7112170103096,20807.15686,19.4,2018-19,6.867703015118486,3029.7112170103096,8119.62606158763,Van
LV16HLF,Mercedes Sprinter Coachbuilt Coachbuilt Bus,D,2807.039239949749,23729.7183,23.88,2018-19,8.453646804176776,2807.0392399497487,7522.8651630653285,Van
LV16HLG,Mercedes Sprinter Coachbuilt Coachbuilt Bus,D,4633.020782542886,32507.05866,19.82,2018-19,7.0163852453427005,4633.020782542886,12416.495697214936,Van
LV16HLA,Mercedes Sprinter Coachbuilt Coachbuilt Bus,D,2253.6950926389586,15932.466,19.97,2018-19,7.0694860418513485,2253.6950926389586,6039.90284827241,Van
LV16HLC,Mercedes Sprinter Coachbuilt Coachbuilt Bus,D,2446.656325862842,19323.34538,22.31,2018-19,7.897858467386258,2446.656325862842,6557.038953312417,Van
LV16HLD,Mercedes Sprinter Coachbuilt Coachbuilt Bus,D,2622.591745639535,19162.41138,20.64,2018-19,7.306669599589977,2622.591745639535,7028.545878313954,Van
LV16HLE,Mercedes Sprinter Coachbuilt Coachbuilt Bus,D,2549.1126445520586,18634.54786,20.65,2018-19,7.310209652690552,2549.1126445520586,6831.621887399518,Van
LV16HLR,Mercedes Sprinter Coachbuilt Coachbuilt Bus,D,2865.47663800905,20176.295579999998,19.89,2018-19,7.041165617046736,2865.47663800905,7679.477389864254,Van
SF68LHY,Fiat ducato Welfare,D,833.3698247096092,5587.62848,18.94,2018-19,6.704860572491967,833.3698247096092,2233.431130221753,Van
SF68LHW,Fiat Ducato Welfare,D,680.2782158273383,3682.16992,15.29,2018-19,5.412741190781527,680.2782158273383,1823.1456184172666,Van
SF68LHT,Fiat Ducato Welfare,D,541.0468371954844,3223.5080199999998,16.83,2018-19,5.957909368270314,541.0468371954844,1450.0055236838982,Van
SF68LHP,Fiat Ducato Welfare,D,434.6430641891892,2277.2161,14.8,2018-19,5.239278588853279,434.6430641891892,1164.8434120270272,Van
SF68LHU,Fiat Ducato Welfare,D,429.04494376693776,2241.81062,14.76,2018-19,5.225118376450972,429.0449437669377,1149.8404492953932,Van
SF68LHR,Fiat Ducato Welfare,D,414.9140140216699,2304.57488,15.69,2018-19,5.55434331480459,414.9140140216699,1111.9695575780754,Van
YJ14DXR,Volkswagen CR50 Coachbuilt Mell Coachbuilt Bus,D,3604.0171209636087,24891.66178,19.51,2018-19,6.906643599224827,3604.017120963609,9658.765884182472,Bus
YJ14DXY,Volkswagen CR50 Coachbuilt Mell Coachbuilt Bus,D,3224.2705209750566,20134.45274,17.64,2018-19,6.244653669417016,3224.2705209750566,8641.044996213152,Bus
YJ14DXP,Volkswagen CR50 Coachbuilt Mell Coachbuilt Bus,D,2943.8733828002096,19873.73966,19.07,2018-19,6.750881262799461,2943.8733828002096,7889.580665904562,Bus
YJ14DXU,Volkswagen CR50 Coachbuilt Mell Coachbuilt Bus,D,2257.9520852890673,13964.24318,17.47,2018-19,6.184472766707213,2257.9520852890673,6051.311588574701,Bus
LX66AHJ,Mercedes Sprinter Coachbuilt Coachbuilt Bus,D,2137.006700757576,15977.52752,21.12,2018-19,7.476592148417651,2137.006700757576,5727.177958030304,Van
LX66 AFY,Mercedes Sprinter Coachbuilt Coachbuilt Bus,D,2271.916937965261,16206.0538,20.15,2018-19,7.133206997661726,2271.916937965261,6088.737393746899,Van
LX66ALO,Mercedes Sprinter Coachbuilt Coachbuilt Bus,D,2478.7769013404827,16365.37846,18.65,2018-19,6.602199032575245,2478.7769013404827,6643.122095592494,Van
LX66AMU,Mercedes Sprinter Coachbuilt Coachbuilt Bus,D,1783.3116843267107,11439.18872,18.12,2018-19,6.414576218244689,1783.311684326711,4779.275313995585,Van
LX66AJY,Mercedes Sprinter Coachbuilt Coachbuilt Bus,D,1942.1519085005903,11646.79358,16.94,2018-19,5.996849952376658,1942.1519085005903,5204.9671147815825,Van
LX66AHE,Mercedes Sprinter Coachbuilt Coachbuilt Bus,D,2742.615150692841,16815.99366,17.32,2018-19,6.131371970198566,2742.615150692841,7350.208603856814,Van
SF68LHV,Fiat Ducato Welfare,D,559.5833688423646,3217.07066,16.24,2018-19,5.749046235336299,559.5833688423646,1499.6834284975373,Van
YJ64BJO,Volkswagen CR50 Welfare Mellor Welfare Bus,D,1725.299050941307,11030.41636,18.06,2018-19,6.393335899641229,1725.299050941307,4623.801456522703,Bus
YJ64BJK,Volkswagen CR50 Welfare Mellor Welfare Bus,D,1977.7787505050505,13862.85476,19.8,2018-19,7.009305139141548,1977.7787505050503,5300.447051353536,Bus
YJ64BJF,Volkswagen CR50 Welfare Mellor Welfare Bus,D,1797.8336997011957,12779.76894,20.08,2018-19,7.108426625957689,1797.8336997011957,4818.1943151992045,Bus
YJ64BJU,Volkswagen CR50 Welfare Mellor Welfare Bus,D,2062.5363990147785,13339.81926,18.27,2018-19,6.467677014753337,2062.5363990147785,5527.597549359607,Bus
YJ64BJE,Volkswagen CR50 Welfare Mellor Welfare Bus,D,3193.9716022783555,22828.4879,20.19,2018-19,7.147367210064034,3193.9716022783555,8559.843894105994,Bus
YJ64NYO,Volkswagen CR50 Welfare Mellor Welfare Bus,D,1730.4146739034115,13825.83994,22.57,2018-19,7.98989984800125,1730.4146739034115,4637.511326061143,Bus
YJ64BJV,Volkswagen CR50 Welfare Mellor Welfare Bus,D,1959.5886873661673,12958.40568,18.68,2018-19,6.612819191876975,1959.5886873661673,5251.697682141328,Bus
YJ64BJY,Volkswagen CR50 Welfare Mellor Welfare Bus,D,1726.0184242068158,10399.55508,17.02,2018-19,6.0251703771812695,1726.0184242068158,4625.729376874267,Bus
YJ64BJX,Volkswagen CR50 Welfare Mellor Welfare Bus,D,1933.3248224530173,13838.71466,20.22,2018-19,7.1579873693657605,1933.3248224530173,5181.310524174087,Bus
YJ64NYK,Volkswagen CR50 Welfare Mellor Welfare Bus,D,1974.4488937774986,11120.5394,15.91,2018-19,5.632224483017273,1974.4488937774988,5291.523035323697,Bus
YJ64NYL,Volkswagen CR50 Welfare Mellor Welfare Bus,D,2454.79269092827,16476.42292,18.96,2018-19,6.711940678693119,2454.79269092827,6578.8444116877645,Bus
YJ64NYN,Volkswagen CR50 Welfare Mellor Welfare Bus,D,2414.840201901313,18883.99556,22.09,2018-19,7.819977299173575,2414.840201901313,6471.771741095519,Bus
YJ64NYM,Volkswagen CR50 Welfare Mellor Welfare Bus,D,3102.203538938053,24819.24148,22.6,2018-19,8.00052000730298,3102.203538938053,8313.905484353983,Bus
YJ64NYV,Volkswagen CR50 Welfare Mellor Welfare Bus,D,2164.2562471846845,13606.9697,17.76,2018-19,6.287134306623934,2164.2562471846845,5800.206742454955,Bus
YJ64NYX,Volkswagen CR50 Welfare Mellor Welfare Bus,D,2362.013825775656,14014.13272,16.76,2018-19,5.93312899656628,2362.013825775656,6330.197053078759,Bus
YJ64NYW,Volkswagen CR50 Welfare Mellor Welfare Bus,D,2123.8276923482854,14247.48702,18.95,2018-19,6.7084006255925415,2123.8276923482854,5691.858215493405,Bus
YJ64NYY,Volkswagen CR50 Welfare Mellor Welfare Bus,D,1420.7552690233672,8394.31744,16.69,2018-19,5.908348624862245,1420.7552690233672,3807.6241209826244,Bus
YJ64NYZ,Volkswagen CR50 Welfare Mellor Welfare Bus,D,1706.864340389016,10562.09842,17.48,2018-19,6.188012819807791,1706.864340389016,4574.396432242563,Bus
YJ64NZB,Volkswagen CR50 Welfare Mellor Welfare Bus,D,2111.4739891031018,17834.70588,23.86,2018-19,8.446566697975623,2111.4739891031018,5658.7502907963135,Bus
YJ64NZA,Volkswagen CR50 Welfare Mellor Welfare Bus,D,2338.0859299552912,16661.49702,20.13,2018-19,7.126126891460571,2338.0859299552912,6266.070292280181,Bus
YJ64NZC,Volkswagen CR50 Welfare Mellor Welfare Bus,D,1953.468376237624,13969.0712,20.2,2018-19,7.150907263164609,1953.468376237624,5235.295248316833,Bus
YJ64NZP,Volkswagen CR50 Welfare Mellor Welfare Bus,D,2310.055230664858,18080.9349,22.11,2018-19,7.8270574053747275,2310.055230664858,6190.948018181819,Bus
YJ64NYT,Volkswagen CR50 Welfare Mellor Welfare Bus,D,2004.2264436209637,13402.58352,18.89,2018-19,6.687160306989083,2004.2264436209637,5371.326868904183,Bus
YJ64NZM,Volkswagen CR50 Welfare Mellor Welfare Bus,D,2451.5733457669744,20707.37778,23.86,2018-19,8.446566697975621,2451.5733457669744,6570.216566655492,Bus
YJ64NZO,Volkswagen CR50 Welfare Mellor Welfare Bus,D,2621.5320219394475,21149.94628,22.79,2018-19,8.067781016213932,2621.5320219394475,7025.70581879772,Bus
YJ64NZH,Volkswagen CR50 Welfare Mellor Welfare Bus,D,2437.535731610338,17361.55992,20.12,2018-19,7.122586838359997,2437.535731610338,6532.595760715707,Bus
YJ64NZK,Volkswagen CR50 Welfare Mellor Welfare Bus,D,2343.677680917623,15913.15392,19.18,2018-19,6.789821846905801,2343.677680917623,6281.056184859231,Bus
YJ64NZD,Volkswagen CR50 Welfare Mellor Welfare Bus,D,1937.9151199601795,13782.38776,20.09,2018-19,7.111966679058266,1937.9151199601795,5193.612521493282,Bus
YJ64NZG,Volkswagen CR50 Welfare Mellor Welfare Bus,D,2605.306045478866,17237.64074,18.69,2018-19,6.616359244977551,2605.306045478866,6982.220201883361,Bus
YJ64NZE,Volkswagen CR50 Welfare Mellor Welfare Bus,D,2141.9614233128837,17303.62368,22.82,2018-19,8.078401175515662,2141.9614233128837,5740.4566144785285,Bus
YJ64NZF,Volkswagen CR50 Welfare Mellor Welfare Bus,D,2269.621739457831,16004.8863,19.92,2018-19,7.051785776348467,2269.621739457831,6082.5862617469875,Bus
YJ15BXE,Volkswagen CR50 Welfare Mellor Welfare Bus,D,2183.3680725152135,15242.05914,19.72,2018-19,6.980984714336934,2183.3680725152135,5851.426434340772,Bus
YC12UYR,Ford Ranger 4x4 pickup 4x4 Utility Vehicle,D,586.1215660691956,4977.68862,23.99,2018-19,8.492587388283116,586.1215660691956,1570.8057970654445,Car
YB63OJW,Ford Ranger 4X4 Utility Vehicle,D,551.9178685950413,4728.24092,24.2,2018-19,8.566928503395225,551.9178685950413,1479.1398878347109,Car
YL17PLF,Ford Ranger 4x4 CCpickup 4x4 Utility Vehicle,D,440.327035840708,3522.84526,22.6,2018-19,8.00052000730298,440.32703584070794,1180.0764560530974,Car
YL17PHN,Ford Ranger 4x4 pickup 4x4 Utility Vehicle,D,461.2495578365575,4136.0038,25.33,2018-19,8.966954503760373,461.2495578365575,1236.1488150019743,Car
MJ16XMA,Vauxhall Corsa Car Derived Van,D,412.8306645580742,8317.06912,56.91,2018-19,20.146442195381084,412.8306645580742,1106.3861810156388,Van
MJ16XLX,Vauxhall Corsa Car Derived Van,D,512.3612134301984,9237.6116,50.93,2018-19,18.029490441236312,512.3612134301984,1373.128051992932,Van
MW16DBX,Vauxhall Corsa Car Derived Van,D,433.36822389911106,7420.66674,48.37,2018-19,17.12323684748872,433.36822389911106,1161.4268400496178,Van
MW16DCF,Vauxhall Corsa Car Derived Van,D,436.4604488005729,8630.89042,55.86,2018-19,19.774736619820544,436.460448800573,1169.7140027855355,Van
MW16CZC,Vauxhall Corsa Car Derived Van,D,619.2779579657499,12673.5525,57.81,2018-19,20.465046974432973,619.2779579657499,1659.6649273482099,Van
MW16CZD,Vauxhall Corsa Car Derived Van,D,452.9945007476636,8579.39154,53.5,2018-19,18.939284088084484,452.9945007476636,1214.0252620037386,Van
MW16CYZ,Vauxhall Corsa Car Derived Van,D,445.85661834654593,8362.13064,52.98,2018-19,18.7552013268545,445.856618346546,1194.8957371687432,Van
MW16DFA,Vauxhall Corsa Car Derived Van,D,181.5255745581738,3490.65846,54.32,2018-19,19.22956844233176,181.5255745581738,486.48853981590577,Van
MW16CZU,Vauxhall Corsa Car Derived Van,D,475.2778633714153,7216.28056,42.89,2018-19,15.183287748372775,475.2778633714153,1273.744673835393,Van
MW16CZP,Vauxhall Corsa Car Derived Van,D,617.126988557559,12601.1322,57.68,2018-19,20.419026284125476,617.126988557559,1653.9003293342582,Van
MW16CZM,Vauxhall Corsa Car Derived Van,D,373.19901907692315,6440.57868,48.75,2018-19,17.257758865310624,373.19901907692315,1000.173371126154,Van
MW16CZL,Vauxhall Corsa Car Derived Van,D,289.8365041918503,5262.5418,51.29,2018-19,18.15693235285707,289.8365041918503,776.7618312341588,Van
MW16CZR,Vauxhall Corsa Car Derived Van,D,578.1953838358247,8078.8868,39.47,2018-19,13.9725895879756,578.1953838358247,1549.5636286800104,Van
MW16CZT,Vauxhall Corsa Car Derived Van,D,221.4162481708523,3963.80442,50.57,2018-19,17.90204852961556,221.4162481708523,593.3955450978842,Van
YC59HAE,Ford Fiesta 1.4 TDi Van Car Derived Van,D,567.1554443243244,9285.8918,46.25,2018-19,16.372745590166492,567.1554443243244,1519.9765907891897,Van
MW66YYB,Vauxhall Corsa Car Derived Van,D,377.7904006429576,6656.23024,49.77,2018-19,17.618844281569437,377.7904006429576,1012.4782737231264,Van
MW16DCZ,Vauxhall Corsa Car Derived Van,D,258.85572164179104,4911.70568,53.6,2018-19,18.97468461909025,258.85572164179104,693.733334,Van
MW16DDU,Vauxhall CORSA  CDTI Car,D,384.451102883866,6984.5356,51.32,2018-19,18.1675525121588,384.451102883866,1030.328955728761,Car
MW16CZZ,Vauxhall CORSA  CDTI Car,D,869.6279048536885,17569.16478,57.07,2018-19,20.203083044990308,869.6279048536885,2330.6027850078854,Car
MV17DDO,Vauxhall Corsa Car Derived Van,D,326.0046182631208,4903.65898,42.49,2018-19,15.041685624349714,326.0046182631208,873.6923769451638,Van
MV17CPY,Vauxhall Corsa Car Derived Van,D,637.6278724241289,12049.12858,53.38,2018-19,18.896803450877567,637.6278724241289,1708.8426980966656,Van
MV17CPZ,Vauxhall Corsa Car Derived Van,D,498.25790664304697,9956.98658,56.45,2018-19,19.983599752754564,498.25790664304697,1335.331189803366,Van
MW16DCY,Vauxhall Corsa Car Derived Van,D,586.8732909407667,10732.68846,51.66,2018-19,18.287914317578398,586.8732909407667,1572.8204197212547,Van
YF10WXR,Ford Fiesta 1.4 TDi Van Car Derived Van,D,313.70392588595075,6173.42824,55.59,2018-19,19.679155186104982,313.70392588595075,840.7265213743481,Van
YF08BFZ,Vauxhall Astra Van Small,D,897.4549056316591,10436.5699,32.85,2018-19,11.629074435393932,897.4549056316591,2405.1791470928465,Van
YS55SXN,Ford Connect T220SWB van Van Small,D,807.8946481830419,10624.86268,37.15,2018-19,13.15129726864184,807.8946481830419,2165.1576571305523,Van
YE07FAF,Ford Connect T220SWB van Van Small,D,306.94071121121124,4341.99932,39.96,2018-19,14.14605218990385,306.94071121121124,822.6011060460462,Van
YC07ONJ,Ford Connect T220SWB van Van Small,D,382.00496670428896,4792.61452,35.44,2018-19,12.545948188443255,382.00496670428896,1023.7733107674944,Van
YF07GGZ,Ford Connect T220SWB van Van Small,D,275.64835267723606,3262.13218,33.43,2018-19,11.83439751522737,275.64835267723606,738.7375851749927,Van
YF57VKG,Ford Connect T220SWB van Van Small,D,467.94214608009025,5874.091,35.46,2018-19,12.55302829464441,467.94214608009025,1254.084951494642,Van
YB08XOF,Ford Connect T220SWB van Van Small,D,502.564903064861,7488.25902,42.09,2018-19,14.900083500326655,502.564903064861,1346.8739402138276,Van
YB63UOV,Peugeot Partner Van Small,D,1100.6973342391307,15773.14134,40.48,2018-19,14.330134951133829,1100.6973342391307,2949.8688557608702,Van
YB63UOW,Peugeot Partner Van Small,D,499.28156069364167,6421.2666,36.33,2018-19,12.861012914394566,499.28156069364167,1338.0745826589598,Van
YB63UOX,Peugeot Partner Van Small,D,457.62284911164153,6109.05464,37.71,2018-19,13.349540242274129,457.62284911164153,1226.4292356191993,Van
YB63UOY,Peugeot Partner Van Small,D,1734.3343810400368,26682.8572,43.46,2018-19,15.385070775105639,1734.3343810400368,4648.016141187299,Van
YB63UPA,Peugeot Partner Van Small,D,353.6358904629396,4948.7205,39.53,2018-19,13.993829906579059,353.6358904629396,947.7441864406782,Van
YB63UPC,Peugeot Partner Van Small,D,326.3827410566869,4198.76806,36.34,2018-19,12.864552967495143,326.3827410566869,874.7057460319209,Van
YB63UPE,Peugeot Partner Van Small,D,1212.0160199365655,18938.71312,44.14,2018-19,15.625794385944845,1212.0160199365655,3248.202933429996,Van
YB63UPF,Peugeot Partner Van Small,D,345.3305784487863,4129.56644,33.78,2018-19,11.958299373747547,345.3305784487863,925.4859502427473,Van
YB63UPG,Peugeot Partner Van Small,D,613.7171902683832,9956.98658,45.83,2018-19,16.22406335994228,613.7171902683831,1644.762069919267,Van
YB63UPH,Peugeot Partner Van Small,D,688.474487725924,9034.83476,37.07,2018-19,13.12297684383723,688.474487725924,1845.1116271054764,Van
YB63UPJ,Peugeot Partner Van Small,D,698.7488393244873,10253.10514,41.45,2018-19,14.673520101889755,698.7488393244873,1872.6468893896263,Van
YB63UPK,Peugeot Partner Van Small,D,635.6820762711865,7700.6919,34.22,2018-19,12.114061710172917,635.6820762711865,1703.62796440678,Van
YB63UPL,Peugeot Partner Van Small,D,1068.7781936459912,12504.5718,33.05,2018-19,11.69987549740546,1068.7781936459912,2864.3255589712567,Van
YB63UPM,Peugeot Partner Van Small,D,894.778198654105,11767.49408,37.15,2018-19,13.151297268641843,894.7781986541052,2398.005572393002,Van
YB63UPN,Peugeot Partner Van Small,D,491.14008035714295,5452.44392,31.36,2018-19,11.101606523408025,491.14008035714295,1316.2554153571432,Van
YB63UPO,Peugeot Partner Van Small,D,856.1474477248104,11189.74102,36.92,2018-19,13.069876047328583,856.1474477248104,2294.475159902492,Van
YC63ERY,Peugeot Partner Van Small,D,661.3839641985354,8632.49976,36.87,2018-19,13.052175781825701,661.3839641985354,1772.509024052075,Van
YF63HCD,Peugeot Partner Van Small,D,672.6480439385919,8996.2106,37.78,2018-19,13.374320613978167,672.6480439385919,1802.6967577554262,Van
YF63HCG,Peugeot Partner Van Small,D,792.2053878035903,10623.25334,37.88,2018-19,13.40972114498393,792.2053878035903,2123.110439313622,Van
YF63HCJ,Peugeot Partner Van Small,D,489.4439785005513,6286.08204,36.28,2018-19,12.843312648891684,489.4439785005513,1311.7098623814775,Van
YF63HCK,Peugeot Partner Van Small,D,619.2910019065778,6899.24058,31.47,2018-19,11.140547107514367,619.2910019065778,1659.6998851096284,Van
YG63ETU,Peugeot Partner Van Small,D,429.8994433281814,5907.88714,38.82,2018-19,13.742486136438124,429.8994433281814,1152.1305081195262,Van
YG63ETV,Peugeot Partner Van Small,D,614.4727648096799,8629.28108,39.67,2018-19,14.043390649987131,614.4727648096799,1646.7870096899424,Van
YG63ETX,Peugeot Partner Van Small,D,527.9099259453783,7116.50148,38.08,2018-19,13.480522206995458,527.9099259453783,1414.798601533614,Van
YG63ETY,Peugeot Partner Van Small,D,791.5147787128715,11320.09756,40.4,2018-19,14.301814526329215,791.5147787128715,2121.2596069504957,Van
YG63ETZ,Peugeot Partner Van Small,D,643.5562135684546,9301.9852,40.83,2018-19,14.454036809654008,643.5562135684546,1724.7306523634584,Van
YG63EUA,Peugeot Partner Van Small,D,850.928047178003,10407.601779999999,34.55,2018-19,12.23088346249194,850.928047178003,2280.487166437048,Van
YB63URL,Peugeot Partner Van Small,D,1525.4706031669866,22508.22924,41.68,2018-19,14.754941323203017,1525.4706031669866,4088.2612164875245,Van
YB63URM,Peugeot Partner Van Small,D,622.455582923674,8516.62728,38.65,2018-19,13.682305233728325,622.455582923674,1668.1809622354465,Van
YB63URO,Peugeot Partner Van Small,D,492.4180653465347,6162.16286,35.35,2018-19,12.514087710538066,492.4180653465347,1319.680415128713,Van
YB63URP,Peugeot Partner Van Small,D,688.6857501909855,9573.96366,39.27,2018-19,13.90178852596407,688.6857501909855,1845.6778105118412,Van
YG14PFZ,Peugeot Partner Van Small,D,488.96066093485115,7147.07894,41.29,2018-19,14.61687925228053,488.96066093485115,1310.414571305401,Van
YG14USC,Peugeot Partner Van Small,D,557.5393396226416,7740.9254,39.22,2018-19,13.884088260461185,557.5393396226416,1494.2054301886797,Van
YD14UWO,Peugeot Bipper Van Small,D,420.30509040501454,6171.8189,41.48,2018-19,14.684140261191484,420.30509040501454,1126.4176422854391,Van
YD14UWP,Peugeot Bipper Van Small,D,382.5097494446913,6096.17992,45.02,2018-19,15.937319058795577,382.5097494446913,1025.1261285117728,Van
YG14PGF,Peugeot Partner Van Small,D,904.9131801365339,14546.82426,45.41,2018-19,16.075381129718064,904.9131801365338,2425.167322765911,Van
YG64RYA,Volkswagen Caddy C20 TDI MAXI Van Small,D,504.4834469492035,5941.68328,33.27,2018-19,11.777756665618147,504.4834469492035,1352.0156378238655,Van
YH64EWO,Volkswagen Caddy C20 TDI Maxi Van Small,D,383.23739558173787,4605.93108,33.95,2018-19,12.018480276457352,383.23739558173787,1027.0762201590576,Van
YH64YYU,Volkswagen Caddy C20 TDI Maxi Van Small,D,383.5096881451361,4340.38998,31.97,2018-19,11.317549762543194,383.5096881451361,1027.805964228965,Van
YC14UTL,Peugeot Partner Van Small,D,424.41213049067926,7011.89438,46.67,2018-19,16.52142782039071,424.4121304906792,1137.4245097150206,Van
YD14UWR,Peugeot Bipper Van Small,D,827.4941030232559,12596.30418,43.0,2018-19,15.222228332479117,827.4941030232559,2217.684196102326,Van
YG14PGE,Peugeot Partner Van Small,D,563.0329975355969,7279.04482,36.52,2018-19,12.928273923305523,563.0329975355969,1508.9284333954,Van
YG14PHA,Peugeot Partner Van Small,D,259.74119880174294,3376.39532,36.72,2018-19,12.999074985317051,259.74119880174294,696.1064127886712,Van
YG14RZR,Peugeot Partner Van Small,D,660.4181423719958,8949.53974,38.28,2018-19,13.551323269006993,660.4181423719958,1769.9206215569488,Van
YG14RZS,Peugeot Partner Van Small,D,543.2458279480807,6963.61418,36.21,2018-19,12.818532277187648,543.2458279480807,1455.8988189008562,Van
YD14UWL,Peugeot Partner Van Small,D,431.81239914931723,6828.42962,44.67,2018-19,15.813417200275401,431.81239914931723,1157.2572297201702,Van
YG14RZT,Peugeot Partner Van Small,D,419.35856951871665,6107.4453,41.14,2018-19,14.563778455771882,419.35856951871665,1123.8809663101606,Van
YG14RZU,Peugeot Partner Van Small,D,617.6927855696204,8637.32778,39.5,2018-19,13.983209747277328,617.6927855696204,1655.4166653265827,Van
YG14SBZ,Peugeot Partner Van Small,D,632.7636995778612,9551.4329,42.64,2018-19,15.094786420858362,632.7636995778612,1695.806714868668,Van
YG14PGV,Peugeot Partner Van Small,D,501.71580024968796,7113.2828,40.05,2018-19,14.177912667809037,501.71580024968796,1344.598344669164,Van
YG14URU,Peugeot Partner Van Small,D,1240.4144810754372,16822.43102,38.31,2018-19,13.561943428308723,1240.4144810754372,3324.3108092821717,Van
YG14PGU,Peugeot Partner Van Small,D,394.1110330769231,5441.17854,39.0,2018-19,13.806207092248503,394.1110330769231,1056.217568646154,Van
YG14URY,Peugeot Partner Van Small,D,522.0774734982333,7322.497,39.62,2018-19,14.025690384484248,522.0774734982333,1399.1676289752654,Van
YG14URZ,Peugeot Partner Van Small,D,666.2612747356052,10035.84424,42.55,2018-19,15.062925942953175,666.2612747356052,1785.580216291422,Van
YD64OKP,Peugeot Partner Van Small,D,544.5661719713793,7813.3457,40.53,2018-19,14.347835216636712,544.5661719713793,1459.4373408832967,Van
YB15WDT,Peugeot Partner Van Small,D,759.2725021972657,11009.49494,40.96,2018-19,14.500057499961505,759.2725021972657,2034.8503058886722,Van
YB15WDU,Peugeot Partner Van Small,D,626.6292229283795,9075.06826,40.91,2018-19,14.48235723445862,626.6292229283795,1679.366317448057,Van
YB15WDR,Peugeot Partner Van Small,D,1040.618683561644,13446.0357,36.5,2018-19,12.921193817104367,1040.618683561644,2788.858071945206,Van
YB15ODV,Peugeot Partner Van Small,D,777.2896821325648,9548.21422,34.7,2018-19,12.283984259000592,777.2896821325648,2083.136348115274,Van
YB15OEC,Peugeot Partner Van Small,D,1183.353542500589,17791.2537,42.47,2018-19,15.034605518148561,1183.353542500589,3171.3874939015786,Van
YB15WDV,Peugeot Partner Van Small,D,364.07150397812035,5183.68414,40.22,2018-19,14.238093570518842,364.07150397812035,975.7116306613626,Van
YJ65XUR,Ford Transit Courier Van Small,D,849.5955319748537,13874.120139999999,46.13,2018-19,16.330264952959574,849.5955319748538,2276.916025692608,Van
YJ65XTG,Ford Transit Courier Van Small,D,1305.003320897132,21421.92474,46.37,2018-19,16.41522622737341,1305.003320897132,3497.408900004314,Van
YJ65XXD,Ford Transit Courier Van Small,D,1072.9555364908504,17643.19442,46.45,2018-19,16.443546652178025,1072.9555364908504,2875.520837795479,Van
YC65MTF,Ford Transit Courier Van Small,D,441.10049672438004,6673.93298,42.74,2018-19,15.130186951864125,441.10049672438004,1182.1493312213386,Van
YC65GMF,Ford Transit Courier Van Small,D,761.0847283135183,12237.42136,45.42,2018-19,16.07892118281864,761.0847283135184,2039.7070718802293,Van
YC65MVD,Ford Transit Courier Van Small,D,660.5893208098987,10394.72706,44.45,2018-19,15.735536032062718,660.5893208098987,1770.3793797705287,Van
YC65MUU,Ford Transit Courier Van Small,D,1384.4506772303018,22579.0402,46.07,2018-19,16.309024634356117,1384.4506772303016,3710.327814977209,Van
YC65MVA,Ford Transit Courier Van Small,D,1002.4173401450232,16149.7269,45.51,2018-19,16.110781660723827,1002.4173401450233,2686.478471588662,Van
YF65NUE,Peugeot Bipper Van Small,D,922.7631471135942,14033.4448,42.96,2018-19,15.20806812007681,922.7631471135942,2473.0052342644326,Van
FL65EFY,Vauxhall COMBO Van Small,D,424.71060033726815,5349.44616,35.58,2018-19,12.595508931851327,424.71060033726815,1138.2244089038786,Van
YE61OVN,Volkswagen Caddy 80 CNG Van Small,G,286.2268459222083,4037.83406,39.85,2018-19,14.107111605797508,286.2268459222083,540.9687387929737,Van
YE61OVM,Volkswagen Caddy 80 CNG Van Small,G,420.57469833087873,6065.60246,40.74,2018-19,14.422176331748823,420.57469833087873,794.8861798453607,Van
YE61OVK,Volkswagen Caddy 80 CNG Van Small,G,654.247049400883,11017.54164,47.57,2018-19,16.840032599442594,654.247049400883,1236.5269233676688,Van
YE61ZRX,Volkswagen Caddy 80 CNG Van Small,G,112.67007006172841,1292.30002,32.4,2018-19,11.469772045867986,112.67007006172841,212.94643241666668,Van
YE61OVL,Volkswagen Caddy 80 CNG Van Small,G,331.33320883116886,4515.80804,38.5,2018-19,13.629204437219675,331.33320883116886,626.2197646909091,Van
YE61ZRY,Volkswagen Caddy 80 CNG Van Small,G,252.60999241497433,3654.81114,40.87,2018-19,14.468197022056314,252.60999241497433,477.43288566430147,Van
YJ13ZLX,Ford Connect T200SWB van Van Small,D,594.7116673751328,7924.39016,37.64,2018-19,13.324759870570094,594.7116673751328,1593.827268565356,Van
YJ13ZFX,Ford Connect T200SWB van Van Small,D,714.9466439370566,8202.80598,32.41,2018-19,11.473312098968561,714.9466439370566,1916.0570057513119,Van
YD13OWA,Ford Connect T200SWB van Van Small,D,213.01231352282517,1750.96192,23.22,2018-19,8.220003299538723,213.0123135228252,570.8730002411714,Van
YJ13ZPN,Ford Connect T200SWB van Van Small,D,474.35732099125374,5759.82786,34.3,2018-19,12.14238213497753,474.3573209912537,1271.27762025656,Van
YK13UTM,Ford Connect T200SWB van Van Small,D,349.094812345679,3503.53318,28.35,2018-19,10.03605054013449,349.094812345679,935.5740970864197,Van
YE13NPJ,Ford Connect T220SWB van Van Small,D,985.3334459423025,12937.48426,37.09,2018-19,13.130056950038384,985.3334459423025,2640.693635125371,Van
YE13ULH,Ford Connect T220SWB van Van Small,D,510.1790887474883,5392.89834,29.86,2018-19,10.570598558321546,510.17908874748827,1367.2799578432687,Van
YE13NHJ,Ford Connect T220SWB van Van Small,D,991.89494448631,13978.72724,39.81,2018-19,14.092951393395204,991.89494448631,2658.278451223311,Van
YE13NVB,Ford Connect T220SWB van Van Small,D,585.5743691646192,6749.57196,32.56,2018-19,11.526412895477213,585.5743691646192,1569.3393093611794,Van
YF13TLX,Ford Connect T230LWB van Van Small,D,755.8943805110925,9528.90214,35.61,2018-19,12.606129091153054,755.8943805110925,2025.7969397697282,Van
YF13TLU,Ford Connect T230LWB van Van Small,D,863.6209895209581,10211.2623,33.4,2018-19,11.82377735592564,863.6209895209581,2314.504251916168,Van
YF13TMO,Ford Connect T230LWB van Van Small,D,751.798440479589,9322.90662,35.03,2018-19,12.400806011319617,751.798440479589,2014.8198204852986,Van
YF13TMX,Ford Connect T230LWB van Van Small,D,616.3646289503387,7732.8787,35.44,2018-19,12.545948188443255,616.3646289503387,1651.8572055869076,Van
YF13WCT,Ford Connect T230LWB van Van Small,D,1358.7229438632305,18850.19942,39.19,2018-19,13.873468101159457,1358.7229438632305,3641.377489553458,Van
YF13TKU,Ford Connect T230LWB van Van Small,D,573.0083955773956,6604.73136,32.56,2018-19,11.526412895477211,573.0083955773956,1535.6625001474204,Van
YF13VCP,Ford Connect T230LWB van Van Small,D,701.9194548349741,8582.61022,34.54,2018-19,12.227343409391365,701.9194548349741,1881.1441389577308,Van
YF13WCD,Ford Connect T230LWB van Van Small,D,543.0677276434607,6599.90334,34.33,2018-19,12.153002294279256,543.0677276434607,1455.4215100844747,Van
YF13VBP,Ford Connect T230LWB van Van Small,D,406.0292206765729,4546.3855,31.63,2018-19,11.197187957123594,406.0292206765729,1088.1583114132154,Van
YF13VBN,Ford Connect T230LWB van Van Small,D,366.8824436774396,4139.22248,31.87,2018-19,11.282149231537431,366.8824436774396,983.2449490555382,Van
YF13TNN,Ford Connect T230LWB van Van Small,D,412.0159208659948,3907.47752,26.79,2018-19,9.483802256444548,412.0159208659948,1104.2026679208661,Van
YF13VCG,Ford Connect T230LWB van Van Small,D,562.7774261158022,6606.3407,33.16,2018-19,11.738816081511803,562.7774261158022,1508.24350199035,Van
YB13YBS,Ford Connect T230LWB van Van Small,D,818.8006205270459,10449.44462,36.05,2018-19,12.761891427578423,818.8006205270459,2194.3856630124833,Van
YF13TKZ,Ford Connect T230LWB van Van Small,D,480.76640058266577,4673.52336,27.46,2018-19,9.720985814183177,480.7664005826657,1288.4539535615443,Van
YF13TMY,Ford Connect T230LWB van Van Small,D,425.0448752665245,4234.17354,28.14,2018-19,9.96170942502238,425.04487526652457,1139.1202657142858,Van
YB13FRU,Ford Connect T230LWB van Van Small,D,298.2762644246621,3202.5866,30.33,2018-19,10.736981054048643,298.2762644246621,799.3803886580945,Van
YB13LTZ,Ford Connect T230LWB van Van Small,D,1579.334784395681,16051.55716,28.71,2018-19,10.163492451755245,1579.334784395681,4232.617222180425,Van
YB13PHK,Ford Connect T230LWB van Van Small,D,644.4622474443777,7588.0381,33.26,2018-19,11.774216612517568,644.4622474443777,1727.1588231509322,Van
YB13PGO,Ford Connect T230LWB van Van Small,D,560.2661228851292,6681.97968,33.69,2018-19,11.92643889584236,560.2661228851292,1501.5132093321463,Van
YB13LSX,Ford Connect T230LWB van Van Small,D,1131.8696685731488,13310.85114,33.22,2018-19,11.760056400115262,1131.8696685731488,3033.410711776039,Van
YB13LTJ,Ford Connect T230LWB van Van Small,D,691.2305749116608,6924.99002,28.3,2018-19,10.018350274631606,691.2305749116608,1852.497940763251,Van
YB13LTA,Ford Connect T230LWB van Van Small,D,717.275307514832,7703.91058,30.34,2018-19,10.740521107149219,717.275307514832,1922.2978241397498,Van
YB13LTO,Ford Connect T230LWB van Van Small,D,942.122189224278,10275.6359,30.81,2018-19,10.906903602876314,942.1221892242781,2524.887467121065,Van
YF13TKV,Ford Connect T230LWB van Van Small,D,1161.7621074568544,12630.10032,30.71,2018-19,10.871503071870553,1161.7621074568544,3113.52244798437,Van
YF13EPK,Ford Connect T230LWB van Van Small,D,889.2530634352636,9676.96142,30.74,2018-19,10.882123231172281,889.2530634352636,2383.1982100065065,Van
YF13VCO,Ford Connect T230LWB van Van Small,D,963.66611976912,11820.6023,34.65,2018-19,12.266283993497707,963.66611976912,2582.6252009812415,Van
YF13VBO,Ford Connect T230LWB van Van Small,D,932.5842667832169,9441.99778,28.6,2018-19,10.1245518676489,932.5842667832169,2499.3258349790212,Van
YF13TNE,Ford Connect T230LWB van Van Small,D,784.2400333140209,9583.6197,34.52,2018-19,12.220263303190212,784.2400333140209,2101.7632892815764,Van
YF13VBX,Ford Connect T230LWB van Van Small,D,2172.914078778135,23922.8391,31.1,2018-19,11.00956514279304,2172.914078778135,5823.409731125402,Van
YF13VBU,Ford Connect T230LWB van Van Small,D,487.0810714285715,4852.1601,28.14,2018-19,9.96170942502238,487.0810714285715,1305.3772714285717,Van
YF13EPD,Ford Connect T230LWB van Van Small,D,897.4405647668394,1226.31708,3.86,2018-19,1.3664604968225442,897.4405647668394,2405.1407135751297,Van
YA13YMT,Ford Connect T230LWB van Van Small,D,1445.2458138268917,18797.0912,36.74,2018-19,13.006155091518204,1445.2458138268917,3873.25878105607,Van
YC14UTS,Peugeot Partner Van Small,D,826.019887685291,10257.93316,35.08,2018-19,12.418506276822498,826.019887685291,2213.73329899658,Van
YC63MHZ,Volkswagen Caddy 80 CNG Van Small,G,142.14615902624092,1591.63726,31.63,2018-19,11.197187957123592,142.14615902624092,268.65624055959535,Van
YL63CBX,Peugeot Partner Van Small,D,764.4339892120075,11538.9678,42.64,2018-19,15.094786420858364,764.4339892120075,2048.6830910881804,Van
YL63CBY,Peugeot Partner Van Small,D,1064.4797384912026,15634.7381,41.49,2018-19,14.687680314292063,1064.4797384912026,2852.805699156423,Van
YL63CBV,Peugeot Partner Van Small,D,802.5837277015437,13251.30556,46.64,2018-19,16.510807661088982,802.5837277015437,2150.924390240137,Van
YL63CCA,Peugeot Partner Van Small,D,477.357795803067,6281.25402,37.17,2018-19,13.158377374842997,477.357795803067,1279.3188927522197,Van
YD14UWS,Peugeot Partner Van Small,D,783.4773313980493,11942.91214,43.06,2018-19,15.243468651082578,783.4773313980493,2099.7192481467723,Van
YG14PGK,Peugeot Partner Van Small,D,579.1543383111594,7551.02328,36.83,2018-19,13.038015569423393,579.1543383111594,1552.1336266739074,Van
YG14PGO,Peugeot Partner Van Small,D,423.62730180806676,4313.0312,28.76,2018-19,10.181192717258128,423.62730180806676,1135.321168845619,Van
YD14VPU,Ford Connect T200SWB van Van Small,D,722.3145204707038,10430.13254,40.79,2018-19,14.439876597251702,722.3145204707038,1935.8029148614862,Van
YD14VTN,Ford Connect T240LWB Van Van Small,D,841.8254161042588,12805.51838,42.97,2018-19,15.211608173177389,841.8254161042588,2256.092115159414,Van
YD14VTP,Ford Connect T240LWB Van Van Small,D,485.7876987980203,7296.74756,42.43,2018-19,15.020445305746255,485.7876987980203,1301.9110327786946,Van
YG14FUV,Ford Connect T230LWB van Van Small,D,412.7520934631433,5252.88576,35.95,2018-19,12.726490896572658,412.7520934631433,1106.175610481224,Van
YG14WWP,Ford Connect T240LWB Van Van Small,D,1190.4601450830141,16498.95368,39.15,2018-19,13.859307888757149,1190.4601450830141,3190.433188822478,Van
YG14WXL,Ford Connect T240LWB Van Van Small,D,881.6287821982468,13885.38552,44.49,2018-19,15.749696244465024,881.6287821982468,2362.7651362913016,Van
YG14WWN,Ford Connect T240LWB Van Van Small,D,291.31553735632184,3947.71102,38.28,2018-19,13.551323269006993,291.31553735632184,780.7256401149426,Van
YG14FUJ,Ford Connect T240LWB Van Van Small,D,1403.7189397500001,19876.95834,40.0,2018-19,14.160212402306158,1403.7189397500001,3761.9667585300003,Van
YG14WXJ,Ford Connect T240LWB Van Van Small,D,1314.1059348320284,18417.28696,39.59,2018-19,14.01507022518252,1314.1059348320284,3521.8039053498364,Van
YG14PFY,Peugeot Partner Van Small,D,641.3074303641732,9226.34622,40.64,2018-19,14.386775800743056,641.3074303641732,1718.7039133759843,Van
YB63URT,Peugeot Bipper Van Small,D,266.47477134773663,3667.68586,38.88,2018-19,13.763726455041585,266.47477134773663,714.1523872119342,Van
YB63URU,Peugeot Bipper Van Small,D,791.17984102349,13354.303319999999,47.68,2018-19,16.878973183548936,791.1798410234901,2120.3619739429532,Van
YB63URV,Peugeot Bipper Van Small,D,263.9327573664825,4058.75548,43.44,2018-19,15.377990668904486,263.9327573664825,707.3397897421731,Van
YA16FXG,Peugeot Partner Van Small,D,485.8212569747167,7890.59402,45.88,2018-19,16.24176362544516,485.82125697471673,1302.0009686922408,Van
YL16RZT,Peugeot Partner Van Small,D,458.0395937195716,6661.05826,41.08,2018-19,14.542538137168423,458.0395937195716,1227.546111168452,Van
YL16RZU,Peugeot Partner Van Small,D,466.3327411927239,7169.6097,43.43,2018-19,15.37445061580391,466.3327411927239,1249.7717463965002,Van
YL16RZV,Peugeot Partner Van Small,D,357.2237705152672,5301.16596,41.92,2018-19,14.839902597616854,357.2237705152672,957.359704980916,Van
YL16RZX,Peugeot Partner Van Small,D,645.3255655568313,9948.93988,43.55,2018-19,15.416931253010828,645.3255655568313,1729.472515692308,Van
YL16ZFV,Peugeot Partner Van Small,D,566.1364245326038,8790.21508,43.86,2018-19,15.526672899128702,566.1364245326038,1517.2456177473782,Van
YL16ZFX,Peugeot Partner Van Small,D,341.3840140977444,5143.45064,42.56,2018-19,15.06646599605375,341.3840140977444,914.9091577819551,Van
YL16ZFW,Peugeot Partner Van Small,D,394.3072272841682,5545.78564,39.73,2018-19,14.064630968590588,394.3072272841682,1056.7433691215708,Van
YL16ZFY,Peugeot Partner Van Small,D,361.7680720942983,4671.91402,36.48,2018-19,12.914113710903214,361.7680720942983,969.5384332127195,Van
YL16ZFZ,Peugeot Partner Van Small,D,707.0160233029383,9881.3476,39.48,2018-19,13.976129641076176,707.0160233029383,1894.8029424518747,Van
YL16ZFT,Peugeot Partner Van Small,D,1931.8827305605787,30255.592,44.24,2018-19,15.66119491695061,1931.8827305605787,5177.445717902351,Van
YL16ZGA,Peugeot Partner Van Small,D,3104.6021555197426,54556.626,49.64,2018-19,17.572823591261937,3104.6021555197426,8320.333776792912,Van
YL16ZFS,Peugeot Partner Van Small,D,371.43316807800875,5124.13856,38.97,2018-19,13.795586932946774,371.43316807800875,995.4408904490635,Van
YF16MYG,Peugeot Partner Van Small,D,607.3175553211441,9171.62866,42.66,2018-19,15.101866527059512,607.3175553211441,1627.6110482606664,Van
YF16MYD,Peugeot Partner Van Small,D,413.33999142244465,6141.24144,41.97,2018-19,14.857602863119734,413.33999142244465,1107.7511770121516,Van
YF16MYB,Peugeot Partner Van Small,D,510.83624159872744,9094.38034,50.29,2018-19,17.802927042799414,510.83624159872744,1369.0411274845897,Van
YF16MYA,Peugeot Partner Van Small,D,621.4260271403355,9969.8613,45.32,2018-19,16.043520651812877,621.4260271403355,1665.421752736099,Van
YF16MYH,Peugeot Partner Van Small,D,884.9345378881989,15131.01468,48.3,2018-19,17.098456475784683,884.9345378881989,2371.624561540373,Van
YF16ZYG,Peugeot Partner Van Small,D,748.8108501611171,9871.69156,37.24,2018-19,13.183157746547032,748.8108501611171,2006.8130784317939,Van
YF16ZYK,Peugeot Partner Van Small,D,791.1104268322377,11501.95298,41.07,2018-19,14.538998084067845,791.1104268322377,2120.175943910397,Van
YF16ZYH,Peugeot Partner Van Small,D,570.2468830322772,6817.16424,33.77,2018-19,11.954759320646973,570.2468830322772,1528.261646526503,Van
YF16ZYJ,Peugeot Partner Van Small,D,671.5163638951008,11693.46444,49.19,2018-19,17.413521201735993,671.5163638951008,1799.6638552388702,Van
YF16ZYO,Peugeot Partner Van Small,D,852.8368626455027,14265.18976,47.25,2018-19,16.726750900224147,852.8368626455027,2285.6027918899476,Van
YA16FXB,Peugeot Partner Van Small,D,484.1717239884393,7116.50148,41.52,2018-19,14.698300473593791,484.1717239884393,1297.5802202890175,Van
YA16FWY,Peugeot Partner Van Small,D,571.2622889693357,9496.71534,46.96,2018-19,16.624089360307426,571.2622889693357,1530.9829344378197,Van
YA16FWZ,Peugeot Partner Van Small,D,287.0102380288238,4370.96744,43.02,2018-19,15.229308438680276,287.0102380288238,769.1874379172477,Van
YA16FXF,Peugeot Partner Van Small,D,734.0342770700638,11423.09532,43.96,2018-19,15.562073430134465,734.0342770700638,1967.211862547771,Van
YK16DED,Peugeot Partner Van Small,D,620.6860400172118,10212.87164,46.48,2018-19,16.45416681147975,620.6860400172118,1663.4385872461278,Van
YK16DEM,Peugeot Partner Van Small,D,2105.234982173913,34282.16068,46.0,2018-19,16.28424426265208,2105.234982173913,5642.029752226087,Van
YK16DEF,Peugeot Partner Van Small,D,297.2872875641885,4713.75686,44.79,2018-19,15.855897837482319,297.2872875641885,796.7299306720251,Van
YK16DET,Peugeot Partner Van Small,D,349.54274519610425,4700.88214,37.99,2018-19,13.448661729090272,349.54274519610425,936.7745571255595,Van
YD16NBC,Peugeot Partner Van Small,D,886.678028631285,13484.65986,42.96,2018-19,15.208068120076812,886.678028631285,2376.2971167318437,Van
YF61TNX,Volkswagen Tranporter 4 Motion Van Medium,D,489.48766544885177,3320.06842,19.16,2018-19,6.782741740704649,489.48766544885177,1311.8269434029228,Van
YF61TNK,Volkswagen Tranporter 4 Motion Van Medium,D,865.4059409326426,8869.07274,28.95,2018-19,10.24845372616908,865.4059409326426,2319.2879216994825,Van
YF61LWA,Peugeot Expert L2H1 90 Van Van Medium,D,1002.4843894577172,9358.3121,26.37,2018-19,9.335120026220332,1002.4843894577173,2686.658163746682,Van
YF61LWD,Peugeot Expert L2H1 90 Van Van Medium,D,339.66382532110094,3276.61624,27.25,2018-19,9.646644699071068,339.66382532110094,910.2990518605505,Van
YF61LWC,Peugeot Expert L2H1 90 Van Van Medium,D,533.0613423360224,5380.02362,28.51,2018-19,10.092691389743713,533.0613423360224,1428.6043974605402,Van
YF61LWE,Peugeot Expert L2H1 90 Van Van Medium,D,587.0107611415169,5315.65002,25.58,2018-19,9.055455831274786,587.0107611415169,1573.1888398592655,Van
YF61LWJ,Peugeot Expert L2H1 90 Van Van Medium,D,291.44158845029244,2822.78236,27.36,2018-19,9.68558528317741,291.44158845029244,781.0634570467838,Van
YF61LWH,Peugeot Expert L2H1 90 Van Van Medium,D,1184.6982781030447,14326.34468,34.16,2018-19,12.092821391569457,1184.6982781030447,3174.9913853161597,Van
YF61LWK,Peugeot Expert L2H1 90 Van Van Medium,D,304.24944016943175,3051.30864,28.33,2018-19,10.028970433933335,304.24944016943175,815.3884996540771,Van
YF61LWN,Peugeot Expert L2H1 90 Van Van Medium,D,539.0363857142858,4675.1327,24.5,2018-19,8.673130096412521,539.0363857142858,1444.617513714286,Van
YF61LWM,Peugeot Expert L2H1 90 Van Van Medium,D,559.8120346781506,8743.54422,44.12,2018-19,15.61871427974369,559.8120346781506,1500.2962529374436,Van
YF61LWS,Peugeot Expert L2H1 90 Van Van Medium,D,826.7387247283503,8888.38482,30.37,2018-19,10.751141266450949,826.7387247283503,2215.659782271979,Van
YF61LWZ,Peugeot Expert L2H1 90 Van Van Medium,D,505.0800276535178,8793.43376,49.18,2018-19,17.409981148635417,505.0800276535178,1353.6144741114279,Van
YF61LWP,Peugeot Expert L2H1 90 Van Van Medium,D,509.1543155422716,4221.29882,23.42,2018-19,8.290804361550254,509.1543155422716,1364.533565653288,Van
YF61LWU,Peugeot Expert L2H1 90 Van Van Medium,D,760.7888785488959,8537.5487,31.7,2018-19,11.221968328827629,760.7888785488959,2038.9141945110412,Van
YF61LWW,Peugeot Expert L2H1 90 Van Van Medium,D,1170.7860091947618,14875.12962,35.89,2018-19,12.705250577969199,1170.7860091947618,3137.706504641962,Van
YF61LWV,Peugeot Expert L2H1 90 Van Van Medium,D,1046.2766450490353,11707.9485,31.61,2018-19,11.19010785092244,1046.2766450490353,2804.021408731415,Van
YF61LWL,Peugeot Expert L2H1 90 Van Van Medium,D,859.4149389685688,9969.8613,32.77,2018-19,11.60075401058932,859.4149389685689,2303.2320364357643,Van
YF61LXD,Peugeot Expert L2H1 90 Van Van Medium,D,340.2328503184713,3025.5592,25.12,2018-19,8.892613388648268,340.2328503184713,911.8240388535032,Van
YF61LXE,Peugeot Expert L2H1 90 Van Van Medium,D,490.0365901249257,2916.12408,16.81,2018-19,5.9508292620691625,490.0365901249257,1313.2980615348008,Van
YF61LXG,Peugeot Expert L2H1 90 Van Van Medium,D,1007.7405686687742,10156.54474,28.47,2018-19,10.078531177341405,1007.7405686687744,2700.744724032315,Van
YF61LXB,Peugeot Expert L2H1 90 Van Van Medium,D,298.9855871369295,2550.8039,24.1,2018-19,8.531527972389458,298.9855871369295,801.2813735269712,Van
YF61LXC,Peugeot Expert L2H1 90 Van Van Medium,D,427.0772880354506,4094.16096,27.08,2018-19,9.586463796361267,427.07728803545064,1144.5671319350076,Van
YF61LXA,Peugeot Expert L2H1 90 Van Van Medium,D,657.2385572271387,7887.37534,33.9,2018-19,12.000780010954466,657.2385572271387,1761.3993333687317,Van
YG62YWW,Ford Transit 280SWB van Van Medium,D,1147.528205293738,12585.0388,30.98,2018-19,10.967084505586119,1147.528205293738,3075.3755901872178,Van
YG62YXO,Ford Transit 280SWB van Van Medium,D,1579.56933705981,20007.31488,35.78,2018-19,12.666309993862859,1579.56933705981,4233.2458233202915,Van
YG62YYL,Ford Transit 280SWB van Van Medium,D,1252.5787727935813,12158.5637,27.42,2018-19,9.706825601780873,1252.5787727935813,3356.911111086798,Van
YB62URY,Ford Transit 280SWB van Van Medium,D,1568.168315017065,16265.59938,29.3,2018-19,10.37235558468926,1568.168315017065,4202.691084245735,Van
YJ13ZBL,Ford Transit 280SWB van Van Medium,D,1481.3026713493532,14184.72276,27.05,2018-19,9.575843637059538,1481.3026713493532,3969.8911592162667,Van
YD13GPX,Ford Transit 280SWB van Van Medium,D,1146.558407436096,10480.02208,25.82,2018-19,9.140417105688625,1146.558407436096,3072.7765319287378,Van
YG13OAJ,Ford Transit 280SWB van Van Medium,D,916.6640084108013,7330.5437,22.59,2018-19,7.996979954202402,916.6640084108013,2456.6595425409478,Van
YD13BXE,Ford Transit 280SWB van Van Medium,D,957.2429435989258,7570.33536,22.34,2018-19,7.908478626687988,957.2429435989258,2565.4110888451214,Van
YJ13ZKW,Ford Transit 280SWB van Van Medium,D,1014.039301770871,9932.84648,27.67,2018-19,9.795326929295284,1014.0393017708711,2717.6253287459344,Van
YG13FHR,Ford Transit 280SWB van Van Medium,D,719.7168070362474,7169.6097,28.14,2018-19,9.96170942502238,719.7168070362474,1928.841042857143,Van
YJ13ZMX,Ford Transit 280SWB van Van Medium,D,670.9625081692502,5669.70482,23.87,2018-19,8.450106751076198,670.9625081692502,1798.1795218935906,Van
YJ13ZHX,Ford Transit 280SWB van Van Medium,D,718.4744260110294,5534.52026,21.76,2018-19,7.70315554685455,718.4744260110294,1925.511461709559,Van
YG13OEW,Ford Transit 280SWB van Van Medium,D,443.1657528604119,3427.8942,21.85,2018-19,7.735016024759739,443.1657528604119,1187.6842176659038,Van
YG13OAY,Ford Transit 280SWB van Van Medium,D,929.8269413333334,9874.91024,30.0,2018-19,10.620159301729617,929.8269413333334,2491.9362027733337,Van
YD13GPZ,Ford Transit 280SWB van Van Medium,D,992.5449861441014,8875.5101,25.26,2018-19,8.942174132056337,992.5449861441015,2660.020562866192,Van
YC13DXJ,Ford Transit 280SWB van Van Medium,D,842.8529743493021,7909.9061,26.51,2018-19,9.384680769628407,842.8529743493021,2258.84597125613,Van
YC13HVZ,Ford Transit 280SWB van Van Medium,D,1062.5423726647,11476.20354,30.51,2018-19,10.800702009859023,1062.5423726647,2847.613558741396,Van
YC13DVJ,Ford Transit 280SWB van Van Medium,D,416.97252505446625,3387.6607,22.95,2018-19,8.124421865823157,416.97252505446625,1117.4863671459696,Van
YC13DNJ,Ford Transit 280SWB van Van Medium,D,603.4165878351341,5338.18078,24.99,2018-19,8.846592698340771,603.4165878351341,1617.1564553981596,Van
YC13DYP,Ford Transit 280SWB van Van Medium,D,687.3736614768684,5470.14666,22.48,2018-19,7.95803937009606,687.3736614768684,1842.1614127580074,Van
YL66UWA,Volkswagen Tranporter 4 Motion Van Medium,D,1400.5443202388437,15776.36002,31.82,2018-19,11.264448966034546,1400.5443202388437,3753.4587782401013,Van
YB07UGO,Ford Transit 280SWB van Van Medium,D,1353.175883919063,13494.3159,28.17,2018-19,9.972329584324111,1353.175883919063,3626.511368903089,Van
YG57SOE,Ford Transit 280SWB van Van Medium,D,761.9476833945329,6611.16872,24.51,2018-19,8.676670149513097,761.9476833945329,2042.0197914973483,Van
YH57DSY,Ford Transit 280SWB van Van Medium,D,1474.106620819595,11078.69656,21.23,2018-19,7.515532732523993,1474.106620819595,3950.605743796515,Van
YB13LSL,Ford Transit T300 Van Van Medium,D,969.3621322985958,9285.8918,27.06,2018-19,9.579383690160114,969.3621322985958,2597.890514560237,Van
YB13LUA,Ford Transit 300 Van Van Medium,D,488.3788258036491,3979.89782,23.02,2018-19,8.149202237527193,488.378825803649,1308.8552531537796,Van
YB13LSV,Ford Transit 300 Van Van Medium,D,908.7012031072376,8489.2685,26.39,2018-19,9.342200132421487,908.7012031072377,2435.319224327397,Van
YB13LTT,Ford Transit 300 Van Van Medium,D,777.7762874527908,6561.2791799999995,23.83,2018-19,8.43594653867389,777.7762874527908,2084.4404503734795,Van
YB13VBP,Ford Transit 300 CCab Van Van Medium,D,1262.1677683809523,11728.86992,26.25,2018-19,9.292639389013416,1262.167768380952,3382.6096192609525,Van
YL63CEF,Peugeot Expert L2H1 90 Van Van Medium,D,756.6920416326532,9844.33278,36.75,2018-19,13.009695144618782,756.6920416326532,2027.9346715755107,Van
YL63CCE,Peugeot Expert L2H1 90 Van Van Medium,D,1169.9155036868976,14603.15116,35.26,2018-19,12.482227232632875,1169.9155036868976,3135.373549880886,Van
YL63CCF,Peugeot Expert L2H1 90 Van Van Medium,D,656.4794281938327,7913.12478,34.05,2018-19,12.053880807463115,656.4794281938327,1759.3648675594718,Van
YG14SBO,Peugeot Expert L1H1 90 Van Van Medium,D,1124.5657645421654,14303.81392,35.93,2018-19,12.719410790371505,1124.5657645421654,3013.8362489730034,Van
YL63CCJ,Peugeot Expert L2H1 90 Van Van Medium,D,879.994111144488,10370.58696,33.29,2018-19,11.784836771819299,879.994111144488,2358.384217867228,Van
YL63CCK,Peugeot Expert L2H1 90 Van Van Medium,D,555.5399231621722,5323.69672,27.07,2018-19,9.582923743260691,555.5399231621722,1488.8469940746215,Van
YL63CCN,Peugeot Expert L2H1 90 Van Van Medium,D,1162.1103759331145,13777.55974,33.49,2018-19,11.85563783383083,1162.1103759331145,3114.455807500747,Van
YF63HBX,Peugeot Expert L2H1 90 Van Van Medium,D,1097.2164939678285,11590.46668,29.84,2018-19,10.563518452120393,1097.2164939678285,2940.5402038337807,Van
YL63CEA,Peugeot Expert L2H1 90 Van Van Medium,D,501.63323881004374,6506.56162,36.64,2018-19,12.97075456051244,501.63323881004374,1344.3770800109173,Van
YL63CEN,Peugeot Expert L2H1 90 Van Van Medium,D,927.9754213775179,10111.48322,30.78,2018-19,10.896283443574587,927.9754213775179,2486.9741292917483,Van
YL63CEO,Peugeot Expert L2H1 90 Van Van Medium,D,1251.455029610557,13764.68502,31.07,2018-19,10.998944983491308,1251.455029610557,3353.899479356293,Van
YL63CEU,Peugeot Expert L2H1 90 Van Van Medium,D,909.9893081099424,9493.49666,29.47,2018-19,10.432536487399062,909.9893081099423,2438.771345734646,Van
YL63CEV,Peugeot Expert L2H1 90 Van Van Medium,D,723.139931124959,7805.299,30.49,2018-19,10.793621903657868,723.139931124959,1938.0150154148903,Van
YL63CEX,Peugeot Expert L2H1 90 Van Van Medium,D,499.5749912908243,5685.79822,32.15,2018-19,11.381270718353573,499.5749912908243,1338.8609766594093,Van
YL63CEY,Peugeot Expert L2H1 90 Van Van Medium,D,1024.831123878537,10513.81822,28.98,2018-19,10.259073885470809,1024.831123878537,2746.5474119944793,Van
YL63CHK,Peugeot Expert L2H1 90 Van Van Medium,D,751.9116617565315,9577.18234,35.98,2018-19,12.737111055874385,751.9116617565315,2015.1232535075046,Van
YL63CHN,Peugeot Expert L2H1 90 Van Van Medium,D,358.0846242957747,3600.09358,28.4,2018-19,10.053750805637371,358.0846242957747,959.6667931126763,Van
YL63CHO,Peugeot Expert L2H1 90 Van Van Medium,D,500.9930782565627,7161.563,40.38,2018-19,14.294734420128066,500.9930782565627,1342.661449727588,Van
YL63CHV,Peugeot Expert L2H1 90 Van Van Medium,D,616.6011930677033,6738.30658,30.87,2018-19,10.928143921479776,616.6011930677033,1652.491197421445,Van
YL63CHX,Peugeot Expert L2H1 90 Van Van Medium,D,1361.171736858285,15674.9716,32.53,2018-19,11.51579273617548,1361.171736858285,3647.9402547802038,Van
YL63CHY,Peugeot Expert L2H1 90 Van Van Medium,D,868.3430679824562,9812.14598,31.92,2018-19,11.299849497040313,868.3430679824561,2327.1594221929827,Van
YA14WSF,Peugeot Expert L2H1 90 Van Van Medium,D,2607.103224143778,27217.15808,29.49,2018-19,10.439616593600213,2607.103224143778,6987.036640705325,Van
YF15ZHP,Ford Transit Custom 290L1 Van Medium,D,748.2032408131354,6775.3214,25.58,2018-19,9.055455831274786,748.2032408131354,2005.1846853792028,Van
YB15DMU,Ford Transit Custom 290L1 Van Medium,D,1260.4018029753267,12296.96694,27.56,2018-19,9.756386345188941,1260.4018029753267,3377.876831973876,Van
YF15ZGC,Ford Transit Custom 290L1 Van Medium,D,918.0008702225956,7737.70672,23.81,2018-19,8.42886643247274,918.0008702225956,2460.242332196556,Van
YB15DNJ,Ford Transit Custom 290L1 Van Medium,D,850.0088439516129,7462.50958,24.8,2018-19,8.779331689429817,850.0088439516129,2278.023701790323,Van
YB15DKD,Ford Transit Custom 290L1 Van Medium,D,1036.2439636285837,8572.95418,23.37,2018-19,8.273104096047373,1036.2439636285837,2777.1338225246045,Van
YB15DKF,Ford Transit Custom 290L1 Van Medium,D,1231.0532508983993,13339.81926,30.61,2018-19,10.836102540864786,1231.0532508983993,3299.2227124077103,Van
YB15DKJ,Ford Transit Custom 290L1 Van Medium,D,1119.2460029806261,13293.1484,33.55,2018-19,11.876878152434287,1119.2460029806261,2999.5792879880782,Van
YF15ZFZ,Ford Transit Custom 290L1 Van Medium,D,1027.9375477707006,10283.6826,28.26,2018-19,10.0041900622293,1027.9375477707006,2754.8726280254778,Van
YB15DLF,Ford Transit Custom 290L1 Van Medium,D,814.9763227326266,7348.24644,25.47,2018-19,9.016515247168446,814.9763227326266,2184.1365449234395,Van
YE15VNW,Ford Transit Custom 290L1 Van Medium,D,1312.2991060329068,12705.7393,27.35,2018-19,9.682045230076834,1312.2991060329068,3516.9616041681907,Van
YB15DND,Ford Transit Custom 290L1 Van Medium,D,808.2826449683322,8131.99502,28.42,2018-19,10.060830911838526,808.2826449683321,2166.1974885151303,Van
YB15DKV,Ford Transit Custom 290L1 Van Medium,D,1088.7373292970065,11458.5008,29.73,2018-19,10.52457786801405,1088.7373292970065,2917.8160425159776,Van
YF15LLW,Ford Transit Custom 290L1 Van Medium,D,752.0713971161342,6831.6483,25.66,2018-19,9.083776256079398,752.0713971161342,2015.55134427124,Van
YF15LSE,Ford Transit Custom 290L1 Van Medium,D,704.3413519968677,6368.15838,25.54,2018-19,9.04129561887248,704.3413519968677,1887.6348233516055,Van
YB15DMY,Ford Transit Custom 290L1 Van Medium,D,664.1956795926362,6002.8382,25.53,2018-19,9.037755565771905,664.1956795926361,1780.044421308265,Van
YB15DKX,Ford Transit Custom 290L1 Van Medium,D,588.406966555184,4982.51664,23.92,2018-19,8.467807016579082,588.406966555184,1576.9306703678933,Van
YB15DLK,Ford Transit Custom 290L1 Van Medium,D,995.7507178178964,8981.72654,25.48,2018-19,9.020055300269021,995.7507178178964,2668.6119237519624,Van
YB15DNO,Ford Transit Custom 290L1 Van Medium,D,1111.7401805392733,10071.24972,25.59,2018-19,9.058995884375364,1111.7401805392733,2979.4636838452525,Van
YB15DLY,Ford Transit Custom 290L1 Van Medium,D,507.0470072393823,3719.18474,20.72,2018-19,7.334990024394589,507.0470072393823,1358.8859794015448,Van
YB15DLZ,Ford Transit Custom 290L1 Van Medium,D,633.6866482059282,5751.7811599999995,25.64,2018-19,9.076696149878247,633.6866482059282,1698.2802171918877,Van
YF15LLA,Ford Transit Custom 290L1 Van Medium,D,1774.989797708773,20842.56234,33.17,2018-19,11.74235613461238,1774.989797708773,4756.972657859512,Van
YF15LUD,Ford Transit Custom 290L1 Van Medium,D,1017.4003556149734,9429.12306,26.18,2018-19,9.267859017309378,1017.4003556149735,2726.632953048129,Van
YF15LJN,Ford Transit Custom 290L1 Van Medium,D,1049.916728565454,8886.77548,23.91,2018-19,8.464266963478504,1049.916728565454,2813.7768325554166,Van
YF15LRJ,Ford Transit Custom 290L1 Van Medium,D,1175.817585734364,11846.35174,28.46,2018-19,10.074991124240832,1175.817585734364,3151.191129768096,Van
YF15LPE,Ford Transit Custom 290L1 Van Medium,D,1455.7328782373406,13331.77256,25.87,2018-19,9.158117371191507,1455.7328782373406,3901.364113676073,Van
YF15LWO,Ford Transit Custom 290L1 Van Medium,D,439.9060323420075,4189.11202,26.9,2018-19,9.522742840550888,439.9060323420075,1178.9481666765803,Van
YF15LJY,Ford Transit Custom 290L1 Van Medium,D,814.7656096877503,7205.01518,24.98,2018-19,8.843052645240196,814.7656096877503,2183.571833963171,Van
YE15VFD,Ford Transit Custom 290L1 Van Medium,D,1511.773320448878,12876.32934,24.06,2018-19,8.517367759987152,1511.7733204488782,4051.5524988029933,Van
YF15LNU,Ford Transit Custom 290L1 Van Medium,D,1423.7218096942097,15493.116179999999,30.74,2018-19,10.88212323117228,1423.7218096942097,3815.5744499804823,Van
YF15LKN,Ford Transit Custom 290L1 Van Medium,D,1184.80318896502,11630.70018,27.73,2018-19,9.816567247898742,1184.80318896502,3175.2725464262535,Van
YF15LLK,Ford Transit Custom 290L1 Van Medium,D,656.9822811718473,6509.7803,27.99,2018-19,9.908608628513731,656.9822811718473,1760.7125135405508,Van
YF15LWU,Ford Transit Custom 290L1 Van Medium,D,1120.9987643600182,8774.12168,22.11,2018-19,7.827057405374728,1120.9987643600182,3004.276688484849,Van
YF15LKJ,Ford Transit Custom 290L1 Van Medium,D,2301.0935699450215,26669.98248,32.74,2018-19,11.59013385128759,2301.0935699450215,6166.930767452658,Van
YF15LKE,Ford Transit Custom 290L1 Van Medium,D,1524.2016136443976,15264.589899999999,28.29,2018-19,10.014810221531027,1524.2016136443976,4084.860324566986,Van
YF15LLV,Ford Transit Custom 290L1 Van Medium,D,794.7193215978335,8310.63176,29.54,2018-19,10.457316859103097,794.7193215978335,2129.847781882194,Van
YB15ZZN,Ford Transit Custom 290L1 Van Medium,D,1240.860302497362,12488.4784,28.43,2018-19,10.064370964939101,1240.860302497362,3325.5056106929305,Van
YA15AHL,Ford Transit Custom 290L1 Van Medium,D,1218.977128193219,9290.71982,21.53,2018-19,7.621734325541288,1218.977128193219,3266.858703557827,Van
YA15GPO,Ford Transit Custom 290L1 Van Medium,D,755.2455692363903,7317.66898,27.37,2018-19,9.689125336277987,755.2455692363903,2024.0581255535262,Van
YA15GPK,Ford Transit Custom 290L1 Van Medium,D,764.0487394957984,6759.228,24.99,2018-19,8.846592698340771,764.0487394957984,2047.6506218487398,Van
YF15LNW,Ford Transit Custom 290L1 Van Medium,D,1193.4776775170326,11162.38224,26.42,2018-19,9.352820291723217,1193.4776775170326,3198.5201757456475,Van
YJ16EGW,Ford Transit Custom 290L1 Van Medium,D,660.9125407608695,6026.9783,25.76,2018-19,9.119176787085165,660.9125407608697,1771.2456092391305,Van
YJ16EGM,Ford Transit Custom 290L1 Van Medium,D,1503.6364010050252,15889.01382,29.85,2018-19,10.56705850522097,1503.6364010050252,4029.7455546934675,Van
YJ16EJR,Ford Transit Custom 290L1 Van Medium,D,319.62509692307697,2941.87352,26.0,2018-19,9.204138061499002,319.62509692307697,856.5952597538463,Van
YJ16MTS,Ford Transit Custom 290L1 Van Medium,D,502.02323283143596,4839.28538,27.23,2018-19,9.639564592869917,502.02323283143596,1345.4222639882485,Van
YJ16EJP,Ford Transit Custom 290L1 Van Medium,D,890.52577579519,8127.167,25.78,2018-19,9.12625689328632,890.52577579519,2386.6090791311094,Van
YJ16EGS,Ford Transit Custom 290L1 Van Medium,D,1030.4105078407722,9071.84958,24.87,2018-19,8.804112061133852,1030.4105078407722,2761.5001610132695,Van
YJ16MTP,Ford Transit Custom 290L1 Van Medium,D,973.7955719661336,7328.93436,21.26,2018-19,7.526152891825723,973.7955719661336,2609.7721328692382,Van
YJ16MTC,Ford Transit Custom 290L1 Van Medium,D,833.5012364314791,8698.4827,29.48,2018-19,10.436076540499636,833.5012364314791,2233.7833136363643,Van
YJ16MSS,Ford Transit Custom 290L1 Van Medium,D,620.1250936619718,6234.58316,28.4,2018-19,10.053750805637371,620.1250936619718,1661.9352510140845,Van
YJ16MSW,Ford Transit Custom 290L1 Van Medium,D,1168.0903717368606,11880.14788,28.73,2018-19,10.170572557956397,1168.0903717368606,3130.4821962547867,Van
YJ16EEK,Ford Transit Custom 290L1 Van Medium,D,784.2859102412021,7021.55042,25.29,2018-19,8.952794291358067,784.285910241202,2101.8862394464218,Van
YJ16CBK,Ford Transit Custom 290L1 Van Medium,D,1011.345743198681,8685.60798,24.26,2018-19,8.588168821998686,1011.3457431986809,2710.406591772465,Van
YJ16CBZ,Ford Transit Custom 290L1 Van Medium,D,1093.4610442978324,12321.10704,31.83,2018-19,11.267989019135124,1093.4610442978324,2930.475598718191,Van
YJ16MSZ,Ford Transit Custom 290L1 Van Medium,D,690.8080239130436,5624.6433,23.0,2018-19,8.142122131326039,690.8080239130436,1851.365504086957,Van
YJ16EGT,Ford Transit Custom 290L1 Van Medium,D,719.8667906466935,6974.87956,27.37,2018-19,9.689125336277987,719.8667906466935,1929.2429989331388,Van
YJ16EJT,Ford Transit Custom 290L1 Van Medium,D,630.7656529366895,5854.77892,26.22,2018-19,9.282019229711686,630.7656529366895,1690.451949870328,Van
YJ16EJS,Ford Transit Custom 290L1 Van Medium,D,754.9305439051501,7213.06188,26.99,2018-19,9.55460331845608,754.9305439051501,2023.2138576658024,Van
YJ16MTL,Ford Transit Custom 290L1 Van Medium,D,670.2525256505577,6382.64244,26.9,2018-19,9.52274284055089,670.2525256505577,1796.2767687434948,Van
YJ16MTW,Ford Transit Custom 290L1 Van Medium,D,840.0178089459087,8576.17286,28.84,2018-19,10.209513142062738,840.0178089459087,2251.247727975035,Van
YJ16EGA,Ford Transit Custom 290L1 Van Medium,D,803.1265649419219,8077.27746,28.41,2018-19,10.057290858737948,803.1265649419219,2152.3791940443507,Van
YJ16MSR,Ford Transit Custom 290L1 Van Medium,D,1682.4965807150595,16492.51632,27.69,2018-19,9.802407035496437,1682.4965807150597,4509.09083631636,Van
YJ16MUR,Ford Transit Custom 290L1 Van Medium,D,849.2546971900828,9094.38034,30.25,2018-19,10.70866062924403,849.2546971900828,2276.002588469422,Van
YJ16MSP,Ford Transit Custom 290L1 Van Medium,D,1390.666870602631,16093.4,32.69,2018-19,11.572433585784704,1390.666870602631,3726.9872132150513,Van
YJ16EJB,Ford Transit Custom 290L1 Van Medium,D,1185.1149109263658,10597.5039,25.26,2018-19,8.942174132056339,1185.1149109263656,3176.1079612826607,Van
YJ16EHA,Ford Transit Custom 290L1 Van Medium,D,1730.1561516654858,17284.3116,28.22,2018-19,9.990029849826993,1730.1561516654858,4636.818486463502,Van
YJ16EED,Ford Transit Custom 290L1 Van Medium,D,646.1317044167611,6059.1651,26.49,2018-19,9.377600663427252,646.1317044167611,1731.6329678369198,Van
YJ16MTR,Ford Transit Custom 290L1 Van Medium,D,1841.1526823137494,21521.70382,33.02,2018-19,11.689255338103731,1841.1526823137494,4934.289188600849,Van
YL16ZXD,Ford Transit Custom 290L1 Van Medium,D,621.414550381373,5479.8027,24.91,2018-19,8.81827227353616,621.414550381373,1665.3909950220798,Van
YL16ZYA,Ford Transit Custom 290L1 Van Medium,D,1011.9182329685847,10148.49804,28.33,2018-19,10.028970433933335,1011.9182329685847,2711.940864355807,Van
YL16ZXB,Ford Transit Custom 290L1 Van Medium,D,1231.3879709699454,12763.67554,29.28,2018-19,10.365275478488106,1231.3879709699454,3300.119762199454,Van
YL16XVT,Ford Transit Custom 290L1 Van Medium,D,568.872753266718,5240.01104,26.02,2018-19,9.211218167700155,568.872753266718,1524.5789787548042,Van
YL16ZXE,Ford Transit Custom 290L1 Van Medium,D,1261.749344803615,12850.5799,28.77,2018-19,10.184732770358703,1261.749344803615,3381.4882440736883,Van
YD16MGT,Ford Transit Custom 290L1 Van Medium,D,1223.8960509344083,11823.82098,27.29,2018-19,9.660804911473376,1223.8960509344083,3280.0414165042143,Van
YL16ZXW,Ford Transit Custom 290L1 Van Medium,D,1280.8416199800865,13661.68726,30.13,2018-19,10.666179992037112,1280.8416199800865,3432.6555415466323,Van
YH66UPG,Ford Transit Custom 290L1 Van Medium,D,821.0947098886706,8877.11944,30.54,2018-19,10.811322169160752,821.0947098886706,2200.5338225016376,Van
YH66UPF,Ford Transit Custom 290L1 Van Medium,D,752.1187373808684,7542.97658,28.33,2018-19,10.028970433933335,752.1187373808684,2015.6782161807275,Van
YH66UPJ,Ford Transit Custom 290L1 Van Medium,D,1322.1747163476625,14916.972459999999,31.87,2018-19,11.28214923153743,1322.1747163476625,3543.4282398117357,Van
YL66AWR,Ford Transit Custom 290L1 Van Medium,D,1011.7890556142204,10175.856819999999,28.41,2018-19,10.057290858737947,1011.7890556142204,2711.594669046111,Van
YH10CAX,Ford Transit 330SWB van Van Medium,D,589.0517542176647,6303.78478,30.23,2018-19,10.701580523042876,589.0517542176647,1578.6587013033413,Van
YH10YAU,Ford Transit 330SWB van Van Medium,D,537.452525838622,4197.15872,22.06,2018-19,7.809357139871845,537.452525838622,1440.372769247507,Van
YH10PNZ,Ford Transit 330SWB van Van Medium,D,1085.386129451194,9171.62866,23.87,2018-19,8.4501067510762,1085.386129451194,2908.8348269292,Van
YC10FCL,Ford Transit 330SWB van Van Medium,D,1395.2903047581597,12560.8987,25.43,2018-19,9.00235503476614,1395.2903047581597,3739.378016751868,Van
YF13HZJ,Ford Transit 100SWB van Van Medium,D,730.3645200974422,6368.15838,24.63,2018-19,8.719150786720016,730.3645200974422,1957.3769138611453,Van
YB13VYK,Ford Transit 100SWB van Van Medium,D,994.913662977508,9865.2542,28.01,2018-19,9.915688734714886,994.9136629775081,2666.368616779722,Van
YF13WXN,Ford Transit 100SWB van Van Medium,D,1301.2971375464688,12391.918,26.9,2018-19,9.522742840550888,1301.2971375464688,3487.4763286245366,Van
YF13WYO,Ford Transit 100SWB van Van Medium,D,1908.8227410676757,16075.69726,23.79,2018-19,8.421786326271587,1908.8227410676757,5115.644946061371,Van
YF13TKX,Ford Transit 100 T350 MWB Van Medium,D,1610.7031730076092,14237.83098,24.97,2018-19,8.839512592139618,1610.7031730076094,4316.684503660393,Van
YL63CMY,Peugeot Boxer 330 Van Van Medium,D,1208.5821344126507,11363.54974,26.56,2018-19,9.402381035131288,1208.5821344126507,3239.000120225904,Van
YG17FWW,Iveco Iveco Daily 35C12 Van Large,D,2037.608314572426,16532.74982,22.92,2018-19,8.113801706521429,2037.6083145724258,5460.7902830541025,Van
YH17VCG,Peugeot Boxer 335 Van Van Large,D,1766.9268081326493,15843.9523,25.33,2018-19,8.966954503760373,1766.9268081326493,4735.3638457955,Van
MW17UYJ,Vauxhall Movano Panel Van Van Large,D,771.4881614329944,6175.03758,22.61,2018-19,8.004060060403555,771.4881614329943,2067.588272640425,Van
MW17UYK,Vauxhall Movano Panel Van Van Large,D,2662.5446048709564,25929.68608,27.51,2018-19,9.738686079686058,2662.5446048709564,7135.619541054163,Van
YH07UUP,Ford Transit 350L HR van Van Large,D,77.13029101123595,243.01033999999999,8.9,2018-19,3.15064725951312,77.13029101123595,206.70917991011237,Van
MK16YUY,Vauxhall Movano Panel Van Van Large,D,957.622156396256,8692.04534,25.64,2018-19,9.076696149878247,957.622156396256,2566.427379141966,Van
YL08KHP,Ford Transit 350L HR van Van Large,D,1489.28594263776,11672.54302,22.14,2018-19,7.837677564676456,1489.28594263776,3991.2863262691967,Van
YH09VPC,Ford Transit 350L HR van Van Large,D,587.0927184553211,4628.46184,22.27,2018-19,7.883698254983952,587.0927184553211,1573.4084854602606,Van
YH09VOY,Ford Transit 350L HR van Van Large,D,1662.8488083584339,15634.7381,26.56,2018-19,9.402381035131288,1662.8488083584339,4456.434806400603,Van
YH09OSE,Ford Transit 350EF van Van Large,D,1301.4726542506576,10513.81822,22.82,2018-19,8.07840117551566,1301.4726542506576,3487.9467133917624,Van
YC09DWO,Ford Transit 350EF van Van Large,D,1326.920685124355,10010.0948,21.31,2018-19,7.543853157328605,1326.920685124355,3556.1474361332716,Van
YF13WCP,Ford Transit 350L MR van Van Large,D,1264.31060199005,11695.07378,26.13,2018-19,9.250158751806497,1264.31060199005,3388.352413333334,Van
YL63CEJ,Peugeot Boxer 335 Van Van Large,D,1726.278369708738,15736.12652,25.75,2018-19,9.115636733984589,1726.278369708738,4626.426030819418,Van
YG14RZV,Peugeot Boxer 335 Van Van Large,D,1287.8670151898734,10805.10876,23.7,2018-19,8.389925848366397,1287.8670151898734,3451.483600708861,Van
YD14UWB,Peugeot Boxer 335 Van Van Large,D,1253.9832028218696,10068.03104,22.68,2018-19,8.028840432107591,1253.9832028218696,3360.6749835626106,Van
YG14RZW,Peugeot Boxer Van Large,D,1619.5325281660316,13536.15874,23.61,2018-19,8.358065370461208,1619.5325281660316,4340.347175484965,Van
YG14RZX,Peugeot Boxer Van Large,D,2178.563579341941,18517.06604,24.01,2018-19,8.499667494484271,2178.563579341941,5838.550392636403,Van
YH05HXR,Ford Transit 350 DS WASH Flatback to 3.5t,D,1283.0761132203393,6699.68242,14.75,2018-19,5.2215783233503945,1283.0761132203393,3438.6439834305093,Truck
YE07FBN,Ford Transit 350M Tip T/L Tipper to 3.5t,D,1015.5684134379597,7330.5437,20.39,2018-19,7.218168272075564,1015.5684134379597,2721.7233480137324,Truck
YB57ZKL,Ford Transit 350L tipper Tipper to 3.5t,D,883.0604230154503,5867.6536399999995,18.77,2018-19,6.644679669782163,883.0604230154503,2366.601933681407,Truck
YE12PHV,Peugeot Boxer Tipper to 3.5t,D,1093.6995632495164,10008.48546,25.85,2018-19,9.151037264990356,1093.6995632495164,2931.114829508704,Truck
YC12UFR,Peugeot Boxer Tipper to 3.5t,D,2227.834400894701,22918.61094,29.06,2018-19,10.28739431027542,2227.834400894701,5970.596194397799,Truck
YJ63UWY,Ford Transit 350M Dside Flatback to 3.5t,D,1093.4334730434784,8902.86888,23.0,2018-19,8.142122131326039,1093.4334730434784,2930.4017077565222,Truck
YJ63UUZ,Ford Transit 350M Dside Flatback to 3.5t,D,465.45396002578985,2555.63192,15.51,2018-19,5.490622358994211,465.4539600257899,1247.416612869117,Truck
YJ14SJU,Peugeot Boxer 335 Tipper T/L Flatback to 3.5t,D,417.9694660534385,3378.00466,22.83,2018-19,8.08194122861624,417.96946605343845,1120.1581690232154,Truck
YJ65HWD,Peugeot Boxer 335 Tipper T/L Flatback to 3.5t,D,782.7363520772137,6603.12202,23.83,2018-19,8.435946538673893,782.7363520772136,2097.7334235669327,Truck
YB65WZP,Ford Transit 350M Dside Flatback to 3.5t,D,1293.318662126538,10420.4765,22.76,2018-19,8.057160856912203,1293.318662126538,3466.094014499122,Truck
YB65NSZ,Ford Transit 350L tipper Tipper to 3.5t,D,1586.4126835095965,14337.610059999999,25.53,2018-19,9.037755565771905,1586.4126835095965,4251.585991805719,Truck
YF65BZH,Ford Transit 350L tipper Tipper to 3.5t,D,1626.319866376969,10599.11324,18.41,2018-19,6.51723775816141,1626.319866376969,4358.537241890277,Truck
YF65VVH,Ford Transit 350L tipper Tipper to 3.5t,D,2558.1255687955427,21127.41552,23.33,2018-19,8.258943883645065,2558.1255687955427,6855.776524372055,Truck
YH17UAP,Ford Transit 350M DS T/L Flatback to 3.5t,D,898.2282578565673,7892.2033599999995,24.82,2018-19,8.78641179563097,898.2282578565673,2407.2517310556004,Truck
YH17UBG,Ford Transit 350M Tip T/L Flatback to 3.5t,D,1995.9676361615416,19070.679,26.99,2018-19,9.55460331845608,1995.9676361615413,5349.193264912932,Truck
YH17TXC,Ford Transit 350L DS T/L Flatback to 3.5t,D,452.90952710280385,3431.11288,21.4,2018-19,7.575713635233793,452.90952710280385,1213.7975326355145,Truck
YB66XRY,Ford Transit 350L Dside Flatback to 3.5t,D,1060.8939981566823,8149.69776,21.7,2018-19,7.681915228251088,1060.8939981566823,2843.1959150599087,Truck
YB66XNC,Ford Transit 350L Dside Flatback to 3.5t,D,1497.6284901506376,13726.06086,25.89,2018-19,9.165197477392658,1497.6284901506376,4013.644353603709,Truck
YB17CUV,Ford Transit 350M Dside T/L Flatback to 3.5t,D,472.9863218797373,3313.63106,19.79,2018-19,7.005765086040971,472.9863218797373,1267.6033426376962,Truck
YG08XBT,Ford Transit 350EF BoxVan Luton,D,780.8064633653361,5470.14666,19.79,2018-19,7.005765086040972,780.8064633653361,2092.5613218191006,Van
YJ58OUA,Iveco 35S12 LWB HR Meeting Mobile Meeting room,D,288.2430419407895,1240.80114,12.16,2018-19,4.304704570301071,288.2430419407895,772.4913524013159,Bus
YJ58OTZ,Iveco 35S12 LWB HR Meeting Mobile Meeting room,D,260.1073565365026,1084.69516,11.78,2018-19,4.1701825524791625,260.1073565365026,697.0877155178271,Bus
YJ58OTY,Iveco 35S12 LWB HR Meeting Mobile Meeting room,D,279.8267207958922,1543.35706,15.58,2018-19,5.5154027306982485,279.8267207958922,749.9356117329911,Bus
YG58LZC,Ford Transit 350EF BoxVan Luton,D,1364.059655578301,9435.56042,19.54,2018-19,6.917263758526557,1364.059655578301,3655.6798769498473,Van
YJ58BDU,Iveco 35S12 LWB HR Meeting Mobile Meeting room,D,650.6187599216072,4700.88214,20.41,2018-19,7.2252483782767145,650.6187599216072,1743.6582765899075,Bus
YJ58OTG,Iveco 35S12 LWB HR Meeting Mobile Meeting room,D,550.5536053589151,5891.79374,30.23,2018-19,10.701580523042876,550.5536053589151,1475.4836623618926,Bus
YJ60CZS,Iveco 35S12 LWB HR Meeting Mobile Meeting room,D,308.03704216672077,3361.91126,30.83,2018-19,10.913983709077469,308.03704216672077,825.5392730068118,Bus
YJ60CZT,Iveco 35S12 LWB HR Meeting Mobile Meeting room,D,457.1854993702771,2570.11598,15.88,2018-19,5.621604323715545,457.18549937027706,1225.2571383123427,Bus
YJ60MSV,Iveco 35S12 LWB HR Meeting Mobile Meeting room,D,204.07820780711828,629.25194,8.71,2018-19,3.0833862506021656,204.07820780711828,546.929596923077,Bus
YJ14SVN,Peugeot Boxer Luton,D,1569.5973894736844,11612.99744,20.9,2018-19,7.3987109802049655,1569.5973894736844,4206.521003789475,Van
YJ14SVL,Peugeot Boxer Luton,D,1790.539538636364,13944.9311,22.0,2018-19,7.788116821268385,1790.539538636364,4798.645963545456,Van
MV67KYC,Vauxhall MOVANO L3H1 CC Tip 3.5t CC Tipper,D,1894.775570638512,13341.4286,19.89,2018-19,7.041165617046736,1894.775570638512,5077.998529311212,Truck
MV67KYF,Vauxhall MOVANO L3H1 CC Tip 3.5t CC Tipper,D,2191.8547181082763,12469.16632,16.07,2018-19,5.688865332626499,2191.8547181082763,5874.170644530181,Truck
MV67KYN,Vauxhall MOVANO L3H1 CC Tip 3.5t CC Tipper,D,2421.7509133141766,17900.68882,20.88,2018-19,7.391630874003813,2421.7509133141766,6490.2924476819935,Truck
MV67KXW,Vauxhall MOVANO L3H1 CC Tip 3.5t CC Tipper,D,3206.7125596638657,20263.19994,17.85,2018-19,6.318994784529122,3206.7125596638657,8593.98965989916,Truck
MV67KXX,Vauxhall MOVANO L3H1 CC Tip 3.5t CC Tipper,D,2025.03342686101,13771.12238,19.21,2018-19,6.800442006207533,2025.03342686101,5427.089583987507,Truck
MV67KVS,Vauxhall MOVANO L3H1 CC Tip 3.5t CC Tipper,D,1423.1238260869566,8574.56352,17.02,2018-19,6.0251703771812695,1423.1238260869566,3813.971853913044,Truck
MV67KVH,Vauxhall MOVANO L3H1 CC Tip 3.5t CC Tipper,D,3311.1325540616244,20923.02934,17.85,2018-19,6.318994784529123,3311.1325540616244,8873.835244885155,Truck
MV67KVJ,Vauxhall MOVANO L3H1 CC Tip 3.5t CC Tipper,D,1123.4967903975219,7703.91058,19.37,2018-19,6.857082855816757,1123.4967903975219,3010.971398265359,Truck
MV67KXN,Vauxhall MOVANO L3H1 CC Tip 3.5t CC Tipper,D,2508.408128868881,15779.5787,17.77,2018-19,6.290674359724509,2508.408128868881,6722.533785368601,Truck
MV67KXU,Vauxhall MOVANO L3H1 CC Tip 3.5t CC Tipper,D,2735.9671217345876,18537.98746,19.14,2018-19,6.7756616345034955,2735.9671217345876,7332.391886248695,Truck
MV67KWN,Vauxhall MOVANO L3H1 CC Tip 3.5t CC Tipper,D,1211.1087676880225,7695.86388,17.95,2018-19,6.354395315534887,1211.1087676880225,3245.7714974039004,Truck
MV67KTA,Vauxhall MOVANO L3H1 CC Tip 3.5t CC Tipper,D,1308.589810879512,9112.08308,19.67,2018-19,6.963284448834053,1308.589810879512,3507.0206931570924,Truck
MV67KTL,Vauxhall MOVANO L3H1 CC Tip 3.5t CC Tipper,D,1963.2845080731972,12913.34416,18.58,2018-19,6.57741866087121,1963.2845080731972,5261.602481636169,Truck
MV17CVW,Vauxhall MOVANO L3H1 CC Tip 3.5t CC Tipper,D,1693.5648583690988,11175.25696,18.64,2018-19,6.59865897947467,1693.5648583690988,4538.753820429185,Truck
YK06YZV,Ford Transit 350LCCtipper 3.5t CC Tipper,D,130.62489224952742,489.23936,10.58,2018-19,3.7453761804099783,130.62489224952742,350.0747112287335,Truck
YC63CUV,Ford Transit 350CC Tip TL 3.5t CC Tipper,D,1393.0895561027085,14020.57008,28.43,2018-19,10.064370964939101,1393.0895561027085,3733.480010355259,Truck
YB63HHA,Ford Transit 350CC Tipper to 3.5t,D,1520.079893285905,12102.2368,22.49,2018-19,7.961579423196637,1520.079893285905,4073.8141140062257,Truck
YB63HGD,Ford Transit 350CC Tipper to 3.5t,D,1071.6694855004678,8111.0736,21.38,2018-19,7.568633529032641,1071.6694855004678,2872.074221141254,Truck
YJ14SJY,Peugeot Boxer CCab Tipper 3.5t CC Tipper,D,1359.0112266949154,9083.11496,18.88,2018-19,6.683620253888506,1359.0112266949154,3642.1500875423735,Truck
YJ14SJV,Peugeot Boxer CCab Tipper 3.5t CC Tipper,D,735.9948926654741,4369.3581,16.77,2018-19,5.936669049666857,735.9948926654741,1972.466312343471,Truck
YJ58OTF,Iveco 65C18CC Tip T/L Tipper 3.5t - 7.5t,D,205.74650249584028,1313.22144,18.03,2018-19,6.3827157403395,205.74650249584028,551.400626688852,Truck
YG14LGA,Volkswagen Crafter CR50 CC Tip Tipper 3.5t - 7.5t,D,653.4246693333333,3469.73704,15.0,2018-19,5.310079650864809,653.4246693333333,1751.1781138133333,Truck
YG14LFX,Volkswagen Crafter CR50 Tip T/L Tipper 3.5t - 7.5t,D,659.7341726788883,3949.32036,16.91,2018-19,5.986229793074928,659.7341726788883,1768.0875827794207,Truck
YF17CHO,Ford Ford Transit T470 Tipper 3.5t - 7.5t,D,992.0294046948358,7480.21232,21.3,2018-19,7.540313104228028,992.0294046948358,2658.63880458216,Truck
YF17PRZ,Ford Ford Transit T470 Tipper 3.5t - 7.5t,D,521.9046879659212,3469.73704,18.78,2018-19,6.648219722882741,521.9046879659212,1398.704563748669,Truck
YF17CJE,Ford Ford Transit T470 Tipper 3.5t - 7.5t,D,2161.124593809524,16066.04122,21.0,2018-19,7.434111511210732,2161.124593809524,5791.813911409525,Truck
YJ10LCG,Iveco Daily 65C18A Mobile Library,D,1407.8025051590714,11592.07602,23.26,2018-19,8.23416351194103,1407.8025051590714,3772.9107138263116,Bus
NX56BZY,Leyland DAF Ley Daf FA45 Library Mobile Library,D,1093.3492229896399,7845.5325,20.27,2018-19,7.175687634868646,1093.3492229896399,2930.175917612235,Bus
NX56CCV,Leyland DAF Ley Daf FA45 Library Mobile Library,D,1435.4241091431306,10615.20664,20.89,2018-19,7.395170927104392,1435.4241091431306,3846.9366125035904,Bus
KE53ENK,Mercedes Atego Mobile Library Mobile Library,D,511.16904949832787,2705.30054,14.95,2018-19,5.292379385361926,511.16904949832787,1369.9330526555188,Truck
YJ09DZG,Iveco Ford Cargo75E/G Library Mobile Library,D,1514.7143554603856,10016.53216,18.68,2018-19,6.612819191876976,1514.7143554603856,4059.4344726338336,Truck
YG14YBA,Mercedes Atego Mobile Library Mobile Library,D,1252.711630580357,7946.92092,17.92,2018-19,6.343775156233159,1252.711630580357,3357.267169955357,Truck
PO14FNC,Renault Midlum 180.0 Midlum 180.08 Mobile Library,D,1746.9870628662763,11608.16942,18.77,2018-19,6.644679669782163,1746.9870628662763,4681.92532848162,Truck
BX07ZPK,Renault Master 150.35c Mobile Library,D,813.2717148736037,4897.22162,17.01,2018-19,6.021630324080694,813.2717148736037,2179.568195861258,Van
YJ07BLZ,Iveco ML75E16K 7.5t Tip TL Tipper 7.5t,D,584.2484575807334,3778.73032,18.27,2018-19,6.467677014753338,584.2484575807334,1565.7858663163656,Truck
YJ07ZVB,Iveco ML75E16K 7.5t Tip TL Tipper 7.5t,D,332.7985439356436,1903.84922,16.16,2018-19,5.720725810531688,332.7985439356436,891.9000977475248,Truck
YJ10KWK,Ford Cargo 75E Tipper Tipper 7.5t,D,812.5039871420223,4921.36172,17.11,2018-19,6.057030855086458,812.5039871420223,2177.5106855406198,Truck
YC63WSY,Mitsubishi Cantor 7.5t Tipper Tipper 7.5t,D,1193.0618312905553,5857.9976,13.87,2018-19,4.910053650499659,1193.0618312905553,3197.4057078586884,Truck
YC63WSV,Mitsubishi Cantor 7.5t Tipper Tipper 7.5t,D,1607.665772961058,15491.50684,27.22,2018-19,9.63602453976934,1607.665772961058,4308.544271535636,Truck
YC63WSW,Mitsubishi Cantor 7.5t Tipper Tipper 7.5t,D,1096.847532727273,6406.78254,16.5,2018-19,5.841087615951289,1096.847532727273,2939.5513877090916,Truck
YD67KFU,Fuso Canter 7C15 HEV Tipper 7.5t,D,769.3383076923077,3930.00828,14.43,2018-19,5.108296624131946,769.3383076923077,2061.8266646153847,Truck
YD67JBV,Fuso Canter 7C15 HEV Tipper 7.5t,D,3105.8862536813926,32853.06676,29.88,2018-19,10.577678664522699,3105.8862536813926,8323.775159866133,Truck
YD67JBX,Fuso Canter 7C15 HEV Tipper 7.5t,D,2018.5890556597876,11426.314,15.99,2018-19,5.660544907821886,2018.5890556597876,5409.818669168231,Truck
YD67JBY,Fuso Canter 7C15 HEV Tipper 7.5t,D,1620.1919487341772,9062.19354,15.8,2018-19,5.593283898910932,1620.1919487341775,4342.114422607595,Truck
YD67JBZ,Fuso Canter 7C15 HEV Tipper 7.5t,D,1824.5568066095473,10554.05172,16.34,2018-19,5.7844467663420644,1824.5568066095473,4889.812241713587,Truck
YD67JCJ,Fuso Canter 7C15 HEV Tipper 7.5t,D,3692.0928672316386,18507.41,14.16,2018-19,5.01271519041638,3692.0928672316386,9894.808884180791,Truck
YD67JCO,Fuso Canter 7C15 HEV Tipper 7.5t,D,2169.6495091056254,18978.94662,24.71,2018-19,8.747471211524628,2169.6495091056254,5814.660684403077,Truck
YD67JCV,Fuso Canter 7C15 HEV Tipper 7.5t,D,2244.5948930899613,12189.14116,15.34,2018-19,5.43044145628441,2244.5948930899613,6015.514313481097,Truck
YD67JCX,Fuso Canter 7C15 HEV Tipper 7.5t,D,2221.513653412463,13251.30556,16.85,2018-19,5.964989474471468,2221.513653412463,5953.656591145402,Truck
YD67JNJ,Fuso Canter 7C15 HEV Tipper 7.5t,D,1720.585313554392,10470.36604,17.19,2018-19,6.085351279891071,1720.585313554392,4611.168640325771,Truck
YD67KGA,Fuso Canter 7C15 HEV Tipper 7.5t,D,2238.8761059413027,11072.2592,13.97,2018-19,4.945454181505426,2238.8761059413027,6000.187963922692,Truck
YD67KGE,Fuso Canter 7C15 HEV Tipper 7.5t,D,1847.1196630952381,10985.35484,16.8,2018-19,5.947289208968586,1847.1196630952381,4950.280697095239,Truck
YD67KGF,Fuso Canter 7C15 HEV Tipper 7.5t,D,1320.25217453505,6533.9204,13.98,2018-19,4.948994234606002,1320.25217453505,3538.275827753934,Truck
YD67KGJ,Fuso Canter 7C15 HEV Tipper 7.5t,D,2223.481329497274,12995.4205,16.51,2018-19,5.844627669051867,2223.481329497274,5958.929963052695,Truck
YD67KGK,Fuso Canter 7C15 HEV Tipper 7.5t,D,1154.0074615384617,5895.01242,14.43,2018-19,5.108296624131945,1154.0074615384617,3092.739996923078,Truck
YD67KGO,Fuso Canter 7C15 HEV Tipper 7.5t,D,2418.044471895425,13096.80892,15.3,2018-19,5.416281243882104,2418.044471895425,6480.359184679739,Truck
YD67KGP,Fuso Canter 7C15 HEV Tipper 7.5t,D,2158.724644023514,11699.9018,15.31,2018-19,5.419821296982682,2158.724644023514,5785.382045983018,Truck
YD67KGX,Fuso Canter 7C15 HEV Tipper 7.5t,D,2641.30641486164,6405.0,6.85,2018-19,2.424936373894929,2641.30641486164,7078.7011918291955,Truck
PE63VRG,Renault Midlum 7.5 Tip Grit Tipper 7.5t,D,1281.937527229204,7583.21008,16.71,2018-19,5.915428731063397,1281.937527229204,3435.592572974267,Truck
PE63VRK,Renault Midlum 7.5 Tip Grit Tipper 7.5t,D,1751.3435776081426,9746.16304,15.72,2018-19,5.564963474106319,1751.3435776081426,4693.6007879898225,Truck
PE63VRJ,Renault Midlum 7.5 Tip Grit Tipper 7.5t,D,1387.2972738496073,8751.59092,17.82,2018-19,6.308374625227393,1387.2972738496073,3717.956693916948,Truck
YH68EBA,Iveco Daily Flatback over 3.5T,G,99.38201233183857,313.8213,8.92,2018-19,3.157727365714273,99.38201233183857,187.8320033071749,Truck
PO14FNE,Renault Midlum 220 dxi Flatback over 7.5t,D,244.10039901477836,526.25418,6.09,2018-19,2.155892338251112,244.10039901477836,654.189069359606,Truck
YJ66VYU,Mercedes Arocs 2635K Tipper over 7.5t,D,1663.033943877551,3461.69034,5.88,2018-19,2.081551223139005,1663.033943877551,4456.930969591837,Truck
PO14FND,Renault Premium Tipper over 7.5t,D,2067.8674867256636,5790.40532,7.91,2018-19,2.800182002556043,2067.8674867256636,5541.884864424779,Truck
YK56CDY,Ford Transit 430 LWB WASH Van 3.5t - 7.5t,D,1507.4957584650115,4728.24092,8.86,2018-19,3.1364870471108137,1507.4957584650115,4040.088632686231,Van
PN07VVX,Renault Midlum 240.18 Tipper 18t Demount,G,331.98772673733805,997.7908,8.49,2018-19,3.0055050823894818,331.98772673733805,627.4568035335689,Truck
PN07VVZ,Renault Midlum 240.18 Tipper 18t Demount,G,600.5021401971522,1940.86404,9.13,2018-19,3.2320684808263804,600.5021401971522,1134.9490449726177,Truck
MF51HKK,Leyland DAF LF 55 Bulk Gritter,G,309.96068181818185,917.3238,8.36,2018-19,2.9594843920819867,309.96068181818185,585.8256886363637,Truck
YT60VHY,Mercedes Econic 4 Axle Bin,D,12244.321908945538,8279.0,1.91,2018-19,0.6761501422101189,12244.321908945538,32814.78271597404,Truck
YF63HWC,Mercedes  Econic 3 Axle Bin,D,15892.237883401753,19522.0,3.47,2018-19,1.228398425900059,15892.237883401753,42591.1975275167,Truck
YF63HWB,Mercedes Econic 3 Axle Bin,D,12014.014451758854,11951.0,2.81,2018-19,0.9947549212620076,12014.014451758854,32197.558730713732,Truck
YF63HWP,Mercedes Econic 3 Axle Bin,D,14013.76974910783,13593.0,2.74,2018-19,0.9699745495579718,14013.76974910783,37556.902927608986,Truck
YF63HWJ,Mercedes Econic 3 Axle Bin,D,11012.487600306218,10253.0,2.63,2018-19,0.9310339654516298,11012.487600306218,29513.46676882067,Truck
YF63HWE,Mercedes Econic 3 Axle Bin,D,11731.472425915135,11753.0,2.83,2018-19,1.0018350274631604,11731.472425915137,31440.346101452564,Truck
YF63HWG,Mercedes Econic 3 Axle Bin,D,12757.942273829967,10478.0,2.32,2018-19,0.821292319333757,12757.942273829967,34191.28529386431,Truck
YF63HWH,Mercedes Econic 3 Axle Bin,D,13156.250536403142,13879.0,2.98,2018-19,1.0549358239718087,13156.250536403142,35258.75143756042,Truck
YF63HWD,Mercedes Econic 3 Axle Bin,D,13249.17351384902,13508.0,2.88,2018-19,1.019535292966043,13249.17351384902,35507.78501711538,Truck
YF63HWR,Mercedes Econic 3 Axle Bin,D,13283.141517886052,14295.0,3.04,2018-19,1.0761761425752678,13283.141517886052,35598.81926793462,Truck
YF63HWA,Mercedes Econic 3 Axle Bin,D,13130.840031798249,14410.0,3.1,2018-19,1.0974164611787272,13130.840031798249,35190.65128521931,Truck
YF63HWM,Mercedes Econic 3 Axle Bin,D,11912.683693882218,11555.0,2.74,2018-19,0.9699745495579718,11912.683693882218,31925.992299604346,Truck
YF63HWN,Mercedes Econic 3 Axle Bin,D,12218.715576254985,11030.0,2.55,2018-19,0.9027135406470175,12218.715576254985,32746.15774436336,Truck
YF63HWS,Mercedes Econic 3 Axle Bin,D,11849.788858338175,13130.0,3.13,2018-19,1.1080366204804566,11849.788858338175,31757.43414034631,Truck
YF63HWO,Mercedes Econic 3 Axle Bin,D,11813.956658303765,9870.0,2.36,2018-19,0.835452531736063,11813.956658303765,31661.40384425409,Truck
YF63HWK,Mercedes  Econic 3 Axle Bin,D,11021.505040579104,14007.0,3.59,2018-19,1.2708790631069773,11021.505040579104,29537.633508752002,Truck
YF63HWL,Mercedes Econic 3 Axle Bin,D,9953.902037913806,11135.0,3.16,2018-19,1.1186567797821863,9953.902037913807,26676.457461609,Truck
VX14LLV,Dennis Eagle Elite 3 Axle Bin,D,9324.888573376942,9342.0,2.83,2018-19,1.0018350274631604,9324.888573376942,24990.701376650206,Truck
VX14LLW,Dennis Eagle Elite 3 Axle Bin,D,9647.739116220468,7787.0,2.28,2018-19,0.8071321069314509,9647.739116220468,25855.940831470856,Truck
YK15GPF,Mercedes Econic 3 Axle Bin,D,12579.286812485845,14918.0,3.35,2018-19,1.1859177886931407,12579.286812485845,33712.48865746207,Truck
YK15GPJ,Mercedes Econic 3 Axle Bin,D,13368.81522533265,8992.0,1.9,2018-19,0.6726100891095423,13368.81522533265,35828.4248038915,Truck
YK15GPU,Mercedes Econic 3 Axle Bin,D,11702.374470111805,7664.0,1.85,2018-19,0.6549098236066597,11702.374470111805,31362.36357989964,Truck
YK15GOP,Mercedes Econic 3 Axle Bin,D,15047.477088932039,11293.0,2.12,2018-19,0.7504912573222263,15047.477088932039,40327.23859833787,Truck
YK15GOU,Mercedes Econic 3 Axle Bin,D,12679.980667730175,9202.0,2.05,2018-19,0.7257108856181905,12679.980667730175,33982.34818951687,Truck
YK15GPE,Mercedes Econic 3 Axle Bin,D,14602.401670897398,12303.0,2.38,2018-19,0.8425326379372163,14602.401670897398,39134.43647800503,Truck
YK15GPV,Mercedes Econic 3 Axle Bin,D,11197.572147588455,26757.0,6.75,2018-19,2.3895358428891638,11197.572147588455,30009.49335553706,Truck
YK15GPO,Mercedes Econic 3 Axle Bin,D,12192.272007318568,8028.0,1.86,2018-19,0.6584498767072363,12192.272007318568,32675.288979613764,Truck
YK15GPX,Mercedes Econic 3 Axle Bin,D,9289.365879707511,10852.0,3.3,2018-19,1.1682175231902578,9289.365879707511,24895.50055761613,Truck
YK15HNZ,Mercedes Econic 2 Axle Bin,D,9399.557483794817,12345.0,3.71,2018-19,1.3133597003138962,9399.557483794817,25190.81405657011,Truck
YK15VVS,Daf LF220 2 Axle Bin,D,9917.724544149027,21206.0,6.04,2018-19,2.1381920727482298,9917.724544149027,26579.501778319394,Truck
YK15VVR,Daf LF220 2 Axle Bin,D,6601.827714077734,15378.0,6.58,2018-19,2.329354940179363,6601.827714077733,17692.898273728326,Truck
YJ65DJF,Mercedes Econic 4 Axle Bin,D,17109.4668164066,17262.0,2.85,2018-19,1.0089151336643134,17109.4668164066,45853.37106796969,Truck
YJ65DJD,Mercedes Econic 4 Axle Bin,D,15757.54453220303,37709.0,6.76,2018-19,2.3930758959897402,15757.54453220303,42230.219346304126,Truck
YJ16ZWD,Mercedes Econic 3 Axle Bin,D,12364.135713831118,7222.0,1.65,2018-19,0.5841087615951289,12364.135713831118,33135.8837130674,Truck
YJ16 ZWB,Mercedes Econic 3 Axle Bin,D,12698.595875972162,9710.0,2.16,2018-19,0.7646514697245325,12698.595875972162,34032.236947605394,Truck
YJ16 ZWK,Mercedes Econic 3 Axle Bin,D,12410.53764334659,9314.0,2.12,2018-19,0.7504912573222262,12410.53764334659,33260.24088416886,Truck
YJ16 ZWL,Mereecdes Econic 3 Axle Bin,D,9999.195603003376,9168.0,2.59,2018-19,0.9168737530493236,9999.195603003376,26797.84421604905,Truck
YJ16 ZWM,Mercedes Econic 3 Axle Bin,D,10099.46194680657,6793.0,1.9,2018-19,0.6726100891095425,10099.46194680657,27066.55801744161,Truck
YJ16 ZWP,Mercedes Econic 3 Axle Bin,D,12675.830138019463,14853.0,3.31,2018-19,1.1717575762908345,12675.830138019463,33971.224769892164,Truck
YJ16 ZWR,Mercedes Econic 3 Axle Bin,D,11384.01002895597,7254.0,1.8,2018-19,0.637209558103777,11384.01002895597,30509.146877602,Truck
YJ16 ZWS,Mercedes Econic 3 Axle Bin,D,10856.282968060314,6764.0,1.76,2018-19,0.6230493457014709,10856.282968060314,29094.838354401643,Truck
YJ16 ZWE,Mercedes Econic 3 Axle Bin,D,11960.895534673758,11136.0,2.63,2018-19,0.9310339654516298,11960.895534673758,32055.200032925673,Truck
YJ16ZWF,Mercedes Econic 3 Axle Bin,D,13795.331739119445,11330.0,2.32,2018-19,0.8212923193337569,13795.331739119447,36971.48906084012,Truck
YJ16ZWG,Mercedes Econic 3 Axle Bin,D,13471.481269130609,15833.0,3.32,2018-19,1.1752976293914108,13471.48126913061,36103.56980127003,Truck
YJ16ZWH,Mercedes Econic 3 Axle Bin,D,15803.90606501216,12588.0,2.25,2018-19,0.7965119476297213,15803.90606501216,42354.46825423259,Truck
VX16ASZ,Dennis Elite 3 Axle Bin,D,11341.7439792953,16020.0,3.99,2018-19,1.4124811871300393,11341.7439792953,30395.873864511403,Truck
VX16 ATF,Dennis Elite 3 Axle Bin,D,11398.09906352807,16261.0,4.03,2018-19,1.4266413995323453,11398.09906352807,30546.90549025523,Truck
VX16 ATK,Dennis Elite 3 Axle Bin,D,9949.745593220016,9651.0,2.74,2018-19,0.9699745495579718,9949.745593220016,26665.318189829643,Truck
VN17DJE,Dennis Dennis Mun RCV 3 Axle Bin,D,10965.650633039093,30783.45552,7.93,2018-19,2.8072621087571954,10965.650633039093,29387.94369654477,Truck
VN17DJF,Dennis Dennis Mun RCV 3 Axle Bin,D,14331.065098404259,38151.01404,7.52,2018-19,2.662119931633557,14331.065098404259,38407.25446372342,Truck
VN17DJJ,Dennis Dennis Mun RCV 3 Axle Bin,D,12615.250010540185,33895.91908,7.59,2018-19,2.6869003033375933,12615.250010540185,33808.8700282477,Truck
YK59HYC,Mercedes Econic 3 Axle Bin,D,10035.53189179219,10125.0,2.85,2018-19,1.0089151336643136,10035.53189179219,26895.22547000307,Truck
YK59HXX,Mercedes Econic 3 Axle Bin,D,11000.568940892135,12890.0,3.31,2018-19,1.1717575762908345,11000.568940892133,29481.524761590925,Truck
YK59HYA,Mercedes Econic 3 Axle Bin,D,10636.832557835014,11786.0,3.13,2018-19,1.1080366204804566,10636.832557835014,28506.71125499784,Truck
YK59HXY,Mercedes Econic 3 Axle Bin,D,9542.498776487493,10641.0,3.15,2018-19,1.1151167266816098,9542.498776487493,25573.896720986482,Truck
YK59HXZ,Mercedes Econic 3 Axle Bin,D,9821.80096791043,11474.0,3.3,2018-19,1.1682175231902578,9821.80096791043,26322.426593999957,Truck
YK59HYF,Mercedes Econic 3 Axle Bin,D,11632.49811429172,12148.0,2.95,2018-19,1.044315664670079,11632.49811429172,31175.09494630181,Truck
YE11YHB,Mercedes Econic 3 Axle Bin,D,8202.3598157129,8682.0,2.99,2018-19,1.0584758770723852,8202.3598157129,21982.324306110575,Truck
VN12LFX,Dennis Elite 3 Axle Bin,D,10225.107890841718,16868.0,4.66,2018-19,1.6496647448686672,10225.107890841718,27403.289147455806,Truck
VU62HOA,Dennis Elite 3 Axle Bin,D,7921.883189483274,8946.0,3.19,2018-19,1.129276939083916,7921.883189483274,21230.646947815174,Truck
VU62HOH,Dennis Elite 3 Axle Bin,D,7925.709483810555,8305.0,2.96,2018-19,1.0478557177706553,7925.709483810556,21240.901416612287,Truck
VU62HPA,Dennis Elite 3 Axle Bin,D,7691.474521609236,9067.0,3.33,2018-19,1.1788376824919875,7691.474521609236,20613.151717912755,Truck
VU62HPC,Dennis Elite 3 Axle Bin,D,10042.278969607287,8852.0,2.49,2018-19,0.8814732220435583,10042.278969607287,26913.30763854753,Truck
VO13UWD,Dennis Elite 3 Axle Bin,D,3252.3750124082767,4663.0,4.05,2018-19,1.4337215057334984,3252.3750124082767,8716.365033254182,Truck
YJ13MTX,Mercedes Econic Low Entry 3 Axle Bin,G,10123.792730769233,15840.733619999999,4.42,2018-19,1.56470347045483,10123.792730769233,19133.968261153852,Truck
YJ13MTV,Mercedes Econic Low Entry 3 Axle Bin,G,8470.21967931689,15802.10946,5.27,2018-19,1.865607984003836,8470.21967931689,16008.71519390892,Truck
YF62EAX,Mercedes Econic Low Entry 3 Axle Bin,G,9302.273454308095,12612.39758,3.83,2018-19,1.3558403375208146,9302.273454308095,17581.2968286423,Truck
YF62EAY,Mercedes Econic Low Entry 3 Axle Bin,G,7931.897447735192,16117.5401,5.74,2018-19,2.0319904797309336,7931.897447735192,14991.286176219512,Truck
PO13AYP,Renault Kerax Hookloader,D,12062.12260536328,23101.0,5.41,2018-19,1.915168727411908,12062.12260536328,32326.488582373593,Truck
PO13AYS,Renault Kerax Hookloader,D,13257.982558653484,24875.0,5.3,2018-19,1.8762281433055656,13257.982558653484,35531.39325719134,Truck
PO13AYU,Renault Kerax Hookloader,D,10986.874078449408,19836.0,5.1,2018-19,1.8054270812940345,10986.874078449408,29444.822530244415,Truck
PO13AYT,Renault Kerax Hookloader,D,12706.775204081436,23346.0,5.19,2018-19,1.8372875591992237,12706.775204081436,34054.15754693825,Truck
PO13AYV,Renault Kerax Hookloader,D,9912.588345975912,17721.0,5.05,2018-19,1.7877268157911521,9912.588345975912,26565.736767215443,Truck
YE16YPP,Mercedes Arocs Hookloader,D,15326.33216031841,29244.0,5.39,2018-19,1.9080886212107544,15326.33216031841,41074.57018965334,Truck
YE16YPR,Mercedes Arocs Hookloader,D,13016.840317970804,24100.0,5.23,2018-19,1.8514477716015303,13016.840317970804,34885.13205216176,Truck
YE16YPT,Mercedes Arocs Hookloader,D,11084.667083419918,20248.0,5.16,2018-19,1.826667399897494,11084.667083419918,29706.90778356538,Truck
